id,llm_expected,llm_argmax,p0,p1,p2,p3,p4,p5,p6,p7,p8,p9
CleanHouse/0,5.926228853553965,5,0.0000,0.0000,0.0000,0.0005,0.0365,0.3464,0.2698,0.3464,0.0004,0.0000
CleanHouse/1,6.314623588069784,7,0.0000,0.0000,0.0000,0.0001,0.0126,0.1972,0.2533,0.5362,0.0006,0.0000
CleanHouse/2,6.140764757705111,7,0.0000,0.0000,0.0000,0.0002,0.0172,0.2691,0.2691,0.4437,0.0007,0.0000
CleanHouse/3,6.038594712903682,7,0.0000,0.0000,0.0000,0.0003,0.0261,0.3177,0.2474,0.4079,0.0007,0.0000
CleanHouse/4,6.038316719106062,7,0.0000,0.0000,0.0000,0.0003,0.0261,0.3177,0.2474,0.4079,0.0006,0.0000
CleanHouse/5,6.47007757671151,7,0.0000,0.0000,0.0000,0.0001,0.0078,0.1390,0.2291,0.6229,0.0011,0.0000
CleanHouse/6,6.022785437984484,7,0.0000,0.0000,0.0000,0.0004,0.0332,0.3154,0.2456,0.4049,0.0005,0.0000
CleanHouse/7,5.926340703607734,5,0.0000,0.0000,0.0000,0.0005,0.0365,0.3464,0.2698,0.3464,0.0005,0.0000
CleanHouse/8,6.467962641793058,7,0.0000,0.0000,0.0000,0.0001,0.0089,0.1388,0.2288,0.6220,0.0014,0.0000
CleanHouse/9,6.138738935842691,7,0.0000,0.0000,0.0000,0.0003,0.0234,0.2846,0.2217,0.4693,0.0008,0.0000
CleanHouse/10,6.213543940635904,7,0.0000,0.0000,0.0000,0.0003,0.0183,0.2228,0.2860,0.4716,0.0010,0.0000
CleanHouse/11,6.237600885009027,7,0.0000,0.0000,0.0000,0.0002,0.0153,0.2389,0.2389,0.5057,0.0010,0.0000
CleanHouse/12,5.825753758265486,5,0.0000,0.0000,0.0000,0.0006,0.0423,0.4011,0.2433,0.3124,0.0004,0.0000
CleanHouse/13,6.021541260530975,7,0.0000,0.0000,0.0000,0.0004,0.0311,0.2947,0.2947,0.3784,0.0006,0.0000
CleanHouse/14,6.022910124514763,7,0.0000,0.0000,0.0000,0.0004,0.0332,0.3153,0.2456,0.4049,0.0005,0.0000
CleanHouse/15,6.227641005699234,7,0.0000,0.0000,0.0000,0.0002,0.0195,0.2379,0.2379,0.5036,0.0009,0.0000
CleanHouse/16,5.926228895092145,5,0.0000,0.0000,0.0000,0.0005,0.0365,0.3464,0.2698,0.3464,0.0004,0.0000
CleanHouse/17,5.926677840420942,5,0.0000,0.0000,0.0000,0.0004,0.0365,0.3464,0.2698,0.3464,0.0005,0.0000
CleanHouse/18,6.213642156618466,7,0.0000,0.0000,0.0000,0.0002,0.0183,0.2228,0.2861,0.4716,0.0010,0.0000
CleanHouse/19,5.853398431369254,5,0.0000,0.0000,0.0000,0.0004,0.0311,0.3785,0.2948,0.2948,0.0003,0.0000
CleanHouse/20,6.232521803620931,7,0.0000,0.0000,0.0000,0.0002,0.0173,0.2385,0.2385,0.5049,0.0007,0.0000
CleanHouse/21,5.926138228061496,5,0.0000,0.0000,0.0000,0.0006,0.0365,0.3464,0.2697,0.3464,0.0005,0.0000
CleanHouse/22,6.021212682343557,7,0.0000,0.0000,0.0000,0.0005,0.0311,0.2947,0.2947,0.3784,0.0006,0.0000
CleanHouse/23,6.409007628323551,7,0.0000,0.0000,0.0000,0.0001,0.0097,0.1713,0.2200,0.5979,0.0010,0.0000
CleanHouse/24,6.0230514538345465,7,0.0000,0.0000,0.0000,0.0004,0.0332,0.3153,0.2456,0.4049,0.0006,0.0000
CleanHouse/25,6.237218932203737,7,0.0000,0.0000,0.0000,0.0002,0.0153,0.2390,0.2390,0.5059,0.0007,0.0000
CleanHouse/26,6.237913248602801,7,0.0000,0.0000,0.0000,0.0002,0.0153,0.2389,0.2389,0.5057,0.0011,0.0000
CleanHouse/27,5.906260407717996,5,0.0000,0.0000,0.0000,0.0006,0.0464,0.3428,0.2670,0.3428,0.0004,0.0000
CleanHouse/28,6.30653396913685,7,0.0000,0.0000,0.0000,0.0002,0.0161,0.1965,0.2523,0.5340,0.0009,0.0000
CleanHouse/29,6.038316703290184,7,0.0000,0.0000,0.0000,0.0003,0.0261,0.3177,0.2474,0.4079,0.0006,0.0000
CleanHouse/30,6.130690274788238,7,0.0000,0.0000,0.0000,0.0002,0.0220,0.2678,0.2678,0.4415,0.0008,0.0000
CleanHouse/31,6.03804293837678,7,0.0000,0.0000,0.0000,0.0004,0.0261,0.3177,0.2474,0.4079,0.0005,0.0000
CleanHouse/32,6.140619131342321,7,0.0000,0.0000,0.0000,0.0002,0.0172,0.2691,0.2691,0.4437,0.0006,0.0000
CleanHouse/33,5.738202187765702,5,0.0000,0.0000,0.0000,0.0006,0.0454,0.4309,0.2614,0.2614,0.0003,0.0000
CleanHouse/34,5.61463103289443,5,0.0000,0.0000,0.0000,0.0008,0.0650,0.4802,0.2269,0.2269,0.0002,0.0000
CleanHouse/35,6.1302099438500095,7,0.0000,0.0000,0.0000,0.0002,0.0220,0.2678,0.2678,0.4416,0.0006,0.0000
CleanHouse/36,6.130419565115355,7,0.0000,0.0000,0.0000,0.0003,0.0220,0.2678,0.2678,0.4415,0.0008,0.0000
CleanHouse/37,5.7157442182934926,5,0.0000,0.0000,0.0000,0.0008,0.0576,0.4253,0.2580,0.2580,0.0003,0.0000
CleanHouse/38,6.333333435542529,7,0.0000,0.0000,0.0000,0.0001,0.0134,0.2089,0.2089,0.5679,0.0008,0.0000
CleanHouse/39,6.468154795020786,7,0.0000,0.0000,0.0000,0.0001,0.0089,0.1388,0.2288,0.6219,0.0015,0.0000
CleanHouse/40,6.237376739002716,7,0.0000,0.0000,0.0000,0.0002,0.0153,0.2390,0.2390,0.5059,0.0008,0.0000
CleanHouse/41,6.130491037845992,7,0.0000,0.0000,0.0000,0.0003,0.0220,0.2677,0.2677,0.4414,0.0009,0.0000
CleanHouse/42,6.11708840096715,7,0.0000,0.0000,0.0000,0.0003,0.0280,0.2661,0.2661,0.4387,0.0007,0.0000
CleanHouse/43,6.136122575208246,7,0.0000,0.0000,0.0000,0.0003,0.0194,0.2684,0.2684,0.4426,0.0009,0.0000
CleanHouse/44,6.116646815506418,7,0.0000,0.0000,0.0000,0.0004,0.0280,0.2661,0.2661,0.4388,0.0006,0.0000
CleanHouse/45,6.412249671143296,7,0.0000,0.0000,0.0000,0.0001,0.0085,0.1715,0.2202,0.5984,0.0013,0.0000
CleanHouse/46,6.315144680142862,7,0.0000,0.0000,0.0000,0.0002,0.0126,0.1971,0.2531,0.5359,0.0010,0.0000
CleanHouse/47,6.038175262480799,7,0.0000,0.0000,0.0000,0.0003,0.0261,0.3177,0.2474,0.4079,0.0005,0.0000
CleanHouse/48,6.4649135517347895,7,0.0000,0.0000,0.0000,0.0001,0.0100,0.1386,0.2286,0.6213,0.0014,0.0000
CleanHouse/49,6.023051443125069,7,0.0000,0.0000,0.0000,0.0004,0.0332,0.3153,0.2456,0.4049,0.0006,0.0000
CleanHouse/50,6.0385947063599374,7,0.0000,0.0000,0.0000,0.0003,0.0261,0.3177,0.2474,0.4079,0.0007,0.0000
CleanHouse/51,6.237481626186601,7,0.0000,0.0000,0.0000,0.0002,0.0153,0.2389,0.2389,0.5058,0.0009,0.0000
CleanHouse/52,6.31514457060417,7,0.0000,0.0000,0.0000,0.0002,0.0126,0.1971,0.2531,0.5359,0.0010,0.0000
CleanHouse/53,5.825554436244753,5,0.0000,0.0000,0.0000,0.0006,0.0423,0.4011,0.2433,0.3124,0.0003,0.0000
CleanHouse/54,5.942155564445672,5,0.0000,0.0000,0.0000,0.0004,0.0287,0.3493,0.2720,0.3493,0.0004,0.0000
CleanHouse/55,6.306534013437526,7,0.0000,0.0000,0.0000,0.0002,0.0161,0.1965,0.2523,0.5340,0.0009,0.0000
CleanHouse/56,6.409007691121117,7,0.0000,0.0000,0.0000,0.0001,0.0097,0.1713,0.2200,0.5979,0.0010,0.0000
CleanHouse/57,6.237303428632372,7,0.0000,0.0000,0.0000,0.0002,0.0153,0.2390,0.2390,0.5059,0.0008,0.0000
CleanHouse/58,6.1304196034561595,7,0.0000,0.0000,0.0000,0.0003,0.0220,0.2678,0.2678,0.4415,0.0008,0.0000
CleanHouse/59,6.130209966460822,7,0.0000,0.0000,0.0000,0.0002,0.0220,0.2678,0.2678,0.4416,0.0006,0.0000
CleanHouse/60,6.038050546680037,7,0.0000,0.0000,0.0000,0.0003,0.0261,0.3177,0.2474,0.4080,0.0005,0.0000
CleanHouse/61,6.130299991603343,7,0.0000,0.0000,0.0000,0.0002,0.0220,0.2678,0.2678,0.4416,0.0006,0.0000
CleanHouse/62,5.540206017821127,5,0.0000,0.0000,0.0000,0.0013,0.0684,0.5055,0.2388,0.1860,0.0001,0.0000
CleanHouse/63,6.215071236463452,7,0.0000,0.0000,0.0000,0.0003,0.0249,0.2366,0.2366,0.5009,0.0008,0.0000
CleanHouse/64,6.213065976184522,7,0.0000,0.0000,0.0000,0.0002,0.0183,0.2228,0.2861,0.4718,0.0007,0.0000
CleanHouse/65,6.130209966460822,7,0.0000,0.0000,0.0000,0.0002,0.0220,0.2678,0.2678,0.4416,0.0006,0.0000
CleanHouse/66,5.942332381840481,5,0.0000,0.0000,0.0000,0.0005,0.0287,0.3492,0.2720,0.3492,0.0005,0.0000
CleanHouse/67,6.310810971359251,7,0.0000,0.0000,0.0000,0.0002,0.0143,0.1969,0.2528,0.5351,0.0008,0.0000
CleanHouse/68,6.227199390379274,7,0.0000,0.0000,0.0000,0.0003,0.0195,0.2379,0.2379,0.5037,0.0007,0.0000
CleanHouse/69,6.12999252611212,7,0.0000,0.0000,0.0000,0.0003,0.0220,0.2678,0.2678,0.4415,0.0006,0.0000
CleanHouse/70,6.237376766514643,7,0.0000,0.0000,0.0000,0.0002,0.0153,0.2390,0.2390,0.5059,0.0008,0.0000
CleanHouse/71,6.406206168179171,7,0.0000,0.0000,0.0000,0.0002,0.0109,0.1710,0.2196,0.5970,0.0013,0.0000
CleanHouse/72,6.130491084204008,7,0.0000,0.0000,0.0000,0.0003,0.0220,0.2677,0.2677,0.4414,0.0009,0.0000
CleanHouse/73,5.9387069196506586,5,0.0000,0.0000,0.0000,0.0004,0.0305,0.3716,0.2254,0.3716,0.0004,0.0000
CleanHouse/74,5.926408378361577,5,0.0000,0.0000,0.0000,0.0005,0.0365,0.3464,0.2698,0.3464,0.0004,0.0000
CleanHouse/75,6.227199355474313,7,0.0000,0.0000,0.0000,0.0003,0.0195,0.2379,0.2379,0.5037,0.0007,0.0000
CleanHouse/76,6.310731634609485,7,0.0000,0.0000,0.0000,0.0002,0.0143,0.1969,0.2528,0.5351,0.0008,0.0000
CleanHouse/77,6.473129392023335,7,0.0000,0.0000,0.0000,0.0001,0.0069,0.1390,0.2292,0.6232,0.0015,0.0000
CleanHouse/78,6.3789718889993825,7,0.0000,0.0000,0.0000,0.0001,0.0116,0.1608,0.2651,0.5612,0.0011,0.0000
CleanHouse/79,5.825953769124524,5,0.0000,0.0000,0.0000,0.0005,0.0423,0.4011,0.2433,0.3124,0.0004,0.0000
CleanHouse/80,6.116776305520493,7,0.0000,0.0000,0.0000,0.0003,0.0281,0.2661,0.2661,0.4388,0.0006,0.0000
CleanHouse/81,6.140709989687527,7,0.0000,0.0000,0.0000,0.0002,0.0172,0.2691,0.2691,0.4437,0.0006,0.0000
CleanHouse/82,5.942395895440556,5,0.0000,0.0000,0.0000,0.0004,0.0287,0.3493,0.2720,0.3493,0.0004,0.0000
CleanHouse/83,5.8434235117210624,5,0.0000,0.0000,0.0000,0.0004,0.0332,0.4050,0.2456,0.3154,0.0004,0.0000
CleanHouse/84,5.926407818988342,5,0.0000,0.0000,0.0000,0.0005,0.0365,0.3464,0.2698,0.3464,0.0004,0.0000
CleanHouse/85,6.227641046823217,7,0.0000,0.0000,0.0000,0.0002,0.0195,0.2379,0.2379,0.5036,0.0009,0.0000
CleanHouse/86,6.409745134227061,7,0.0000,0.0000,0.0000,0.0001,0.0097,0.1712,0.2199,0.5977,0.0015,0.0000
CleanHouse/87,6.130304371652186,7,0.0000,0.0000,0.0000,0.0003,0.0220,0.2678,0.2678,0.4415,0.0008,0.0000
CleanHouse/88,6.310386302474923,7,0.0000,0.0000,0.0000,0.0002,0.0143,0.1969,0.2528,0.5353,0.0006,0.0000
CleanHouse/89,6.130107883231897,7,0.0000,0.0000,0.0000,0.0003,0.0220,0.2678,0.2678,0.4415,0.0006,0.0000
CleanHouse/90,6.130703263591761,7,0.0000,0.0000,0.0000,0.0003,0.0220,0.2677,0.2677,0.4414,0.0010,0.0000
CleanHouse/91,6.038033837776283,7,0.0000,0.0000,0.0000,0.0004,0.0261,0.3176,0.2474,0.4079,0.0006,0.0000
CleanHouse/92,6.038434076075646,7,0.0000,0.0000,0.0000,0.0003,0.0261,0.3177,0.2474,0.4079,0.0006,0.0000
CleanHouse/93,6.004048932437188,7,0.0000,0.0000,0.0000,0.0005,0.0395,0.2921,0.2921,0.3750,0.0008,0.0000
CleanHouse/94,5.926520242135349,5,0.0000,0.0000,0.0000,0.0005,0.0365,0.3464,0.2698,0.3464,0.0005,0.0000
CleanHouse/95,6.130521293448821,7,0.0000,0.0000,0.0000,0.0002,0.0220,0.2678,0.2678,0.4415,0.0008,0.0000
CleanHouse/96,6.46722434807772,7,0.0000,0.0000,0.0000,0.0001,0.0089,0.1389,0.2289,0.6223,0.0009,0.0000
CleanHouse/97,6.116812552580793,7,0.0000,0.0000,0.0000,0.0004,0.0280,0.2661,0.2661,0.4387,0.0007,0.0000
CleanHouse/98,5.715018754437615,5,0.0000,0.0000,0.0000,0.0011,0.0576,0.4252,0.2579,0.2579,0.0003,0.0000
CleanHouse/99,6.0218378794316925,7,0.0000,0.0000,0.0000,0.0003,0.0311,0.2947,0.2947,0.3785,0.0006,0.0000
CleanHouse/100,6.2326792338874855,7,0.0000,0.0000,0.0000,0.0002,0.0173,0.2385,0.2385,0.5048,0.0008,0.0000
CleanHouse/101,6.382026292179686,7,0.0000,0.0000,0.0000,0.0001,0.0103,0.1610,0.2655,0.5621,0.0010,0.0000
CleanHouse/102,6.023200053817774,7,0.0000,0.0000,0.0000,0.0004,0.0332,0.3153,0.2456,0.4049,0.0006,0.0000
CleanHouse/103,6.0381841597881065,7,0.0000,0.0000,0.0000,0.0004,0.0261,0.3177,0.2474,0.4079,0.0006,0.0000
CleanHouse/104,6.2223911326689985,7,0.0000,0.0000,0.0000,0.0002,0.0143,0.2237,0.2873,0.4737,0.0008,0.0000
CleanHouse/105,6.022785450037929,7,0.0000,0.0000,0.0000,0.0004,0.0332,0.3154,0.2456,0.4049,0.0005,0.0000
CleanHouse/106,5.837369069171402,5,0.0000,0.0000,0.0000,0.0004,0.0395,0.3752,0.2922,0.2922,0.0004,0.0000
CleanHouse/107,5.657704304054087,5,0.0000,0.0000,0.0000,0.0006,0.0405,0.4930,0.2329,0.2329,0.0002,0.0000
CleanHouse/108,6.038042954758804,7,0.0000,0.0000,0.0000,0.0004,0.0261,0.3177,0.2474,0.4079,0.0005,0.0000
CleanHouse/109,6.140930464203712,7,0.0000,0.0000,0.0000,0.0002,0.0172,0.2691,0.2691,0.4436,0.0008,0.0000
CleanHouse/110,5.540629171471924,5,0.0000,0.0000,0.0000,0.0011,0.0684,0.5055,0.2388,0.1860,0.0002,0.0000
CleanHouse/111,6.552925530848647,7,0.0000,0.0000,0.0000,0.0001,0.0059,0.1181,0.1947,0.6796,0.0017,0.0000
CleanHouse/112,6.2330604467342425,7,0.0000,0.0000,0.0000,0.0002,0.0173,0.2384,0.2384,0.5047,0.0010,0.0000
CleanHouse/113,5.843171694446482,5,0.0000,0.0000,0.0000,0.0005,0.0332,0.4050,0.2456,0.3154,0.0003,0.0000
CleanHouse/114,5.942093919291475,5,0.0000,0.0000,0.0000,0.0005,0.0287,0.3492,0.2720,0.3492,0.0004,0.0000
CleanHouse/115,5.825953731139276,5,0.0000,0.0000,0.0000,0.0005,0.0423,0.4011,0.2433,0.3124,0.0004,0.0000
CleanHouse/116,6.40211903278515,7,0.0000,0.0000,0.0000,0.0001,0.0124,0.1709,0.2194,0.5963,0.0009,0.0000
CleanHouse/117,6.227199334327426,7,0.0000,0.0000,0.0000,0.0003,0.0195,0.2379,0.2379,0.5037,0.0007,0.0000
CleanHouse/118,6.227397745352089,7,0.0000,0.0000,0.0000,0.0002,0.0195,0.2379,0.2379,0.5037,0.0007,0.0000
CleanHouse/119,5.94225408539188,5,0.0000,0.0000,0.0000,0.0004,0.0287,0.3493,0.2720,0.3493,0.0004,0.0000
CleanHouse/120,6.13013849574505,7,0.0000,0.0000,0.0000,0.0003,0.0220,0.2678,0.2678,0.4415,0.0007,0.0000
CleanHouse/121,6.02291010175404,7,0.0000,0.0000,0.0000,0.0004,0.0332,0.3153,0.2456,0.4049,0.0005,0.0000
CleanHouse/122,6.021560697898647,7,0.0000,0.0000,0.0000,0.0003,0.0311,0.2948,0.2948,0.3785,0.0004,0.0000
CleanHouse/123,6.0229101473574,7,0.0000,0.0000,0.0000,0.0004,0.0332,0.3153,0.2456,0.4049,0.0005,0.0000
CleanHouse/124,6.306444170123959,7,0.0000,0.0000,0.0000,0.0002,0.0161,0.1965,0.2523,0.5340,0.0009,0.0000
CleanHouse/125,5.942395865337802,5,0.0000,0.0000,0.0000,0.0004,0.0287,0.3493,0.2720,0.3493,0.0004,0.0000
CleanHouse/126,5.9426343939019395,5,0.0000,0.0000,0.0000,0.0004,0.0287,0.3492,0.2720,0.3492,0.0005,0.0000
CleanHouse/127,6.237398979020897,7,0.0000,0.0000,0.0000,0.0002,0.0153,0.2389,0.2389,0.5058,0.0009,0.0000
CleanHouse/128,6.03805051633048,7,0.0000,0.0000,0.0000,0.0003,0.0261,0.3177,0.2474,0.4080,0.0005,0.0000
CleanHouse/129,6.038175255066083,7,0.0000,0.0000,0.0000,0.0003,0.0261,0.3177,0.2474,0.4079,0.0005,0.0000
CleanHouse/130,6.038316689662606,7,0.0000,0.0000,0.0000,0.0003,0.0261,0.3177,0.2474,0.4079,0.0006,0.0000
CleanHouse/131,6.5477732054226125,7,0.0000,0.0000,0.0000,0.0001,0.0075,0.1180,0.1945,0.6788,0.0012,0.0000
CleanHouse/132,6.39844098671507,7,0.0000,0.0000,0.0000,0.0002,0.0140,0.1705,0.2190,0.5952,0.0011,0.0000
CleanHouse/133,6.130355715264298,7,0.0000,0.0000,0.0000,0.0002,0.0220,0.2678,0.2678,0.4415,0.0007,0.0000
CleanHouse/134,5.65743344241454,5,0.0000,0.0000,0.0000,0.0007,0.0405,0.4930,0.2329,0.2329,0.0002,0.0000
CleanHouse/135,6.315001736132769,7,0.0000,0.0000,0.0000,0.0001,0.0126,0.1972,0.2532,0.5360,0.0009,0.0000
CleanHouse/136,6.310880424782121,7,0.0000,0.0000,0.0000,0.0002,0.0143,0.1969,0.2528,0.5351,0.0008,0.0000
CleanHouse/137,6.022741342382112,7,0.0000,0.0000,0.0000,0.0005,0.0332,0.3153,0.2456,0.4049,0.0005,0.0000
CleanHouse/138,6.130209950099738,7,0.0000,0.0000,0.0000,0.0002,0.0220,0.2678,0.2678,0.4416,0.0006,0.0000
CleanHouse/139,5.8370152158894975,5,0.0000,0.0000,0.0000,0.0006,0.0395,0.3752,0.2922,0.2922,0.0004,0.0000
CleanHouse/140,6.406024035180733,7,0.0000,0.0000,0.0000,0.0001,0.0109,0.1711,0.2196,0.5971,0.0012,0.0000
CleanHouse/141,6.130304371653002,7,0.0000,0.0000,0.0000,0.0003,0.0220,0.2678,0.2678,0.4415,0.0008,0.0000
CleanHouse/142,5.715914109807304,5,0.0000,0.0000,0.0000,0.0007,0.0576,0.4254,0.2580,0.2580,0.0003,0.0000
CleanHouse/143,6.130304311747387,7,0.0000,0.0000,0.0000,0.0003,0.0220,0.2678,0.2678,0.4415,0.0008,0.0000
CleanHouse/144,6.149849266532631,7,0.0000,0.0000,0.0000,0.0003,0.0183,0.2861,0.2228,0.4717,0.0008,0.0000
CleanHouse/145,6.038042895126965,7,0.0000,0.0000,0.0000,0.0004,0.0261,0.3177,0.2474,0.4079,0.0005,0.0000
CleanHouse/146,6.49789520993141,7,0.0000,0.0000,0.0000,0.0001,0.0073,0.1465,0.1881,0.6567,0.0013,0.0000
CleanHouse/147,6.406372547530356,7,0.0000,0.0000,0.0000,0.0001,0.0109,0.1710,0.2196,0.5970,0.0013,0.0000
CleanHouse/148,6.3111229713094135,7,0.0000,0.0000,0.0000,0.0001,0.0143,0.1968,0.2528,0.5351,0.0009,0.0000
CleanHouse/149,6.023051453834051,7,0.0000,0.0000,0.0000,0.0004,0.0332,0.3153,0.2456,0.4049,0.0006,0.0000
CleanHouse/150,6.519839107578974,7,0.0000,0.0000,0.0000,0.0001,0.0071,0.1117,0.2365,0.6429,0.0016,0.0000
CleanHouse/151,5.942366182550547,5,0.0000,0.0000,0.0000,0.0004,0.0287,0.3492,0.2720,0.3492,0.0005,0.0000
CleanHouse/152,6.140660818561335,7,0.0000,0.0000,0.0000,0.0002,0.0172,0.2692,0.2692,0.4438,0.0005,0.0000
CleanHouse/153,6.037721613892454,7,0.0000,0.0000,0.0000,0.0005,0.0261,0.3177,0.2474,0.4079,0.0005,0.0000
CleanHouse/154,5.926408378361577,5,0.0000,0.0000,0.0000,0.0005,0.0365,0.3464,0.2698,0.3464,0.0004,0.0000
CleanHouse/155,6.038050532148843,7,0.0000,0.0000,0.0000,0.0003,0.0261,0.3177,0.2474,0.4080,0.0005,0.0000
CleanHouse/156,6.306738785820654,7,0.0000,0.0000,0.0000,0.0002,0.0161,0.1964,0.2522,0.5340,0.0010,0.0000
CleanHouse/157,5.715499273178392,5,0.0000,0.0000,0.0000,0.0008,0.0576,0.4254,0.2580,0.2580,0.0002,0.0000
CleanHouse/158,6.13013849574505,7,0.0000,0.0000,0.0000,0.0003,0.0220,0.2678,0.2678,0.4415,0.0007,0.0000
CleanHouse/159,5.843370646832132,5,0.0000,0.0000,0.0000,0.0005,0.0332,0.4049,0.2456,0.3154,0.0004,0.0000
CleanHouse/160,5.926340703607734,5,0.0000,0.0000,0.0000,0.0005,0.0365,0.3464,0.2698,0.3464,0.0005,0.0000
CleanHouse/161,5.843084966348251,5,0.0000,0.0000,0.0000,0.0005,0.0332,0.4049,0.2456,0.3153,0.0004,0.0000
CleanHouse/162,6.116792669158196,7,0.0000,0.0000,0.0000,0.0004,0.0280,0.2661,0.2661,0.4387,0.0007,0.0000
CleanHouse/163,6.038316689662606,7,0.0000,0.0000,0.0000,0.0003,0.0261,0.3177,0.2474,0.4079,0.0006,0.0000
CleanHouse/164,6.116647409808364,7,0.0000,0.0000,0.0000,0.0003,0.0281,0.2662,0.2662,0.4388,0.0005,0.0000
CleanHouse/165,6.378862439009742,7,0.0000,0.0000,0.0000,0.0001,0.0116,0.1608,0.2651,0.5612,0.0011,0.0000
CleanHouse/166,6.314759022295376,7,0.0000,0.0000,0.0000,0.0002,0.0126,0.1972,0.2532,0.5360,0.0008,0.0000
CleanHouse/167,6.237303480508871,7,0.0000,0.0000,0.0000,0.0002,0.0153,0.2390,0.2390,0.5059,0.0008,0.0000
CleanHouse/168,6.237145685089098,7,0.0000,0.0000,0.0000,0.0002,0.0153,0.2390,0.2390,0.5059,0.0007,0.0000
CleanHouse/169,6.227936861251735,7,0.0000,0.0000,0.0000,0.0002,0.0195,0.2379,0.2379,0.5036,0.0010,0.0000
CleanHouse/170,6.038434110748862,7,0.0000,0.0000,0.0000,0.0003,0.0261,0.3177,0.2474,0.4079,0.0006,0.0000
CleanHouse/171,6.130138463878478,7,0.0000,0.0000,0.0000,0.0003,0.0220,0.2678,0.2678,0.4415,0.0007,0.0000
CleanHouse/172,6.306272244311885,7,0.0000,0.0000,0.0000,0.0002,0.0161,0.1965,0.2523,0.5342,0.0007,0.0000
CleanHouse/173,6.130209919026601,7,0.0000,0.0000,0.0000,0.0002,0.0220,0.2678,0.2678,0.4416,0.0006,0.0000
CleanHouse/174,6.140764773014311,7,0.0000,0.0000,0.0000,0.0002,0.0172,0.2691,0.2691,0.4437,0.0007,0.0000
CleanHouse/175,5.942507413359189,5,0.0000,0.0000,0.0000,0.0004,0.0287,0.3493,0.2720,0.3493,0.0005,0.0000
CleanHouse/176,5.836916339713024,5,0.0000,0.0000,0.0000,0.0006,0.0395,0.3752,0.2922,0.2922,0.0003,0.0000
CleanHouse/177,5.738140234608176,5,0.0000,0.0000,0.0000,0.0007,0.0454,0.4309,0.2613,0.2613,0.0003,0.0000
CleanHouse/178,5.843171683736408,5,0.0000,0.0000,0.0000,0.0005,0.0332,0.4050,0.2456,0.3154,0.0003,0.0000
CleanHouse/179,6.398440990695471,7,0.0000,0.0000,0.0000,0.0002,0.0140,0.1705,0.2190,0.5952,0.0011,0.0000
CleanHouse/180,5.83731488656569,5,0.0000,0.0000,0.0000,0.0005,0.0395,0.3752,0.2922,0.2922,0.0004,0.0000
CleanHouse/181,6.130253630305056,7,0.0000,0.0000,0.0000,0.0003,0.0220,0.2678,0.2678,0.4415,0.0007,0.0000
CleanHouse/182,6.038175236495481,7,0.0000,0.0000,0.0000,0.0003,0.0261,0.3177,0.2474,0.4079,0.0005,0.0000
CleanHouse/183,6.130107848856138,7,0.0000,0.0000,0.0000,0.0003,0.0220,0.2678,0.2678,0.4415,0.0006,0.0000
CleanHouse/184,6.227734281479807,7,0.0000,0.0000,0.0000,0.0002,0.0195,0.2379,0.2379,0.5036,0.0009,0.0000
CleanHouse/185,6.237146164222257,7,0.0000,0.0000,0.0000,0.0002,0.0153,0.2390,0.2390,0.5059,0.0007,0.0000
CleanHouse/186,6.310731562016775,7,0.0000,0.0000,0.0000,0.0002,0.0143,0.1969,0.2528,0.5351,0.0008,0.0000
CleanHouse/187,6.467677459896855,7,0.0000,0.0000,0.0000,0.0001,0.0089,0.1388,0.2289,0.6221,0.0012,0.0000
CleanHouse/188,6.130355715265751,7,0.0000,0.0000,0.0000,0.0002,0.0220,0.2678,0.2678,0.4415,0.0007,0.0000
CleanHouse/189,6.402463180520206,7,0.0000,0.0000,0.0000,0.0002,0.0124,0.1708,0.2193,0.5962,0.0012,0.0000
CleanHouse/190,6.130818736635974,7,0.0000,0.0000,0.0000,0.0003,0.0220,0.2677,0.2677,0.4414,0.0010,0.0000
CleanHouse/191,6.130209966461384,7,0.0000,0.0000,0.0000,0.0002,0.0220,0.2678,0.2678,0.4416,0.0006,0.0000
CleanHouse/192,5.825847980371771,5,0.0000,0.0000,0.0000,0.0005,0.0423,0.4011,0.2433,0.3124,0.0004,0.0000
CleanHouse/193,6.405672238731111,7,0.0000,0.0000,0.0000,0.0001,0.0109,0.1711,0.2197,0.5972,0.0009,0.0000
CleanHouse/194,6.021548765846115,7,0.0000,0.0000,0.0000,0.0004,0.0311,0.2948,0.2948,0.3785,0.0006,0.0000
CleanHouse/195,6.5983969963555476,7,0.0000,0.0000,0.0000,0.0001,0.0047,0.0945,0.2001,0.6986,0.0020,0.0000
CleanHouse/196,6.315144570605496,7,0.0000,0.0000,0.0000,0.0002,0.0126,0.1971,0.2531,0.5359,0.0010,0.0000
CleanHouse/197,5.614279899154803,5,0.0000,0.0000,0.0000,0.0009,0.0650,0.4802,0.2268,0.2268,0.0002,0.0000
CleanHouse/198,6.237440635978596,7,0.0000,0.0000,0.0000,0.0001,0.0153,0.2390,0.2390,0.5059,0.0008,0.0000
CleanHouse/199,6.311197027774622,7,0.0000,0.0000,0.0000,0.0002,0.0143,0.1968,0.2527,0.5350,0.0010,0.0000
DoorKey/0,3.5961608094289392,4,0.0000,0.0000,0.0111,0.4176,0.5362,0.0343,0.0008,0.0000,0.0000,0.0000
DoorKey/1,3.762722822988769,4,0.0000,0.0000,0.0048,0.2975,0.6297,0.0664,0.0016,0.0001,0.0000,0.0000
DoorKey/2,3.763681743943674,4,0.0000,0.0000,0.0042,0.2976,0.6301,0.0664,0.0016,0.0001,0.0000,0.0000
DoorKey/3,3.5012894390724925,3,0.0000,0.0000,0.0237,0.4760,0.4760,0.0237,0.0005,0.0000,0.0000,0.0000
DoorKey/4,3.579582283927613,4,0.0000,0.0000,0.0144,0.4196,0.5387,0.0268,0.0005,0.0000,0.0000,0.0000
DoorKey/5,3.703324659262177,4,0.0000,0.0000,0.0050,0.3518,0.5801,0.0611,0.0018,0.0001,0.0000,0.0000
DoorKey/6,3.6529749413934574,4,0.0000,0.0000,0.0109,0.3605,0.5943,0.0335,0.0008,0.0000,0.0000,0.0000
DoorKey/7,3.5826114553733643,4,0.0000,0.0000,0.0127,0.4202,0.5396,0.0269,0.0006,0.0000,0.0000,0.0000
DoorKey/8,3.7636477607443317,4,0.0000,0.0000,0.0042,0.2976,0.6301,0.0664,0.0016,0.0001,0.0000,0.0000
DoorKey/9,3.6794101552655563,4,0.0000,0.0000,0.0074,0.3562,0.5872,0.0482,0.0010,0.0000,0.0000,0.0000
DoorKey/10,3.573524691000716,4,0.0000,0.0000,0.0184,0.4178,0.5365,0.0267,0.0006,0.0000,0.0000,0.0000
DoorKey/11,3.672222070801586,4,0.0000,0.0000,0.0074,0.3581,0.5905,0.0428,0.0011,0.0001,0.0000,0.0000
DoorKey/12,3.666326826400076,4,0.0000,0.0000,0.0066,0.3604,0.5941,0.0380,0.0009,0.0000,0.0000,0.0000
DoorKey/13,3.6529741450268607,4,0.0000,0.0000,0.0109,0.3605,0.5943,0.0335,0.0008,0.0000,0.0000,0.0000
DoorKey/14,3.7022328193085277,4,0.0000,0.0000,0.0050,0.3520,0.5803,0.0612,0.0014,0.0001,0.0000,0.0000
DoorKey/15,3.572067629051199,4,0.0000,0.0000,0.0163,0.4201,0.5394,0.0237,0.0005,0.0000,0.0000,0.0000
DoorKey/16,3.424048051834421,3,0.0000,0.0000,0.0302,0.5347,0.4164,0.0183,0.0004,0.0000,0.0000,0.0000
DoorKey/17,3.762059852800536,4,0.0000,0.0000,0.0054,0.2972,0.6292,0.0663,0.0018,0.0001,0.0000,0.0000
DoorKey/18,3.703237688904446,4,0.0000,0.0000,0.0044,0.3522,0.5807,0.0612,0.0014,0.0001,0.0000,0.0000
DoorKey/19,3.5771407195143787,4,0.0000,0.0000,0.0162,0.4187,0.5376,0.0268,0.0007,0.0000,0.0000,0.0000
DoorKey/20,3.5203215434678983,3,0.0000,0.0000,0.0145,0.4790,0.4790,0.0270,0.0006,0.0000,0.0000,0.0000
DoorKey/21,3.517389082757261,3,0.0000,0.0000,0.0164,0.4780,0.4780,0.0270,0.0006,0.0000,0.0000,0.0000
DoorKey/22,3.671593009272323,4,0.0000,0.0000,0.0074,0.3582,0.5906,0.0428,0.0009,0.0000,0.0000,0.0000
DoorKey/23,3.526057541361938,3,0.0000,0.0000,0.0144,0.4772,0.4772,0.0305,0.0007,0.0000,0.0000,0.0000
DoorKey/24,3.5175843864985623,3,0.0000,0.0000,0.0164,0.4780,0.4780,0.0270,0.0006,0.0000,0.0000,0.0000
DoorKey/25,3.68249222604817,4,0.0000,0.0000,0.0058,0.3567,0.5881,0.0483,0.0011,0.0001,0.0000,0.0000
DoorKey/26,3.679741160096548,4,0.0000,0.0000,0.0074,0.3561,0.5871,0.0482,0.0011,0.0001,0.0000,0.0000
DoorKey/27,3.5173992691295735,3,0.0000,0.0000,0.0164,0.4780,0.4780,0.0270,0.0006,0.0000,0.0000,0.0000
DoorKey/28,3.7636478237114517,4,0.0000,0.0000,0.0042,0.2976,0.6301,0.0664,0.0016,0.0001,0.0000,0.0000
DoorKey/29,3.5142969577046173,3,0.0000,0.0000,0.0185,0.4770,0.4770,0.0269,0.0006,0.0000,0.0000,0.0000
DoorKey/30,3.7645280598455115,4,0.0000,0.0000,0.0037,0.2978,0.6304,0.0664,0.0016,0.0001,0.0000,0.0000
DoorKey/31,3.763149854836822,4,0.0000,0.0000,0.0048,0.2974,0.6296,0.0664,0.0018,0.0001,0.0000,0.0000
DoorKey/32,3.5852085745603923,4,0.0000,0.0000,0.0143,0.4180,0.5367,0.0303,0.0007,0.0000,0.0000,0.0000
DoorKey/33,3.7513495345017223,4,0.0000,0.0000,0.0055,0.2997,0.6344,0.0590,0.0014,0.0001,0.0000,0.0000
DoorKey/34,3.7626513327764712,4,0.0000,0.0000,0.0048,0.2975,0.6297,0.0664,0.0016,0.0001,0.0000,0.0000
DoorKey/35,3.610315779647202,4,0.0000,0.0000,0.0110,0.4134,0.5309,0.0436,0.0010,0.0001,0.0000,0.0000
DoorKey/36,3.693030087955463,4,0.0000,0.0000,0.0045,0.3549,0.5851,0.0544,0.0011,0.0000,0.0000,0.0000
DoorKey/37,3.762651117334468,4,0.0000,0.0000,0.0048,0.2975,0.6297,0.0664,0.0016,0.0001,0.0000,0.0000
DoorKey/38,3.7146369095949865,4,0.0000,0.0000,0.0039,0.3495,0.5763,0.0688,0.0014,0.0001,0.0000,0.0000
DoorKey/39,3.7636476581326557,4,0.0000,0.0000,0.0042,0.2976,0.6301,0.0664,0.0016,0.0001,0.0000,0.0000
DoorKey/40,3.7022642866200117,4,0.0000,0.0000,0.0050,0.3520,0.5803,0.0612,0.0014,0.0001,0.0000,0.0000
DoorKey/41,3.6885902340796957,4,0.0000,0.0000,0.0073,0.3538,0.5833,0.0543,0.0013,0.0001,0.0000,0.0000
DoorKey/42,3.703278668076736,4,0.0000,0.0000,0.0050,0.3518,0.5801,0.0611,0.0018,0.0001,0.0000,0.0000
DoorKey/43,3.743794911080763,4,0.0000,0.0000,0.0049,0.3019,0.6392,0.0525,0.0014,0.0001,0.0000,0.0000
DoorKey/44,3.6899640995205254,4,0.0000,0.0000,0.0065,0.3541,0.5838,0.0543,0.0013,0.0001,0.0000,0.0000
DoorKey/45,3.5964969542032197,4,0.0000,0.0000,0.0111,0.4175,0.5361,0.0343,0.0009,0.0001,0.0000,0.0000
DoorKey/46,3.765339468538309,4,0.0000,0.0000,0.0033,0.2979,0.6307,0.0665,0.0016,0.0001,0.0000,0.0000
DoorKey/47,3.691277903609459,4,0.0000,0.0000,0.0057,0.3544,0.5842,0.0543,0.0013,0.0001,0.0000,0.0000
DoorKey/48,3.572067629051199,4,0.0000,0.0000,0.0163,0.4201,0.5394,0.0237,0.0005,0.0000,0.0000,0.0000
DoorKey/49,3.7631499099037216,4,0.0000,0.0000,0.0048,0.2974,0.6296,0.0664,0.0018,0.0001,0.0000,0.0000
DoorKey/50,3.7433671276036664,4,0.0000,0.0000,0.0049,0.3020,0.6393,0.0525,0.0012,0.0001,0.0000,0.0000
DoorKey/51,3.7409797300333882,4,0.0000,0.0000,0.0063,0.3016,0.6384,0.0524,0.0012,0.0001,0.0000,0.0000
DoorKey/52,3.672629081020492,4,0.0000,0.0000,0.0074,0.3581,0.5904,0.0428,0.0013,0.0001,0.0000,0.0000
DoorKey/53,3.680850930622144,4,0.0000,0.0000,0.0065,0.3565,0.5877,0.0482,0.0010,0.0000,0.0000,0.0000
DoorKey/54,3.612380257374735,4,0.0000,0.0000,0.0097,0.4140,0.5316,0.0436,0.0010,0.0001,0.0000,0.0000
DoorKey/55,3.505666648054729,3,0.0000,0.0000,0.0210,0.4773,0.4773,0.0238,0.0006,0.0000,0.0000,0.0000
DoorKey/56,3.8955309290774958,4,0.0000,0.0000,0.0017,0.2007,0.7004,0.0948,0.0022,0.0001,0.0000,0.0000
DoorKey/57,3.604627871276919,4,0.0000,0.0000,0.0098,0.4162,0.5344,0.0387,0.0008,0.0000,0.0000,0.0000
DoorKey/58,3.7626849214353433,4,0.0000,0.0000,0.0048,0.2975,0.6297,0.0664,0.0016,0.0001,0.0000,0.0000
DoorKey/59,3.6632084180872253,4,0.0000,0.0000,0.0085,0.3597,0.5930,0.0379,0.0009,0.0000,0.0000,0.0000
DoorKey/60,3.7648025788397934,4,0.0000,0.0000,0.0042,0.2975,0.6298,0.0664,0.0020,0.0001,0.0000,0.0000
DoorKey/61,3.6909061906858143,4,0.0000,0.0000,0.0057,0.3544,0.5843,0.0544,0.0011,0.0001,0.0000,0.0000
DoorKey/62,3.788706068574769,4,0.0000,0.0000,0.0032,0.2923,0.6188,0.0838,0.0017,0.0001,0.0000,0.0000
DoorKey/63,3.733151856216725,4,0.0000,0.0000,0.0063,0.3035,0.6424,0.0465,0.0012,0.0001,0.0000,0.0000
DoorKey/64,3.7447955800879287,4,0.0000,0.0000,0.0043,0.3021,0.6396,0.0525,0.0014,0.0001,0.0000,0.0000
DoorKey/65,3.689018944596435,4,0.0000,0.0000,0.0073,0.3537,0.5832,0.0542,0.0014,0.0001,0.0000,0.0000
DoorKey/66,3.7637192612526533,4,0.0000,0.0000,0.0042,0.2976,0.6301,0.0664,0.0016,0.0001,0.0000,0.0000
DoorKey/67,3.6777584527622427,4,0.0000,0.0000,0.0084,0.3558,0.5866,0.0482,0.0010,0.0000,0.0000,0.0000
DoorKey/68,3.5126847321622776,3,0.0000,0.0000,0.0164,0.4796,0.4796,0.0239,0.0006,0.0000,0.0000,0.0000
DoorKey/69,3.7324662233074766,4,0.0000,0.0000,0.0063,0.3035,0.6426,0.0465,0.0010,0.0000,0.0000,0.0000
DoorKey/70,3.579740165070759,4,0.0000,0.0000,0.0144,0.4195,0.5387,0.0268,0.0006,0.0000,0.0000,0.0000
DoorKey/71,3.6049177086183044,4,0.0000,0.0000,0.0098,0.4162,0.5344,0.0387,0.0009,0.0000,0.0000,0.0000
DoorKey/72,3.699808503107849,4,0.0000,0.0000,0.0064,0.3515,0.5795,0.0611,0.0014,0.0001,0.0000,0.0000
DoorKey/73,3.6687522028478114,4,0.0000,0.0000,0.0095,0.3574,0.5892,0.0427,0.0011,0.0001,0.0000,0.0000
DoorKey/74,3.7615570571829076,4,0.0000,0.0000,0.0054,0.2973,0.6293,0.0663,0.0016,0.0001,0.0000,0.0000
DoorKey/75,3.703237599498535,4,0.0000,0.0000,0.0044,0.3522,0.5807,0.0612,0.0014,0.0001,0.0000,0.0000
DoorKey/76,3.739503090342862,4,0.0000,0.0000,0.0071,0.3013,0.6379,0.0524,0.0012,0.0001,0.0000,0.0000
DoorKey/77,3.585223209718153,4,0.0000,0.0000,0.0143,0.4180,0.5367,0.0303,0.0007,0.0000,0.0000,0.0000
DoorKey/78,3.580157116635082,4,0.0000,0.0000,0.0144,0.4195,0.5386,0.0268,0.0007,0.0000,0.0000,0.0000
DoorKey/79,3.6648814328389006,4,0.0000,0.0000,0.0075,0.3600,0.5936,0.0379,0.0009,0.0000,0.0000,0.0000
DoorKey/80,3.7648655117009806,4,0.0000,0.0000,0.0033,0.2980,0.6308,0.0665,0.0014,0.0001,0.0000,0.0000
DoorKey/81,3.742261557102921,4,0.0000,0.0000,0.0055,0.3018,0.6389,0.0524,0.0012,0.0001,0.0000,0.0000
DoorKey/82,3.614227462275838,4,0.0000,0.0000,0.0086,0.4145,0.5322,0.0437,0.0010,0.0001,0.0000,0.0000
DoorKey/83,3.670234333859794,4,0.0000,0.0000,0.0084,0.3578,0.5900,0.0427,0.0010,0.0001,0.0000,0.0000
DoorKey/84,3.743794674477859,4,0.0000,0.0000,0.0049,0.3019,0.6392,0.0525,0.0014,0.0001,0.0000,0.0000
DoorKey/85,3.7891137138318762,4,0.0000,0.0000,0.0037,0.2920,0.6183,0.0837,0.0022,0.0001,0.0000,0.0000
DoorKey/86,3.615861068164013,4,0.0000,0.0000,0.0076,0.4149,0.5327,0.0437,0.0010,0.0001,0.0000,0.0000
DoorKey/87,3.59593305878488,4,0.0000,0.0000,0.0111,0.4176,0.5362,0.0343,0.0007,0.0000,0.0000,0.0000
DoorKey/88,3.7642275690967244,4,0.0000,0.0000,0.0042,0.2976,0.6299,0.0664,0.0018,0.0001,0.0000,0.0000
DoorKey/89,3.4224772204044673,3,0.0000,0.0000,0.0268,0.5388,0.4197,0.0144,0.0003,0.0000,0.0000,0.0000
DoorKey/90,3.6687525529805467,4,0.0000,0.0000,0.0095,0.3574,0.5892,0.0427,0.0011,0.0001,0.0000,0.0000
DoorKey/91,3.623873110492517,4,0.0000,0.0000,0.0076,0.4125,0.5296,0.0493,0.0010,0.0001,0.0000,0.0000
DoorKey/92,3.762819250429619,4,0.0000,0.0000,0.0042,0.2977,0.6303,0.0664,0.0012,0.0001,0.0000,0.0000
DoorKey/93,3.762722822988769,4,0.0000,0.0000,0.0048,0.2975,0.6297,0.0664,0.0016,0.0001,0.0000,0.0000
DoorKey/94,3.668345736700869,4,0.0000,0.0000,0.0095,0.3574,0.5893,0.0427,0.0010,0.0000,0.0000,0.0000
DoorKey/95,3.8198551193738393,4,0.0000,0.0000,0.0028,0.2487,0.6760,0.0712,0.0013,0.0001,0.0000,0.0000
DoorKey/96,3.671910274314065,4,0.0000,0.0000,0.0074,0.3582,0.5905,0.0428,0.0010,0.0001,0.0000,0.0000
DoorKey/97,3.744016338224216,4,0.0000,0.0000,0.0043,0.3022,0.6398,0.0525,0.0011,0.0001,0.0000,0.0000
DoorKey/98,3.6715929019026654,4,0.0000,0.0000,0.0074,0.3582,0.5906,0.0428,0.0009,0.0000,0.0000,0.0000
DoorKey/99,3.625662666865017,4,0.0000,0.0000,0.0067,0.4128,0.5300,0.0493,0.0012,0.0001,0.0000,0.0000
DoorKey/100,3.670215538472618,4,0.0000,0.0000,0.0084,0.3578,0.5900,0.0427,0.0010,0.0000,0.0000,0.0000
DoorKey/101,3.6046438450306963,4,0.0000,0.0000,0.0098,0.4162,0.5344,0.0387,0.0008,0.0000,0.0000,0.0000
DoorKey/102,3.688184140432201,4,0.0000,0.0000,0.0073,0.3538,0.5834,0.0543,0.0011,0.0001,0.0000,0.0000
DoorKey/103,3.67976651977208,4,0.0000,0.0000,0.0074,0.3561,0.5871,0.0482,0.0011,0.0001,0.0000,0.0000
DoorKey/104,3.6505821354761046,4,0.0000,0.0000,0.0123,0.3599,0.5934,0.0335,0.0008,0.0000,0.0000,0.0000
DoorKey/105,3.5959330588180385,4,0.0000,0.0000,0.0111,0.4176,0.5362,0.0343,0.0007,0.0000,0.0000,0.0000
DoorKey/106,3.7413501959432574,4,0.0000,0.0000,0.0063,0.3015,0.6383,0.0524,0.0014,0.0001,0.0000,0.0000
DoorKey/107,3.70326911499534,4,0.0000,0.0000,0.0044,0.3522,0.5807,0.0612,0.0014,0.0001,0.0000,0.0000
DoorKey/108,3.7022324161932465,4,0.0000,0.0000,0.0050,0.3520,0.5803,0.0612,0.0014,0.0001,0.0000,0.0000
DoorKey/109,3.6123805726194314,4,0.0000,0.0000,0.0097,0.4140,0.5316,0.0436,0.0010,0.0001,0.0000,0.0000
DoorKey/110,3.6049179743510558,4,0.0000,0.0000,0.0098,0.4162,0.5344,0.0387,0.0009,0.0000,0.0000,0.0000
DoorKey/111,3.678439734901426,4,0.0000,0.0000,0.0084,0.3557,0.5865,0.0481,0.0013,0.0001,0.0000,0.0000
DoorKey/112,3.5286463900121916,3,0.0000,0.0000,0.0127,0.4780,0.4780,0.0306,0.0007,0.0000,0.0000,0.0000
DoorKey/113,3.8452250062641533,4,0.0000,0.0000,0.0027,0.2435,0.6620,0.0896,0.0021,0.0001,0.0000,0.0000
DoorKey/114,3.692392375462914,4,0.0000,0.0000,0.0051,0.3546,0.5846,0.0544,0.0013,0.0001,0.0000,0.0000
DoorKey/115,3.615552491830787,4,0.0000,0.0000,0.0076,0.4149,0.5328,0.0437,0.0009,0.0000,0.0000,0.0000
DoorKey/116,3.8458114730526183,4,0.0000,0.0000,0.0024,0.2436,0.6622,0.0896,0.0021,0.0001,0.0000,0.0000
DoorKey/117,3.683324971717843,4,0.0000,0.0000,0.0058,0.3566,0.5879,0.0483,0.0015,0.0001,0.0000,0.0000
DoorKey/118,3.742261160048457,4,0.0000,0.0000,0.0055,0.3018,0.6389,0.0524,0.0012,0.0001,0.0000,0.0000
DoorKey/119,3.602810732641609,4,0.0000,0.0000,0.0111,0.4156,0.5337,0.0387,0.0009,0.0000,0.0000,0.0000
DoorKey/120,3.573536726633327,4,0.0000,0.0000,0.0184,0.4178,0.5365,0.0267,0.0006,0.0000,0.0000,0.0000
DoorKey/121,3.60674875516915,4,0.0000,0.0000,0.0086,0.4167,0.5350,0.0388,0.0009,0.0000,0.0000,0.0000
DoorKey/122,3.584982758916684,4,0.0000,0.0000,0.0143,0.4180,0.5367,0.0303,0.0006,0.0000,0.0000,0.0000
DoorKey/123,3.6896176598252706,4,0.0000,0.0000,0.0065,0.3541,0.5839,0.0543,0.0011,0.0001,0.0000,0.0000
DoorKey/124,3.593799596455942,4,0.0000,0.0000,0.0126,0.4170,0.5354,0.0342,0.0008,0.0000,0.0000,0.0000
DoorKey/125,3.710762460911555,4,0.0000,0.0000,0.0064,0.3486,0.5747,0.0686,0.0016,0.0001,0.0000,0.0000
DoorKey/126,3.744367697105046,4,0.0000,0.0000,0.0043,0.3022,0.6397,0.0525,0.0012,0.0001,0.0000,0.0000
DoorKey/127,3.6812016285284144,4,0.0000,0.0000,0.0065,0.3564,0.5876,0.0482,0.0011,0.0001,0.0000,0.0000
DoorKey/128,3.6103407730395563,4,0.0000,0.0000,0.0110,0.4134,0.5309,0.0436,0.0010,0.0001,0.0000,0.0000
DoorKey/129,3.501166817130928,3,0.0000,0.0000,0.0187,0.4811,0.4811,0.0187,0.0004,0.0000,0.0000,0.0000
DoorKey/130,3.690884572419605,4,0.0000,0.0000,0.0057,0.3544,0.5843,0.0544,0.0011,0.0000,0.0000,0.0000
DoorKey/131,3.6662513563589445,4,0.0000,0.0000,0.0108,0.3570,0.5886,0.0426,0.0010,0.0000,0.0000,0.0000
DoorKey/132,3.7027042719474634,4,0.0000,0.0000,0.0050,0.3519,0.5802,0.0612,0.0016,0.0001,0.0000,0.0000
DoorKey/133,3.678089875994441,4,0.0000,0.0000,0.0084,0.3558,0.5865,0.0481,0.0011,0.0001,0.0000,0.0000
DoorKey/134,3.7430157869667133,4,0.0000,0.0000,0.0049,0.3020,0.6394,0.0525,0.0011,0.0001,0.0000,0.0000
DoorKey/135,3.8458114618307486,4,0.0000,0.0000,0.0024,0.2436,0.6622,0.0896,0.0021,0.0001,0.0000,0.0000
DoorKey/136,3.8198551193738393,4,0.0000,0.0000,0.0028,0.2487,0.6760,0.0712,0.0013,0.0001,0.0000,0.0000
DoorKey/137,3.6801449397636925,4,0.0000,0.0000,0.0074,0.3560,0.5870,0.0482,0.0013,0.0001,0.0000,0.0000
DoorKey/138,3.7022326995846475,4,0.0000,0.0000,0.0050,0.3520,0.5803,0.0612,0.0014,0.0001,0.0000,0.0000
DoorKey/139,3.6793906144000523,4,0.0000,0.0000,0.0074,0.3562,0.5872,0.0482,0.0010,0.0000,0.0000,0.0000
DoorKey/140,3.598564067681514,4,0.0000,0.0000,0.0098,0.4181,0.5368,0.0343,0.0009,0.0001,0.0000,0.0000
DoorKey/141,3.8193301418572037,4,0.0000,0.0000,0.0035,0.2484,0.6752,0.0712,0.0017,0.0001,0.0000,0.0000
DoorKey/142,3.6998401404378654,4,0.0000,0.0000,0.0064,0.3515,0.5795,0.0611,0.0014,0.0001,0.0000,0.0000
DoorKey/143,3.7452514305627345,4,0.0000,0.0000,0.0038,0.3023,0.6400,0.0525,0.0012,0.0001,0.0000,0.0000
DoorKey/144,3.7653395832629086,4,0.0000,0.0000,0.0033,0.2979,0.6307,0.0665,0.0016,0.0001,0.0000,0.0000
DoorKey/145,3.789217814934345,4,0.0000,0.0000,0.0032,0.2923,0.6187,0.0837,0.0020,0.0001,0.0000,0.0000
DoorKey/146,3.6928695047646563,4,0.0000,0.0000,0.0051,0.3545,0.5845,0.0544,0.0014,0.0001,0.0000,0.0000
DoorKey/147,3.671910385868751,4,0.0000,0.0000,0.0074,0.3582,0.5905,0.0428,0.0010,0.0001,0.0000,0.0000
DoorKey/148,3.612403326741331,4,0.0000,0.0000,0.0097,0.4140,0.5316,0.0436,0.0010,0.0001,0.0000,0.0000
DoorKey/149,3.654860808454616,4,0.0000,0.0000,0.0096,0.3610,0.5951,0.0336,0.0007,0.0000,0.0000,0.0000
DoorKey/150,3.59825175694671,4,0.0000,0.0000,0.0098,0.4181,0.5369,0.0343,0.0008,0.0000,0.0000,0.0000
DoorKey/151,3.701427455032491,4,0.0000,0.0000,0.0050,0.3521,0.5805,0.0612,0.0011,0.0000,0.0000,0.0000
DoorKey/152,3.6666381982949843,4,0.0000,0.0000,0.0108,0.3569,0.5885,0.0426,0.0011,0.0001,0.0000,0.0000
DoorKey/153,3.751829301585025,4,0.0000,0.0000,0.0055,0.2996,0.6343,0.0590,0.0016,0.0001,0.0000,0.0000
DoorKey/154,3.7517190263055484,4,0.0000,0.0000,0.0048,0.3000,0.6350,0.0591,0.0011,0.0000,0.0000,0.0000
DoorKey/155,3.671593167253571,4,0.0000,0.0000,0.0074,0.3582,0.5906,0.0428,0.0009,0.0000,0.0000,0.0000
DoorKey/156,3.7865784889668235,4,0.0000,0.0000,0.0047,0.2918,0.6178,0.0836,0.0020,0.0001,0.0000,0.0000
DoorKey/157,3.6825175545903837,4,0.0000,0.0000,0.0058,0.3567,0.5881,0.0483,0.0011,0.0001,0.0000,0.0000
DoorKey/158,3.7653394716930424,4,0.0000,0.0000,0.0033,0.2979,0.6307,0.0665,0.0016,0.0001,0.0000,0.0000
DoorKey/159,3.6988996026769776,4,0.0000,0.0000,0.0073,0.3511,0.5789,0.0610,0.0016,0.0001,0.0000,0.0000
DoorKey/160,3.6816053164848688,4,0.0000,0.0000,0.0065,0.3564,0.5875,0.0482,0.0013,0.0001,0.0000,0.0000
DoorKey/161,3.5940914627387763,4,0.0000,0.0000,0.0126,0.4169,0.5353,0.0342,0.0009,0.0000,0.0000,0.0000
DoorKey/162,3.765107720867846,4,0.0000,0.0000,0.0037,0.2977,0.6302,0.0664,0.0018,0.0001,0.0000,0.0000
DoorKey/163,3.700679135536826,4,0.0000,0.0000,0.0057,0.3518,0.5800,0.0611,0.0013,0.0001,0.0000,0.0000
DoorKey/164,3.5921296142715713,4,0.0000,0.0000,0.0099,0.4199,0.5392,0.0304,0.0006,0.0000,0.0000,0.0000
DoorKey/165,3.612756051290717,4,0.0000,0.0000,0.0097,0.4139,0.5315,0.0436,0.0012,0.0001,0.0000,0.0000
DoorKey/166,3.6028112843101003,4,0.0000,0.0000,0.0111,0.4156,0.5337,0.0387,0.0009,0.0000,0.0000,0.0000
DoorKey/167,3.5090583744911883,3,0.0000,0.0000,0.0186,0.4786,0.4786,0.0238,0.0004,0.0000,0.0000,0.0000
DoorKey/168,3.76408784858739,4,0.0000,0.0000,0.0037,0.2978,0.6305,0.0665,0.0014,0.0001,0.0000,0.0000
DoorKey/169,3.765156813982827,4,0.0000,0.0000,0.0037,0.2977,0.6302,0.0664,0.0018,0.0001,0.0000,0.0000
DoorKey/170,3.7395292783118013,4,0.0000,0.0000,0.0071,0.3013,0.6379,0.0524,0.0012,0.0001,0.0000,0.0000
DoorKey/171,3.6613548121821378,4,0.0000,0.0000,0.0096,0.3593,0.5923,0.0379,0.0009,0.0000,0.0000,0.0000
DoorKey/172,3.7892179275165128,4,0.0000,0.0000,0.0032,0.2923,0.6187,0.0837,0.0020,0.0001,0.0000,0.0000
DoorKey/173,3.6881596788371787,4,0.0000,0.0000,0.0073,0.3538,0.5834,0.0543,0.0011,0.0001,0.0000,0.0000
DoorKey/174,3.6505977188053595,4,0.0000,0.0000,0.0123,0.3599,0.5934,0.0335,0.0008,0.0000,0.0000,0.0000
DoorKey/175,3.6589615787127854,4,0.0000,0.0000,0.0108,0.3589,0.5917,0.0378,0.0008,0.0000,0.0000,0.0000
DoorKey/176,3.6070774758343425,4,0.0000,0.0000,0.0086,0.4166,0.5349,0.0387,0.0010,0.0001,0.0000,0.0000
DoorKey/177,3.5013060743051647,3,0.0000,0.0000,0.0210,0.4787,0.4787,0.0210,0.0005,0.0000,0.0000,0.0000
DoorKey/178,3.7645281650653404,4,0.0000,0.0000,0.0037,0.2978,0.6304,0.0664,0.0016,0.0001,0.0000,0.0000
DoorKey/179,3.7440165699337653,4,0.0000,0.0000,0.0043,0.3022,0.6398,0.0525,0.0011,0.0001,0.0000,0.0000
DoorKey/180,3.6683650374443992,4,0.0000,0.0000,0.0095,0.3574,0.5893,0.0427,0.0010,0.0000,0.0000,0.0000
DoorKey/181,3.688506488616142,4,0.0000,0.0000,0.0073,0.3538,0.5833,0.0543,0.0013,0.0001,0.0000,0.0000
DoorKey/182,3.7645282883498914,4,0.0000,0.0000,0.0037,0.2978,0.6304,0.0664,0.0016,0.0001,0.0000,0.0000
DoorKey/183,3.679741571321992,4,0.0000,0.0000,0.0074,0.3561,0.5871,0.0482,0.0011,0.0001,0.0000,0.0000
DoorKey/184,3.6589615787127854,4,0.0000,0.0000,0.0108,0.3589,0.5917,0.0378,0.0008,0.0000,0.0000,0.0000
DoorKey/185,3.6913376641288664,4,0.0000,0.0000,0.0057,0.3543,0.5842,0.0543,0.0013,0.0001,0.0000,0.0000
DoorKey/186,3.6881596788371787,4,0.0000,0.0000,0.0073,0.3538,0.5834,0.0543,0.0011,0.0001,0.0000,0.0000
DoorKey/187,3.668345105507895,4,0.0000,0.0000,0.0095,0.3574,0.5893,0.0427,0.0010,0.0000,0.0000,0.0000
DoorKey/188,3.5854679572656587,4,0.0000,0.0000,0.0143,0.4179,0.5366,0.0303,0.0008,0.0000,0.0000,0.0000
DoorKey/189,3.6158407042870078,4,0.0000,0.0000,0.0076,0.4149,0.5327,0.0437,0.0010,0.0000,0.0000,0.0000
DoorKey/190,3.8446106526369173,4,0.0000,0.0000,0.0031,0.2434,0.6617,0.0896,0.0021,0.0001,0.0000,0.0000
DoorKey/191,3.602811348308862,4,0.0000,0.0000,0.0111,0.4156,0.5337,0.0387,0.0009,0.0000,0.0000,0.0000
DoorKey/192,3.678067791284072,4,0.0000,0.0000,0.0084,0.3558,0.5865,0.0481,0.0011,0.0000,0.0000,0.0000
DoorKey/193,3.6904415753754143,4,0.0000,0.0000,0.0065,0.3540,0.5837,0.0543,0.0014,0.0001,0.0000,0.0000
DoorKey/194,3.6662510142965092,4,0.0000,0.0000,0.0108,0.3570,0.5886,0.0426,0.0010,0.0000,0.0000,0.0000
DoorKey/195,3.7418835616716266,4,0.0000,0.0000,0.0055,0.3019,0.6390,0.0525,0.0011,0.0001,0.0000,0.0000
DoorKey/196,3.7650267576331453,4,0.0000,0.0000,0.0037,0.2977,0.6303,0.0664,0.0018,0.0001,0.0000,0.0000
DoorKey/197,3.6699595612567686,4,0.0000,0.0000,0.0084,0.3579,0.5900,0.0427,0.0009,0.0001,0.0000,0.0000
DoorKey/198,3.7535089039308027,4,0.0000,0.0000,0.0043,0.3000,0.6352,0.0591,0.0014,0.0001,0.0000,0.0000
DoorKey/199,3.7622111198360058,4,0.0000,0.0000,0.0048,0.2975,0.6298,0.0664,0.0014,0.0001,0.0000,0.0000
FourCorners/0,3.058958373809404,3,0.0000,0.0002,0.1465,0.6565,0.1881,0.0083,0.0004,0.0000,0.0000,0.0000
FourCorners/1,3.092447968334799,3,0.0000,0.0001,0.1181,0.6793,0.1946,0.0075,0.0003,0.0000,0.0000,0.0000
FourCorners/2,2.967033193496281,3,0.0000,0.0004,0.1888,0.6591,0.1471,0.0044,0.0002,0.0000,0.0000,0.0000
FourCorners/3,3.0569667508975464,3,0.0000,0.0002,0.1466,0.6572,0.1883,0.0073,0.0003,0.0000,0.0000,0.0000
FourCorners/4,3.0569667508975464,3,0.0000,0.0002,0.1466,0.6572,0.1883,0.0073,0.0003,0.0000,0.0000,0.0000
FourCorners/5,3.013805694272364,3,0.0000,0.0003,0.1532,0.6864,0.1532,0.0067,0.0003,0.0000,0.0000,0.0000
FourCorners/6,3.0569667508975464,3,0.0000,0.0002,0.1466,0.6572,0.1883,0.0073,0.0003,0.0000,0.0000,0.0000
FourCorners/7,2.917506149652786,3,0.0000,0.0005,0.2301,0.6254,0.1396,0.0042,0.0002,0.0000,0.0000,0.0000
FourCorners/8,3.013805694272364,3,0.0000,0.0003,0.1532,0.6864,0.1532,0.0067,0.0003,0.0000,0.0000,0.0000
FourCorners/9,3.010842120827759,3,0.0000,0.0002,0.1534,0.6875,0.1534,0.0052,0.0002,0.0000,0.0000,0.0000
FourCorners/10,3.0550266785921396,3,0.0000,0.0003,0.1468,0.6578,0.1885,0.0064,0.0003,0.0000,0.0000,0.0000
FourCorners/11,3.0550266785921396,3,0.0000,0.0003,0.1468,0.6578,0.1885,0.0064,0.0003,0.0000,0.0000,0.0000
FourCorners/12,3.013805694272364,3,0.0000,0.0003,0.1532,0.6864,0.1532,0.0067,0.0003,0.0000,0.0000,0.0000
FourCorners/13,3.0569667508975464,3,0.0000,0.0002,0.1466,0.6572,0.1883,0.0073,0.0003,0.0000,0.0000,0.0000
FourCorners/14,3.013805694272364,3,0.0000,0.0003,0.1532,0.6864,0.1532,0.0067,0.0003,0.0000,0.0000,0.0000
FourCorners/15,2.967033193496281,3,0.0000,0.0004,0.1888,0.6591,0.1471,0.0044,0.0002,0.0000,0.0000,0.0000
FourCorners/16,3.0550266785921396,3,0.0000,0.0003,0.1468,0.6578,0.1885,0.0064,0.0003,0.0000,0.0000,0.0000
FourCorners/17,2.917506149652786,3,0.0000,0.0005,0.2301,0.6254,0.1396,0.0042,0.0002,0.0000,0.0000,0.0000
FourCorners/18,3.0569667508975464,3,0.0000,0.0002,0.1466,0.6572,0.1883,0.0073,0.0003,0.0000,0.0000,0.0000
FourCorners/19,3.092447968334799,3,0.0000,0.0001,0.1181,0.6793,0.1946,0.0075,0.0003,0.0000,0.0000,0.0000
FourCorners/20,3.013805694272364,3,0.0000,0.0003,0.1532,0.6864,0.1532,0.0067,0.0003,0.0000,0.0000,0.0000
FourCorners/21,3.0550266785921396,3,0.0000,0.0003,0.1468,0.6578,0.1885,0.0064,0.0003,0.0000,0.0000,0.0000
FourCorners/22,3.092447968334799,3,0.0000,0.0001,0.1181,0.6793,0.1946,0.0075,0.0003,0.0000,0.0000,0.0000
FourCorners/23,3.013805694272364,3,0.0000,0.0003,0.1532,0.6864,0.1532,0.0067,0.0003,0.0000,0.0000,0.0000
FourCorners/24,3.0569667508975464,3,0.0000,0.0002,0.1466,0.6572,0.1883,0.0073,0.0003,0.0000,0.0000,0.0000
FourCorners/25,3.058958373809404,3,0.0000,0.0002,0.1465,0.6565,0.1881,0.0083,0.0004,0.0000,0.0000,0.0000
FourCorners/26,3.092447968334799,3,0.0000,0.0001,0.1181,0.6793,0.1946,0.0075,0.0003,0.0000,0.0000,0.0000
FourCorners/27,3.013805694272364,3,0.0000,0.0003,0.1532,0.6864,0.1532,0.0067,0.0003,0.0000,0.0000,0.0000
FourCorners/28,3.0550266785921396,3,0.0000,0.0003,0.1468,0.6578,0.1885,0.0064,0.0003,0.0000,0.0000,0.0000
FourCorners/29,3.092447968334799,3,0.0000,0.0001,0.1181,0.6793,0.1946,0.0075,0.0003,0.0000,0.0000,0.0000
FourCorners/30,3.092447968334799,3,0.0000,0.0001,0.1181,0.6793,0.1946,0.0075,0.0003,0.0000,0.0000,0.0000
FourCorners/31,3.0569667508975464,3,0.0000,0.0002,0.1466,0.6572,0.1883,0.0073,0.0003,0.0000,0.0000,0.0000
FourCorners/32,2.917506149652786,3,0.0000,0.0005,0.2301,0.6254,0.1396,0.0042,0.0002,0.0000,0.0000,0.0000
FourCorners/33,3.058958373809404,3,0.0000,0.0002,0.1465,0.6565,0.1881,0.0083,0.0004,0.0000,0.0000,0.0000
FourCorners/34,3.0550266785921396,3,0.0000,0.0003,0.1468,0.6578,0.1885,0.0064,0.0003,0.0000,0.0000,0.0000
FourCorners/35,3.0550266785921396,3,0.0000,0.0003,0.1468,0.6578,0.1885,0.0064,0.0003,0.0000,0.0000,0.0000
FourCorners/36,3.092447968334799,3,0.0000,0.0001,0.1181,0.6793,0.1946,0.0075,0.0003,0.0000,0.0000,0.0000
FourCorners/37,2.917506149652786,3,0.0000,0.0005,0.2301,0.6254,0.1396,0.0042,0.0002,0.0000,0.0000,0.0000
FourCorners/38,3.0550266785921396,3,0.0000,0.0003,0.1468,0.6578,0.1885,0.0064,0.0003,0.0000,0.0000,0.0000
FourCorners/39,3.0550266785921396,3,0.0000,0.0003,0.1468,0.6578,0.1885,0.0064,0.0003,0.0000,0.0000,0.0000
FourCorners/40,3.010842120827759,3,0.0000,0.0002,0.1534,0.6875,0.1534,0.0052,0.0002,0.0000,0.0000,0.0000
FourCorners/41,2.967033193496281,3,0.0000,0.0004,0.1888,0.6591,0.1471,0.0044,0.0002,0.0000,0.0000,0.0000
FourCorners/42,3.010842120827759,3,0.0000,0.0002,0.1534,0.6875,0.1534,0.0052,0.0002,0.0000,0.0000,0.0000
FourCorners/43,3.058958373809404,3,0.0000,0.0002,0.1465,0.6565,0.1881,0.0083,0.0004,0.0000,0.0000,0.0000
FourCorners/44,3.058958373809404,3,0.0000,0.0002,0.1465,0.6565,0.1881,0.0083,0.0004,0.0000,0.0000,0.0000
FourCorners/45,3.013805694272364,3,0.0000,0.0003,0.1532,0.6864,0.1532,0.0067,0.0003,0.0000,0.0000,0.0000
FourCorners/46,3.092447968334799,3,0.0000,0.0001,0.1181,0.6793,0.1946,0.0075,0.0003,0.0000,0.0000,0.0000
FourCorners/47,2.917506149652786,3,0.0000,0.0005,0.2301,0.6254,0.1396,0.0042,0.0002,0.0000,0.0000,0.0000
FourCorners/48,2.967033193496281,3,0.0000,0.0004,0.1888,0.6591,0.1471,0.0044,0.0002,0.0000,0.0000,0.0000
FourCorners/49,3.0569667508975464,3,0.0000,0.0002,0.1466,0.6572,0.1883,0.0073,0.0003,0.0000,0.0000,0.0000
FourCorners/50,2.967033193496281,3,0.0000,0.0004,0.1888,0.6591,0.1471,0.0044,0.0002,0.0000,0.0000,0.0000
FourCorners/51,3.010842120827759,3,0.0000,0.0002,0.1534,0.6875,0.1534,0.0052,0.0002,0.0000,0.0000,0.0000
FourCorners/52,3.092447968334799,3,0.0000,0.0001,0.1181,0.6793,0.1946,0.0075,0.0003,0.0000,0.0000,0.0000
FourCorners/53,3.0550266785921396,3,0.0000,0.0003,0.1468,0.6578,0.1885,0.0064,0.0003,0.0000,0.0000,0.0000
FourCorners/54,2.917506149652786,3,0.0000,0.0005,0.2301,0.6254,0.1396,0.0042,0.0002,0.0000,0.0000,0.0000
FourCorners/55,3.092447968334799,3,0.0000,0.0001,0.1181,0.6793,0.1946,0.0075,0.0003,0.0000,0.0000,0.0000
FourCorners/56,3.092447968334799,3,0.0000,0.0001,0.1181,0.6793,0.1946,0.0075,0.0003,0.0000,0.0000,0.0000
FourCorners/57,2.917506149652786,3,0.0000,0.0005,0.2301,0.6254,0.1396,0.0042,0.0002,0.0000,0.0000,0.0000
FourCorners/58,3.013805694272364,3,0.0000,0.0003,0.1532,0.6864,0.1532,0.0067,0.0003,0.0000,0.0000,0.0000
FourCorners/59,3.0550266785921396,3,0.0000,0.0003,0.1468,0.6578,0.1885,0.0064,0.0003,0.0000,0.0000,0.0000
FourCorners/60,3.092447968334799,3,0.0000,0.0001,0.1181,0.6793,0.1946,0.0075,0.0003,0.0000,0.0000,0.0000
FourCorners/61,3.013805694272364,3,0.0000,0.0003,0.1532,0.6864,0.1532,0.0067,0.0003,0.0000,0.0000,0.0000
FourCorners/62,3.0569667508975464,3,0.0000,0.0002,0.1466,0.6572,0.1883,0.0073,0.0003,0.0000,0.0000,0.0000
FourCorners/63,3.058958373809404,3,0.0000,0.0002,0.1465,0.6565,0.1881,0.0083,0.0004,0.0000,0.0000,0.0000
FourCorners/64,3.058958373809404,3,0.0000,0.0002,0.1465,0.6565,0.1881,0.0083,0.0004,0.0000,0.0000,0.0000
FourCorners/65,3.010842120827759,3,0.0000,0.0002,0.1534,0.6875,0.1534,0.0052,0.0002,0.0000,0.0000,0.0000
FourCorners/66,3.058958373809404,3,0.0000,0.0002,0.1465,0.6565,0.1881,0.0083,0.0004,0.0000,0.0000,0.0000
FourCorners/67,3.013805694272364,3,0.0000,0.0003,0.1532,0.6864,0.1532,0.0067,0.0003,0.0000,0.0000,0.0000
FourCorners/68,2.917506149652786,3,0.0000,0.0005,0.2301,0.6254,0.1396,0.0042,0.0002,0.0000,0.0000,0.0000
FourCorners/69,3.010842120827759,3,0.0000,0.0002,0.1534,0.6875,0.1534,0.0052,0.0002,0.0000,0.0000,0.0000
FourCorners/70,3.010842120827759,3,0.0000,0.0002,0.1534,0.6875,0.1534,0.0052,0.0002,0.0000,0.0000,0.0000
FourCorners/71,3.013805694272364,3,0.0000,0.0003,0.1532,0.6864,0.1532,0.0067,0.0003,0.0000,0.0000,0.0000
FourCorners/72,2.967033193496281,3,0.0000,0.0004,0.1888,0.6591,0.1471,0.0044,0.0002,0.0000,0.0000,0.0000
FourCorners/73,3.010842120827759,3,0.0000,0.0002,0.1534,0.6875,0.1534,0.0052,0.0002,0.0000,0.0000,0.0000
FourCorners/74,3.010842120827759,3,0.0000,0.0002,0.1534,0.6875,0.1534,0.0052,0.0002,0.0000,0.0000,0.0000
FourCorners/75,2.967033193496281,3,0.0000,0.0004,0.1888,0.6591,0.1471,0.0044,0.0002,0.0000,0.0000,0.0000
FourCorners/76,3.0550266785921396,3,0.0000,0.0003,0.1468,0.6578,0.1885,0.0064,0.0003,0.0000,0.0000,0.0000
FourCorners/77,2.917506149652786,3,0.0000,0.0005,0.2301,0.6254,0.1396,0.0042,0.0002,0.0000,0.0000,0.0000
FourCorners/78,3.092447968334799,3,0.0000,0.0001,0.1181,0.6793,0.1946,0.0075,0.0003,0.0000,0.0000,0.0000
FourCorners/79,2.917506149652786,3,0.0000,0.0005,0.2301,0.6254,0.1396,0.0042,0.0002,0.0000,0.0000,0.0000
FourCorners/80,2.917506149652786,3,0.0000,0.0005,0.2301,0.6254,0.1396,0.0042,0.0002,0.0000,0.0000,0.0000
FourCorners/81,3.013805694272364,3,0.0000,0.0003,0.1532,0.6864,0.1532,0.0067,0.0003,0.0000,0.0000,0.0000
FourCorners/82,3.013805694272364,3,0.0000,0.0003,0.1532,0.6864,0.1532,0.0067,0.0003,0.0000,0.0000,0.0000
FourCorners/83,3.0569667508975464,3,0.0000,0.0002,0.1466,0.6572,0.1883,0.0073,0.0003,0.0000,0.0000,0.0000
FourCorners/84,3.0569667508975464,3,0.0000,0.0002,0.1466,0.6572,0.1883,0.0073,0.0003,0.0000,0.0000,0.0000
FourCorners/85,3.0569667508975464,3,0.0000,0.0002,0.1466,0.6572,0.1883,0.0073,0.0003,0.0000,0.0000,0.0000
FourCorners/86,3.058958373809404,3,0.0000,0.0002,0.1465,0.6565,0.1881,0.0083,0.0004,0.0000,0.0000,0.0000
FourCorners/87,3.010842120827759,3,0.0000,0.0002,0.1534,0.6875,0.1534,0.0052,0.0002,0.0000,0.0000,0.0000
FourCorners/88,2.967033193496281,3,0.0000,0.0004,0.1888,0.6591,0.1471,0.0044,0.0002,0.0000,0.0000,0.0000
FourCorners/89,3.013805694272364,3,0.0000,0.0003,0.1532,0.6864,0.1532,0.0067,0.0003,0.0000,0.0000,0.0000
FourCorners/90,3.013805694272364,3,0.0000,0.0003,0.1532,0.6864,0.1532,0.0067,0.0003,0.0000,0.0000,0.0000
FourCorners/91,3.0569667508975464,3,0.0000,0.0002,0.1466,0.6572,0.1883,0.0073,0.0003,0.0000,0.0000,0.0000
FourCorners/92,3.0569667508975464,3,0.0000,0.0002,0.1466,0.6572,0.1883,0.0073,0.0003,0.0000,0.0000,0.0000
FourCorners/93,3.092447968334799,3,0.0000,0.0001,0.1181,0.6793,0.1946,0.0075,0.0003,0.0000,0.0000,0.0000
FourCorners/94,3.013805694272364,3,0.0000,0.0003,0.1532,0.6864,0.1532,0.0067,0.0003,0.0000,0.0000,0.0000
FourCorners/95,3.010842120827759,3,0.0000,0.0002,0.1534,0.6875,0.1534,0.0052,0.0002,0.0000,0.0000,0.0000
FourCorners/96,3.058958373809404,3,0.0000,0.0002,0.1465,0.6565,0.1881,0.0083,0.0004,0.0000,0.0000,0.0000
FourCorners/97,3.0569667508975464,3,0.0000,0.0002,0.1466,0.6572,0.1883,0.0073,0.0003,0.0000,0.0000,0.0000
FourCorners/98,3.0569667508975464,3,0.0000,0.0002,0.1466,0.6572,0.1883,0.0073,0.0003,0.0000,0.0000,0.0000
FourCorners/99,3.0550266785921396,3,0.0000,0.0003,0.1468,0.6578,0.1885,0.0064,0.0003,0.0000,0.0000,0.0000
FourCorners/100,2.967033193496281,3,0.0000,0.0004,0.1888,0.6591,0.1471,0.0044,0.0002,0.0000,0.0000,0.0000
FourCorners/101,2.917506149652786,3,0.0000,0.0005,0.2301,0.6254,0.1396,0.0042,0.0002,0.0000,0.0000,0.0000
FourCorners/102,2.967033193496281,3,0.0000,0.0004,0.1888,0.6591,0.1471,0.0044,0.0002,0.0000,0.0000,0.0000
FourCorners/103,2.917506149652786,3,0.0000,0.0005,0.2301,0.6254,0.1396,0.0042,0.0002,0.0000,0.0000,0.0000
FourCorners/104,3.092447968334799,3,0.0000,0.0001,0.1181,0.6793,0.1946,0.0075,0.0003,0.0000,0.0000,0.0000
FourCorners/105,2.967033193496281,3,0.0000,0.0004,0.1888,0.6591,0.1471,0.0044,0.0002,0.0000,0.0000,0.0000
FourCorners/106,3.010842120827759,3,0.0000,0.0002,0.1534,0.6875,0.1534,0.0052,0.0002,0.0000,0.0000,0.0000
FourCorners/107,3.010842120827759,3,0.0000,0.0002,0.1534,0.6875,0.1534,0.0052,0.0002,0.0000,0.0000,0.0000
FourCorners/108,3.013805694272364,3,0.0000,0.0003,0.1532,0.6864,0.1532,0.0067,0.0003,0.0000,0.0000,0.0000
FourCorners/109,3.010842120827759,3,0.0000,0.0002,0.1534,0.6875,0.1534,0.0052,0.0002,0.0000,0.0000,0.0000
FourCorners/110,2.967033193496281,3,0.0000,0.0004,0.1888,0.6591,0.1471,0.0044,0.0002,0.0000,0.0000,0.0000
FourCorners/111,3.058958373809404,3,0.0000,0.0002,0.1465,0.6565,0.1881,0.0083,0.0004,0.0000,0.0000,0.0000
FourCorners/112,3.058958373809404,3,0.0000,0.0002,0.1465,0.6565,0.1881,0.0083,0.0004,0.0000,0.0000,0.0000
FourCorners/113,3.092447968334799,3,0.0000,0.0001,0.1181,0.6793,0.1946,0.0075,0.0003,0.0000,0.0000,0.0000
FourCorners/114,3.0569667508975464,3,0.0000,0.0002,0.1466,0.6572,0.1883,0.0073,0.0003,0.0000,0.0000,0.0000
FourCorners/115,3.0569667508975464,3,0.0000,0.0002,0.1466,0.6572,0.1883,0.0073,0.0003,0.0000,0.0000,0.0000
FourCorners/116,3.092447968334799,3,0.0000,0.0001,0.1181,0.6793,0.1946,0.0075,0.0003,0.0000,0.0000,0.0000
FourCorners/117,3.010842120827759,3,0.0000,0.0002,0.1534,0.6875,0.1534,0.0052,0.0002,0.0000,0.0000,0.0000
FourCorners/118,2.967033193496281,3,0.0000,0.0004,0.1888,0.6591,0.1471,0.0044,0.0002,0.0000,0.0000,0.0000
FourCorners/119,3.0569667508975464,3,0.0000,0.0002,0.1466,0.6572,0.1883,0.0073,0.0003,0.0000,0.0000,0.0000
FourCorners/120,2.917506149652786,3,0.0000,0.0005,0.2301,0.6254,0.1396,0.0042,0.0002,0.0000,0.0000,0.0000
FourCorners/121,3.0569667508975464,3,0.0000,0.0002,0.1466,0.6572,0.1883,0.0073,0.0003,0.0000,0.0000,0.0000
FourCorners/122,2.917506149652786,3,0.0000,0.0005,0.2301,0.6254,0.1396,0.0042,0.0002,0.0000,0.0000,0.0000
FourCorners/123,3.010842120827759,3,0.0000,0.0002,0.1534,0.6875,0.1534,0.0052,0.0002,0.0000,0.0000,0.0000
FourCorners/124,3.010842120827759,3,0.0000,0.0002,0.1534,0.6875,0.1534,0.0052,0.0002,0.0000,0.0000,0.0000
FourCorners/125,3.092447968334799,3,0.0000,0.0001,0.1181,0.6793,0.1946,0.0075,0.0003,0.0000,0.0000,0.0000
FourCorners/126,3.010842120827759,3,0.0000,0.0002,0.1534,0.6875,0.1534,0.0052,0.0002,0.0000,0.0000,0.0000
FourCorners/127,3.0550266785921396,3,0.0000,0.0003,0.1468,0.6578,0.1885,0.0064,0.0003,0.0000,0.0000,0.0000
FourCorners/128,3.0569667508975464,3,0.0000,0.0002,0.1466,0.6572,0.1883,0.0073,0.0003,0.0000,0.0000,0.0000
FourCorners/129,2.917506149652786,3,0.0000,0.0005,0.2301,0.6254,0.1396,0.0042,0.0002,0.0000,0.0000,0.0000
FourCorners/130,3.0550266785921396,3,0.0000,0.0003,0.1468,0.6578,0.1885,0.0064,0.0003,0.0000,0.0000,0.0000
FourCorners/131,3.013805694272364,3,0.0000,0.0003,0.1532,0.6864,0.1532,0.0067,0.0003,0.0000,0.0000,0.0000
FourCorners/132,3.0550266785921396,3,0.0000,0.0003,0.1468,0.6578,0.1885,0.0064,0.0003,0.0000,0.0000,0.0000
FourCorners/133,3.0550266785921396,3,0.0000,0.0003,0.1468,0.6578,0.1885,0.0064,0.0003,0.0000,0.0000,0.0000
FourCorners/134,3.013805694272364,3,0.0000,0.0003,0.1532,0.6864,0.1532,0.0067,0.0003,0.0000,0.0000,0.0000
FourCorners/135,2.917506149652786,3,0.0000,0.0005,0.2301,0.6254,0.1396,0.0042,0.0002,0.0000,0.0000,0.0000
FourCorners/136,2.917506149652786,3,0.0000,0.0005,0.2301,0.6254,0.1396,0.0042,0.0002,0.0000,0.0000,0.0000
FourCorners/137,3.010842120827759,3,0.0000,0.0002,0.1534,0.6875,0.1534,0.0052,0.0002,0.0000,0.0000,0.0000
FourCorners/138,3.0569667508975464,3,0.0000,0.0002,0.1466,0.6572,0.1883,0.0073,0.0003,0.0000,0.0000,0.0000
FourCorners/139,3.058958373809404,3,0.0000,0.0002,0.1465,0.6565,0.1881,0.0083,0.0004,0.0000,0.0000,0.0000
FourCorners/140,2.967033193496281,3,0.0000,0.0004,0.1888,0.6591,0.1471,0.0044,0.0002,0.0000,0.0000,0.0000
FourCorners/141,3.010842120827759,3,0.0000,0.0002,0.1534,0.6875,0.1534,0.0052,0.0002,0.0000,0.0000,0.0000
FourCorners/142,3.092447968334799,3,0.0000,0.0001,0.1181,0.6793,0.1946,0.0075,0.0003,0.0000,0.0000,0.0000
FourCorners/143,3.010842120827759,3,0.0000,0.0002,0.1534,0.6875,0.1534,0.0052,0.0002,0.0000,0.0000,0.0000
FourCorners/144,2.917506149652786,3,0.0000,0.0005,0.2301,0.6254,0.1396,0.0042,0.0002,0.0000,0.0000,0.0000
FourCorners/145,3.092447968334799,3,0.0000,0.0001,0.1181,0.6793,0.1946,0.0075,0.0003,0.0000,0.0000,0.0000
FourCorners/146,3.013805694272364,3,0.0000,0.0003,0.1532,0.6864,0.1532,0.0067,0.0003,0.0000,0.0000,0.0000
FourCorners/147,3.010842120827759,3,0.0000,0.0002,0.1534,0.6875,0.1534,0.0052,0.0002,0.0000,0.0000,0.0000
FourCorners/148,3.013805694272364,3,0.0000,0.0003,0.1532,0.6864,0.1532,0.0067,0.0003,0.0000,0.0000,0.0000
FourCorners/149,3.0550266785921396,3,0.0000,0.0003,0.1468,0.6578,0.1885,0.0064,0.0003,0.0000,0.0000,0.0000
FourCorners/150,3.058958373809404,3,0.0000,0.0002,0.1465,0.6565,0.1881,0.0083,0.0004,0.0000,0.0000,0.0000
FourCorners/151,2.967033193496281,3,0.0000,0.0004,0.1888,0.6591,0.1471,0.0044,0.0002,0.0000,0.0000,0.0000
FourCorners/152,3.058958373809404,3,0.0000,0.0002,0.1465,0.6565,0.1881,0.0083,0.0004,0.0000,0.0000,0.0000
FourCorners/153,2.917506149652786,3,0.0000,0.0005,0.2301,0.6254,0.1396,0.0042,0.0002,0.0000,0.0000,0.0000
FourCorners/154,3.0550266785921396,3,0.0000,0.0003,0.1468,0.6578,0.1885,0.0064,0.0003,0.0000,0.0000,0.0000
FourCorners/155,3.058958373809404,3,0.0000,0.0002,0.1465,0.6565,0.1881,0.0083,0.0004,0.0000,0.0000,0.0000
FourCorners/156,3.058958373809404,3,0.0000,0.0002,0.1465,0.6565,0.1881,0.0083,0.0004,0.0000,0.0000,0.0000
FourCorners/157,2.967033193496281,3,0.0000,0.0004,0.1888,0.6591,0.1471,0.0044,0.0002,0.0000,0.0000,0.0000
FourCorners/158,3.092447968334799,3,0.0000,0.0001,0.1181,0.6793,0.1946,0.0075,0.0003,0.0000,0.0000,0.0000
FourCorners/159,3.013805694272364,3,0.0000,0.0003,0.1532,0.6864,0.1532,0.0067,0.0003,0.0000,0.0000,0.0000
FourCorners/160,2.967033193496281,3,0.0000,0.0004,0.1888,0.6591,0.1471,0.0044,0.0002,0.0000,0.0000,0.0000
FourCorners/161,3.010842120827759,3,0.0000,0.0002,0.1534,0.6875,0.1534,0.0052,0.0002,0.0000,0.0000,0.0000
FourCorners/162,3.013805694272364,3,0.0000,0.0003,0.1532,0.6864,0.1532,0.0067,0.0003,0.0000,0.0000,0.0000
FourCorners/163,3.0550266785921396,3,0.0000,0.0003,0.1468,0.6578,0.1885,0.0064,0.0003,0.0000,0.0000,0.0000
FourCorners/164,2.967033193496281,3,0.0000,0.0004,0.1888,0.6591,0.1471,0.0044,0.0002,0.0000,0.0000,0.0000
FourCorners/165,2.967033193496281,3,0.0000,0.0004,0.1888,0.6591,0.1471,0.0044,0.0002,0.0000,0.0000,0.0000
FourCorners/166,3.092447968334799,3,0.0000,0.0001,0.1181,0.6793,0.1946,0.0075,0.0003,0.0000,0.0000,0.0000
FourCorners/167,3.0550266785921396,3,0.0000,0.0003,0.1468,0.6578,0.1885,0.0064,0.0003,0.0000,0.0000,0.0000
FourCorners/168,3.092447968334799,3,0.0000,0.0001,0.1181,0.6793,0.1946,0.0075,0.0003,0.0000,0.0000,0.0000
FourCorners/169,3.013805694272364,3,0.0000,0.0003,0.1532,0.6864,0.1532,0.0067,0.0003,0.0000,0.0000,0.0000
FourCorners/170,3.0569667508975464,3,0.0000,0.0002,0.1466,0.6572,0.1883,0.0073,0.0003,0.0000,0.0000,0.0000
FourCorners/171,3.092447968334799,3,0.0000,0.0001,0.1181,0.6793,0.1946,0.0075,0.0003,0.0000,0.0000,0.0000
FourCorners/172,3.0569667508975464,3,0.0000,0.0002,0.1466,0.6572,0.1883,0.0073,0.0003,0.0000,0.0000,0.0000
FourCorners/173,3.092447968334799,3,0.0000,0.0001,0.1181,0.6793,0.1946,0.0075,0.0003,0.0000,0.0000,0.0000
FourCorners/174,3.092447968334799,3,0.0000,0.0001,0.1181,0.6793,0.1946,0.0075,0.0003,0.0000,0.0000,0.0000
FourCorners/175,3.058958373809404,3,0.0000,0.0002,0.1465,0.6565,0.1881,0.0083,0.0004,0.0000,0.0000,0.0000
FourCorners/176,2.967033193496281,3,0.0000,0.0004,0.1888,0.6591,0.1471,0.0044,0.0002,0.0000,0.0000,0.0000
FourCorners/177,3.0550266785921396,3,0.0000,0.0003,0.1468,0.6578,0.1885,0.0064,0.0003,0.0000,0.0000,0.0000
FourCorners/178,3.010842120827759,3,0.0000,0.0002,0.1534,0.6875,0.1534,0.0052,0.0002,0.0000,0.0000,0.0000
FourCorners/179,3.0550266785921396,3,0.0000,0.0003,0.1468,0.6578,0.1885,0.0064,0.0003,0.0000,0.0000,0.0000
FourCorners/180,3.0550266785921396,3,0.0000,0.0003,0.1468,0.6578,0.1885,0.0064,0.0003,0.0000,0.0000,0.0000
FourCorners/181,3.092447968334799,3,0.0000,0.0001,0.1181,0.6793,0.1946,0.0075,0.0003,0.0000,0.0000,0.0000
FourCorners/182,3.092447968334799,3,0.0000,0.0001,0.1181,0.6793,0.1946,0.0075,0.0003,0.0000,0.0000,0.0000
FourCorners/183,3.092447968334799,3,0.0000,0.0001,0.1181,0.6793,0.1946,0.0075,0.0003,0.0000,0.0000,0.0000
FourCorners/184,3.010842120827759,3,0.0000,0.0002,0.1534,0.6875,0.1534,0.0052,0.0002,0.0000,0.0000,0.0000
FourCorners/185,2.967033193496281,3,0.0000,0.0004,0.1888,0.6591,0.1471,0.0044,0.0002,0.0000,0.0000,0.0000
FourCorners/186,3.092447968334799,3,0.0000,0.0001,0.1181,0.6793,0.1946,0.0075,0.0003,0.0000,0.0000,0.0000
FourCorners/187,3.013805694272364,3,0.0000,0.0003,0.1532,0.6864,0.1532,0.0067,0.0003,0.0000,0.0000,0.0000
FourCorners/188,3.0569667508975464,3,0.0000,0.0002,0.1466,0.6572,0.1883,0.0073,0.0003,0.0000,0.0000,0.0000
FourCorners/189,2.917506149652786,3,0.0000,0.0005,0.2301,0.6254,0.1396,0.0042,0.0002,0.0000,0.0000,0.0000
FourCorners/190,3.010842120827759,3,0.0000,0.0002,0.1534,0.6875,0.1534,0.0052,0.0002,0.0000,0.0000,0.0000
FourCorners/191,3.0550266785921396,3,0.0000,0.0003,0.1468,0.6578,0.1885,0.0064,0.0003,0.0000,0.0000,0.0000
FourCorners/192,3.0569667508975464,3,0.0000,0.0002,0.1466,0.6572,0.1883,0.0073,0.0003,0.0000,0.0000,0.0000
FourCorners/193,3.010842120827759,3,0.0000,0.0002,0.1534,0.6875,0.1534,0.0052,0.0002,0.0000,0.0000,0.0000
FourCorners/194,3.0550266785921396,3,0.0000,0.0003,0.1468,0.6578,0.1885,0.0064,0.0003,0.0000,0.0000,0.0000
FourCorners/195,3.0550266785921396,3,0.0000,0.0003,0.1468,0.6578,0.1885,0.0064,0.0003,0.0000,0.0000,0.0000
FourCorners/196,3.058958373809404,3,0.0000,0.0002,0.1465,0.6565,0.1881,0.0083,0.0004,0.0000,0.0000,0.0000
FourCorners/197,3.0550266785921396,3,0.0000,0.0003,0.1468,0.6578,0.1885,0.0064,0.0003,0.0000,0.0000,0.0000
FourCorners/198,3.010842120827759,3,0.0000,0.0002,0.1534,0.6875,0.1534,0.0052,0.0002,0.0000,0.0000,0.0000
FourCorners/199,3.058958373809404,3,0.0000,0.0002,0.1465,0.6565,0.1881,0.0083,0.0004,0.0000,0.0000,0.0000
Harvester/0,4.892592918547945,5,0.0000,0.0000,0.0000,0.0117,0.2341,0.6363,0.0861,0.0317,0.0002,0.0000
Harvester/1,4.823895591437776,5,0.0000,0.0000,0.0000,0.0179,0.2798,0.5924,0.0802,0.0295,0.0002,0.0000
Harvester/2,4.892592918547945,5,0.0000,0.0000,0.0000,0.0117,0.2341,0.6363,0.0861,0.0317,0.0002,0.0000
Harvester/3,4.801773365294628,5,0.0000,0.0000,0.0000,0.0182,0.3228,0.5322,0.0925,0.0340,0.0002,0.0000
Harvester/4,4.801773365294628,5,0.0000,0.0000,0.0000,0.0182,0.3228,0.5322,0.0925,0.0340,0.0002,0.0000
Harvester/5,4.755209501115976,5,0.0000,0.0000,0.0001,0.0212,0.3313,0.5462,0.0739,0.0272,0.0002,0.0000
Harvester/6,4.801773365294628,5,0.0000,0.0000,0.0000,0.0182,0.3228,0.5322,0.0925,0.0340,0.0002,0.0000
Harvester/7,4.755209501115976,5,0.0000,0.0000,0.0001,0.0212,0.3313,0.5462,0.0739,0.0272,0.0002,0.0000
Harvester/8,4.755209501115976,5,0.0000,0.0000,0.0001,0.0212,0.3313,0.5462,0.0739,0.0272,0.0002,0.0000
Harvester/9,4.801773365294628,5,0.0000,0.0000,0.0000,0.0182,0.3228,0.5322,0.0925,0.0340,0.0002,0.0000
Harvester/10,4.823895591437776,5,0.0000,0.0000,0.0000,0.0179,0.2798,0.5924,0.0802,0.0295,0.0002,0.0000
Harvester/11,4.823895591437776,5,0.0000,0.0000,0.0000,0.0179,0.2798,0.5924,0.0802,0.0295,0.0002,0.0000
Harvester/12,4.755209501115976,5,0.0000,0.0000,0.0001,0.0212,0.3313,0.5462,0.0739,0.0272,0.0002,0.0000
Harvester/13,4.801773365294628,5,0.0000,0.0000,0.0000,0.0182,0.3228,0.5322,0.0925,0.0340,0.0002,0.0000
Harvester/14,4.755209501115976,5,0.0000,0.0000,0.0001,0.0212,0.3313,0.5462,0.0739,0.0272,0.0002,0.0000
Harvester/15,4.892592918547945,5,0.0000,0.0000,0.0000,0.0117,0.2341,0.6363,0.0861,0.0317,0.0002,0.0000
Harvester/16,4.823895591437776,5,0.0000,0.0000,0.0000,0.0179,0.2798,0.5924,0.0802,0.0295,0.0002,0.0000
Harvester/17,4.755209501115976,5,0.0000,0.0000,0.0001,0.0212,0.3313,0.5462,0.0739,0.0272,0.0002,0.0000
Harvester/18,4.801773365294628,5,0.0000,0.0000,0.0000,0.0182,0.3228,0.5322,0.0925,0.0340,0.0002,0.0000
Harvester/19,4.823895591437776,5,0.0000,0.0000,0.0000,0.0179,0.2798,0.5924,0.0802,0.0295,0.0002,0.0000
Harvester/20,4.755209501115976,5,0.0000,0.0000,0.0001,0.0212,0.3313,0.5462,0.0739,0.0272,0.0002,0.0000
Harvester/21,4.823895591437776,5,0.0000,0.0000,0.0000,0.0179,0.2798,0.5924,0.0802,0.0295,0.0002,0.0000
Harvester/22,4.823895591437776,5,0.0000,0.0000,0.0000,0.0179,0.2798,0.5924,0.0802,0.0295,0.0002,0.0000
Harvester/23,4.755209501115976,5,0.0000,0.0000,0.0001,0.0212,0.3313,0.5462,0.0739,0.0272,0.0002,0.0000
Harvester/24,4.801773365294628,5,0.0000,0.0000,0.0000,0.0182,0.3228,0.5322,0.0925,0.0340,0.0002,0.0000
Harvester/25,4.892592918547945,5,0.0000,0.0000,0.0000,0.0117,0.2341,0.6363,0.0861,0.0317,0.0002,0.0000
Harvester/26,4.823895591437776,5,0.0000,0.0000,0.0000,0.0179,0.2798,0.5924,0.0802,0.0295,0.0002,0.0000
Harvester/27,4.755209501115976,5,0.0000,0.0000,0.0001,0.0212,0.3313,0.5462,0.0739,0.0272,0.0002,0.0000
Harvester/28,4.823895591437776,5,0.0000,0.0000,0.0000,0.0179,0.2798,0.5924,0.0802,0.0295,0.0002,0.0000
Harvester/29,4.823895591437776,5,0.0000,0.0000,0.0000,0.0179,0.2798,0.5924,0.0802,0.0295,0.0002,0.0000
Harvester/30,4.823895591437776,5,0.0000,0.0000,0.0000,0.0179,0.2798,0.5924,0.0802,0.0295,0.0002,0.0000
Harvester/31,4.801773365294628,5,0.0000,0.0000,0.0000,0.0182,0.3228,0.5322,0.0925,0.0340,0.0002,0.0000
Harvester/32,4.755209501115976,5,0.0000,0.0000,0.0001,0.0212,0.3313,0.5462,0.0739,0.0272,0.0002,0.0000
Harvester/33,4.892592918547945,5,0.0000,0.0000,0.0000,0.0117,0.2341,0.6363,0.0861,0.0317,0.0002,0.0000
Harvester/34,4.823895591437776,5,0.0000,0.0000,0.0000,0.0179,0.2798,0.5924,0.0802,0.0295,0.0002,0.0000
Harvester/35,4.823895591437776,5,0.0000,0.0000,0.0000,0.0179,0.2798,0.5924,0.0802,0.0295,0.0002,0.0000
Harvester/36,4.823895591437776,5,0.0000,0.0000,0.0000,0.0179,0.2798,0.5924,0.0802,0.0295,0.0002,0.0000
Harvester/37,4.755209501115976,5,0.0000,0.0000,0.0001,0.0212,0.3313,0.5462,0.0739,0.0272,0.0002,0.0000
Harvester/38,4.823895591437776,5,0.0000,0.0000,0.0000,0.0179,0.2798,0.5924,0.0802,0.0295,0.0002,0.0000
Harvester/39,4.823895591437776,5,0.0000,0.0000,0.0000,0.0179,0.2798,0.5924,0.0802,0.0295,0.0002,0.0000
Harvester/40,4.801773365294628,5,0.0000,0.0000,0.0000,0.0182,0.3228,0.5322,0.0925,0.0340,0.0002,0.0000
Harvester/41,4.892592918547945,5,0.0000,0.0000,0.0000,0.0117,0.2341,0.6363,0.0861,0.0317,0.0002,0.0000
Harvester/42,4.801773365294628,5,0.0000,0.0000,0.0000,0.0182,0.3228,0.5322,0.0925,0.0340,0.0002,0.0000
Harvester/43,4.892592918547945,5,0.0000,0.0000,0.0000,0.0117,0.2341,0.6363,0.0861,0.0317,0.0002,0.0000
Harvester/44,4.892592918547945,5,0.0000,0.0000,0.0000,0.0117,0.2341,0.6363,0.0861,0.0317,0.0002,0.0000
Harvester/45,4.755209501115976,5,0.0000,0.0000,0.0001,0.0212,0.3313,0.5462,0.0739,0.0272,0.0002,0.0000
Harvester/46,4.823895591437776,5,0.0000,0.0000,0.0000,0.0179,0.2798,0.5924,0.0802,0.0295,0.0002,0.0000
Harvester/47,4.755209501115976,5,0.0000,0.0000,0.0001,0.0212,0.3313,0.5462,0.0739,0.0272,0.0002,0.0000
Harvester/48,4.892592918547945,5,0.0000,0.0000,0.0000,0.0117,0.2341,0.6363,0.0861,0.0317,0.0002,0.0000
Harvester/49,4.801773365294628,5,0.0000,0.0000,0.0000,0.0182,0.3228,0.5322,0.0925,0.0340,0.0002,0.0000
Harvester/50,4.892592918547945,5,0.0000,0.0000,0.0000,0.0117,0.2341,0.6363,0.0861,0.0317,0.0002,0.0000
Harvester/51,4.801773365294628,5,0.0000,0.0000,0.0000,0.0182,0.3228,0.5322,0.0925,0.0340,0.0002,0.0000
Harvester/52,4.823895591437776,5,0.0000,0.0000,0.0000,0.0179,0.2798,0.5924,0.0802,0.0295,0.0002,0.0000
Harvester/53,4.823895591437776,5,0.0000,0.0000,0.0000,0.0179,0.2798,0.5924,0.0802,0.0295,0.0002,0.0000
Harvester/54,4.755209501115976,5,0.0000,0.0000,0.0001,0.0212,0.3313,0.5462,0.0739,0.0272,0.0002,0.0000
Harvester/55,4.823895591437776,5,0.0000,0.0000,0.0000,0.0179,0.2798,0.5924,0.0802,0.0295,0.0002,0.0000
Harvester/56,4.823895591437776,5,0.0000,0.0000,0.0000,0.0179,0.2798,0.5924,0.0802,0.0295,0.0002,0.0000
Harvester/57,4.755209501115976,5,0.0000,0.0000,0.0001,0.0212,0.3313,0.5462,0.0739,0.0272,0.0002,0.0000
Harvester/58,4.755209501115976,5,0.0000,0.0000,0.0001,0.0212,0.3313,0.5462,0.0739,0.0272,0.0002,0.0000
Harvester/59,4.823895591437776,5,0.0000,0.0000,0.0000,0.0179,0.2798,0.5924,0.0802,0.0295,0.0002,0.0000
Harvester/60,4.823895591437776,5,0.0000,0.0000,0.0000,0.0179,0.2798,0.5924,0.0802,0.0295,0.0002,0.0000
Harvester/61,4.755209501115976,5,0.0000,0.0000,0.0001,0.0212,0.3313,0.5462,0.0739,0.0272,0.0002,0.0000
Harvester/62,4.801773365294628,5,0.0000,0.0000,0.0000,0.0182,0.3228,0.5322,0.0925,0.0340,0.0002,0.0000
Harvester/63,4.892592918547945,5,0.0000,0.0000,0.0000,0.0117,0.2341,0.6363,0.0861,0.0317,0.0002,0.0000
Harvester/64,4.892592918547945,5,0.0000,0.0000,0.0000,0.0117,0.2341,0.6363,0.0861,0.0317,0.0002,0.0000
Harvester/65,4.801773365294628,5,0.0000,0.0000,0.0000,0.0182,0.3228,0.5322,0.0925,0.0340,0.0002,0.0000
Harvester/66,4.892592918547945,5,0.0000,0.0000,0.0000,0.0117,0.2341,0.6363,0.0861,0.0317,0.0002,0.0000
Harvester/67,4.755209501115976,5,0.0000,0.0000,0.0001,0.0212,0.3313,0.5462,0.0739,0.0272,0.0002,0.0000
Harvester/68,4.755209501115976,5,0.0000,0.0000,0.0001,0.0212,0.3313,0.5462,0.0739,0.0272,0.0002,0.0000
Harvester/69,4.801773365294628,5,0.0000,0.0000,0.0000,0.0182,0.3228,0.5322,0.0925,0.0340,0.0002,0.0000
Harvester/70,4.801773365294628,5,0.0000,0.0000,0.0000,0.0182,0.3228,0.5322,0.0925,0.0340,0.0002,0.0000
Harvester/71,4.755209501115976,5,0.0000,0.0000,0.0001,0.0212,0.3313,0.5462,0.0739,0.0272,0.0002,0.0000
Harvester/72,4.892592918547945,5,0.0000,0.0000,0.0000,0.0117,0.2341,0.6363,0.0861,0.0317,0.0002,0.0000
Harvester/73,4.801773365294628,5,0.0000,0.0000,0.0000,0.0182,0.3228,0.5322,0.0925,0.0340,0.0002,0.0000
Harvester/74,4.801773365294628,5,0.0000,0.0000,0.0000,0.0182,0.3228,0.5322,0.0925,0.0340,0.0002,0.0000
Harvester/75,4.892592918547945,5,0.0000,0.0000,0.0000,0.0117,0.2341,0.6363,0.0861,0.0317,0.0002,0.0000
Harvester/76,4.823895591437776,5,0.0000,0.0000,0.0000,0.0179,0.2798,0.5924,0.0802,0.0295,0.0002,0.0000
Harvester/77,4.755209501115976,5,0.0000,0.0000,0.0001,0.0212,0.3313,0.5462,0.0739,0.0272,0.0002,0.0000
Harvester/78,4.823895591437776,5,0.0000,0.0000,0.0000,0.0179,0.2798,0.5924,0.0802,0.0295,0.0002,0.0000
Harvester/79,4.755209501115976,5,0.0000,0.0000,0.0001,0.0212,0.3313,0.5462,0.0739,0.0272,0.0002,0.0000
Maze/0,4.334400535009065,4,0.0000,0.0000,0.0000,0.0381,0.5953,0.3611,0.0052,0.0004,0.0000,0.0000
Maze/1,4.431579432925045,4,0.0000,0.0000,0.0000,0.0165,0.5469,0.4259,0.0100,0.0007,0.0000,0.0000
Maze/2,4.259215035336069,4,0.0000,0.0000,0.0000,0.0526,0.6404,0.3025,0.0043,0.0002,0.0000,0.0000
Maze/3,4.343532834321147,4,0.0000,0.0000,0.0000,0.0299,0.6011,0.3646,0.0041,0.0003,0.0000,0.0000
Maze/4,4.489529857859097,4,0.0000,0.0000,0.0000,0.0188,0.4850,0.4850,0.0101,0.0011,0.0000,0.0000
Maze/5,4.412909243135848,4,0.0000,0.0000,0.0000,0.0270,0.5422,0.4223,0.0077,0.0007,0.0000,0.0000
Maze/6,4.430181607686061,4,0.0000,0.0000,0.0000,0.0210,0.5426,0.4226,0.0128,0.0010,0.0000,0.0000
Maze/7,4.201794655319053,4,0.0000,0.0000,0.0000,0.0565,0.6879,0.2530,0.0025,0.0001,0.0000,0.0000
Maze/8,4.202439365256597,4,0.0000,0.0000,0.0000,0.0564,0.6876,0.2530,0.0028,0.0001,0.0000,0.0000
Maze/9,4.334400535009065,4,0.0000,0.0000,0.0000,0.0381,0.5953,0.3611,0.0052,0.0004,0.0000,0.0000
Maze/10,4.273993155043923,4,0.0000,0.0000,0.0000,0.0414,0.6479,0.3061,0.0044,0.0002,0.0000,0.0000
Maze/11,4.273023034334896,4,0.0000,0.0000,0.0000,0.0414,0.6483,0.3062,0.0039,0.0002,0.0000,0.0000
Maze/12,4.201835457350156,4,0.0000,0.0000,0.0000,0.0565,0.6878,0.2530,0.0025,0.0001,0.0000,0.0000
Maze/13,4.238067899350864,4,0.0000,0.0000,0.0000,0.0666,0.6318,0.2985,0.0029,0.0001,0.0000,0.0000
Maze/14,4.20240777900822,4,0.0000,0.0000,0.0000,0.0564,0.6876,0.2530,0.0028,0.0001,0.0000,0.0000
Maze/15,4.203269085125909,4,0.0000,0.0000,0.0000,0.0564,0.6873,0.2529,0.0032,0.0002,0.0000,0.0000
Maze/16,4.272240700792985,4,0.0000,0.0000,0.0000,0.0415,0.6486,0.3064,0.0034,0.0002,0.0000,0.0000
Maze/17,4.396317334246899,4,0.0000,0.0000,0.0000,0.0345,0.5399,0.4205,0.0047,0.0003,0.0000,0.0000
Maze/18,4.238067899350864,4,0.0000,0.0000,0.0000,0.0666,0.6318,0.2985,0.0029,0.0001,0.0000,0.0000
Maze/19,4.272240700792985,4,0.0000,0.0000,0.0000,0.0415,0.6486,0.3064,0.0034,0.0002,0.0000,0.0000
Maze/20,4.20189164793157,4,0.0000,0.0000,0.0000,0.0565,0.6878,0.2530,0.0025,0.0001,0.0000,0.0000
Maze/21,4.080393175991817,4,0.0000,0.0000,0.0001,0.1188,0.6835,0.1958,0.0017,0.0001,0.0000,0.0000
Maze/22,4.134544283874932,4,0.0000,0.0000,0.0000,0.0755,0.7167,0.2053,0.0023,0.0001,0.0000,0.0000
Maze/23,4.182288890308218,4,0.0000,0.0000,0.0001,0.0714,0.6772,0.2491,0.0022,0.0001,0.0000,0.0000
Maze/24,4.219316285756525,4,0.0000,0.0000,0.0000,0.0445,0.6957,0.2559,0.0037,0.0002,0.0000,0.0000
Maze/25,4.588274431446937,5,0.0000,0.0000,0.0000,0.0078,0.4238,0.5441,0.0211,0.0032,0.0000,0.0000
Maze/26,4.218415970538389,4,0.0000,0.0000,0.0000,0.0445,0.6960,0.2561,0.0032,0.0002,0.0000,0.0000
Maze/27,4.275159999462771,4,0.0000,0.0000,0.0000,0.0414,0.6475,0.3059,0.0049,0.0003,0.0000,0.0000
Maze/28,4.201835457350156,4,0.0000,0.0000,0.0000,0.0565,0.6878,0.2530,0.0025,0.0001,0.0000,0.0000
Maze/29,4.273989048280884,4,0.0000,0.0000,0.0000,0.0414,0.6479,0.3061,0.0044,0.0002,0.0000,0.0000
Maze/30,4.396317334246899,4,0.0000,0.0000,0.0000,0.0345,0.5399,0.4205,0.0047,0.0003,0.0000,0.0000
Maze/31,4.2031877375712945,4,0.0000,0.0000,0.0000,0.0564,0.6873,0.2529,0.0032,0.0002,0.0000,0.0000
Maze/32,4.182759140760297,4,0.0000,0.0000,0.0000,0.0714,0.6770,0.2491,0.0024,0.0001,0.0000,0.0000
Maze/33,4.256715117126149,4,0.0000,0.0000,0.0000,0.0526,0.6413,0.3029,0.0030,0.0002,0.0000,0.0000
Maze/34,4.182288890308218,4,0.0000,0.0000,0.0001,0.0714,0.6772,0.2491,0.0022,0.0001,0.0000,0.0000
Maze/35,4.20240777900822,4,0.0000,0.0000,0.0000,0.0564,0.6876,0.2530,0.0028,0.0001,0.0000,0.0000
Maze/36,4.396317334246899,4,0.0000,0.0000,0.0000,0.0345,0.5399,0.4205,0.0047,0.0003,0.0000,0.0000
Maze/37,4.203166745539269,4,0.0000,0.0000,0.0000,0.0564,0.6874,0.2529,0.0032,0.0001,0.0000,0.0000
Maze/38,4.412909243135848,4,0.0000,0.0000,0.0000,0.0270,0.5422,0.4223,0.0077,0.0007,0.0000,0.0000
Maze/39,4.272240700792985,4,0.0000,0.0000,0.0000,0.0415,0.6486,0.3064,0.0034,0.0002,0.0000,0.0000
Maze/40,4.334400535009065,4,0.0000,0.0000,0.0000,0.0381,0.5953,0.3611,0.0052,0.0004,0.0000,0.0000
Maze/41,4.257552118017711,4,0.0000,0.0000,0.0000,0.0526,0.6410,0.3028,0.0034,0.0002,0.0000,0.0000
Maze/42,4.257552118017711,4,0.0000,0.0000,0.0000,0.0526,0.6410,0.3028,0.0034,0.0002,0.0000,0.0000
Maze/43,4.332291055895993,4,0.0000,0.0000,0.0000,0.0381,0.5960,0.3615,0.0040,0.0003,0.0000,0.0000
Maze/44,4.575060321842037,5,0.0000,0.0000,0.0000,0.0100,0.4254,0.5462,0.0165,0.0020,0.0000,0.0000
Maze/45,4.134016685878168,4,0.0000,0.0000,0.0001,0.0756,0.7168,0.2054,0.0020,0.0001,0.0000,0.0000
Maze/46,4.183444981598037,4,0.0000,0.0000,0.0000,0.0713,0.6768,0.2490,0.0028,0.0001,0.0000,0.0000
Maze/47,4.273010185123386,4,0.0000,0.0000,0.0000,0.0414,0.6483,0.3062,0.0039,0.0002,0.0000,0.0000
Maze/48,4.257552118017711,4,0.0000,0.0000,0.0000,0.0526,0.6410,0.3028,0.0034,0.0002,0.0000,0.0000
Maze/49,4.134037463376665,4,0.0000,0.0000,0.0001,0.0756,0.7169,0.2054,0.0020,0.0001,0.0000,0.0000
Maze/50,4.203269085125909,4,0.0000,0.0000,0.0000,0.0564,0.6873,0.2529,0.0032,0.0002,0.0000,0.0000
Maze/51,4.498134741472079,4,0.0000,0.0000,0.0000,0.0147,0.4863,0.4863,0.0114,0.0012,0.0000,0.0000
Maze/52,4.258261889953422,4,0.0000,0.0000,0.0000,0.0526,0.6407,0.3026,0.0038,0.0002,0.0000,0.0000
Maze/53,4.201835457350156,4,0.0000,0.0000,0.0000,0.0565,0.6878,0.2530,0.0025,0.0001,0.0000,0.0000
Maze/54,4.202502744939708,4,0.0000,0.0000,0.0000,0.0564,0.6876,0.2530,0.0028,0.0001,0.0000,0.0000
Maze/55,4.272240700792985,4,0.0000,0.0000,0.0000,0.0415,0.6486,0.3064,0.0034,0.0002,0.0000,0.0000
Maze/56,4.258261889953422,4,0.0000,0.0000,0.0000,0.0526,0.6407,0.3026,0.0038,0.0002,0.0000,0.0000
Maze/57,4.412909243135848,4,0.0000,0.0000,0.0000,0.0270,0.5422,0.4223,0.0077,0.0007,0.0000,0.0000
Maze/58,4.256628560903079,4,0.0000,0.0000,0.0000,0.0526,0.6413,0.3029,0.0030,0.0001,0.0000,0.0000
Maze/59,4.275159999462771,4,0.0000,0.0000,0.0000,0.0414,0.6475,0.3059,0.0049,0.0003,0.0000,0.0000
Maze/60,4.25729754143665,4,0.0000,0.0000,0.0000,0.0526,0.6410,0.3028,0.0034,0.0001,0.0000,0.0000
Maze/61,4.201856103409307,4,0.0000,0.0000,0.0001,0.0565,0.6878,0.2530,0.0025,0.0001,0.0000,0.0000
Maze/62,4.334400535009065,4,0.0000,0.0000,0.0000,0.0381,0.5953,0.3611,0.0052,0.0004,0.0000,0.0000
Maze/63,4.256715117126149,4,0.0000,0.0000,0.0000,0.0526,0.6413,0.3029,0.0030,0.0002,0.0000,0.0000
Maze/64,4.504943015627195,4,0.0000,0.0000,0.0000,0.0146,0.4844,0.4844,0.0146,0.0020,0.0000,0.0000
Maze/65,4.583054409309352,5,0.0000,0.0000,0.0000,0.0100,0.4231,0.5433,0.0211,0.0025,0.0000,0.0000
Maze/66,4.182841509129968,4,0.0000,0.0000,0.0001,0.0714,0.6770,0.2490,0.0024,0.0001,0.0000,0.0000
Maze/67,4.203210172400744,4,0.0000,0.0000,0.0000,0.0564,0.6873,0.2529,0.0032,0.0002,0.0000,0.0000
Maze/68,4.396317334246899,4,0.0000,0.0000,0.0000,0.0345,0.5399,0.4205,0.0047,0.0003,0.0000,0.0000
Maze/69,4.491909324571439,4,0.0000,0.0000,0.0000,0.0188,0.4843,0.4843,0.0114,0.0012,0.0000,0.0000
Maze/70,4.333290062715094,4,0.0000,0.0000,0.0000,0.0381,0.5957,0.3613,0.0045,0.0003,0.0000,0.0000
Maze/71,4.355983857496707,4,0.0000,0.0000,0.0000,0.0234,0.6039,0.3663,0.0059,0.0004,0.0000,0.0000
Maze/72,4.513360595698659,4,0.0000,0.0000,0.0000,0.0146,0.4819,0.4819,0.0187,0.0029,0.0000,0.0000
Maze/73,4.57060058631643,5,0.0000,0.0000,0.0000,0.0128,0.4242,0.5446,0.0164,0.0020,0.0000,0.0000
Maze/74,4.493655521911847,4,0.0000,0.0000,0.0000,0.0147,0.4877,0.4877,0.0089,0.0009,0.0000,0.0000
Maze/75,4.203269085125909,4,0.0000,0.0000,0.0000,0.0564,0.6873,0.2529,0.0032,0.0002,0.0000,0.0000
Maze/76,4.258103186795919,4,0.0000,0.0000,0.0000,0.0526,0.6408,0.3027,0.0038,0.0001,0.0000,0.0000
Maze/77,4.256551944740558,4,0.0000,0.0000,0.0000,0.0526,0.6413,0.3029,0.0030,0.0001,0.0000,0.0000
Maze/78,4.201835457350156,4,0.0000,0.0000,0.0000,0.0565,0.6878,0.2530,0.0025,0.0001,0.0000,0.0000
Maze/79,4.202439365256597,4,0.0000,0.0000,0.0000,0.0564,0.6876,0.2530,0.0028,0.0001,0.0000,0.0000
Maze/80,4.256551944740558,4,0.0000,0.0000,0.0000,0.0526,0.6413,0.3029,0.0030,0.0001,0.0000,0.0000
Maze/81,4.491908841624177,4,0.0000,0.0000,0.0000,0.0188,0.4843,0.4843,0.0114,0.0012,0.0000,0.0000
Maze/82,4.273010185123386,4,0.0000,0.0000,0.0000,0.0414,0.6483,0.3062,0.0039,0.0002,0.0000,0.0000
Maze/83,4.332291055895993,4,0.0000,0.0000,0.0000,0.0381,0.5960,0.3615,0.0040,0.0003,0.0000,0.0000
Maze/84,4.430181607686061,4,0.0000,0.0000,0.0000,0.0210,0.5426,0.4226,0.0128,0.0010,0.0000,0.0000
Maze/85,4.332388997172847,4,0.0000,0.0000,0.0000,0.0381,0.5960,0.3615,0.0040,0.0003,0.0000,0.0000
Maze/86,4.259215035336069,4,0.0000,0.0000,0.0000,0.0526,0.6404,0.3025,0.0043,0.0002,0.0000,0.0000
Maze/87,4.575137151313751,5,0.0000,0.0000,0.0000,0.0113,0.4244,0.5450,0.0165,0.0029,0.0000,0.0000
Maze/88,4.2031877375712945,4,0.0000,0.0000,0.0000,0.0564,0.6873,0.2529,0.0032,0.0002,0.0000,0.0000
Maze/89,4.134016685878168,4,0.0000,0.0000,0.0001,0.0756,0.7168,0.2054,0.0020,0.0001,0.0000,0.0000
Maze/90,4.202439365256597,4,0.0000,0.0000,0.0000,0.0564,0.6876,0.2530,0.0028,0.0001,0.0000,0.0000
Maze/91,4.333290062715094,4,0.0000,0.0000,0.0000,0.0381,0.5957,0.3613,0.0045,0.0003,0.0000,0.0000
Maze/92,4.489529857859097,4,0.0000,0.0000,0.0000,0.0188,0.4850,0.4850,0.0101,0.0011,0.0000,0.0000
Maze/93,4.503420883650132,4,0.0000,0.0000,0.0000,0.0115,0.4878,0.4878,0.0115,0.0014,0.0000,0.0000
Maze/94,4.333267976476192,4,0.0000,0.0000,0.0000,0.0381,0.5957,0.3613,0.0045,0.0003,0.0000,0.0000
Maze/95,4.504943015627195,4,0.0000,0.0000,0.0000,0.0146,0.4844,0.4844,0.0146,0.0020,0.0000,0.0000
Maze/96,4.498134741472079,4,0.0000,0.0000,0.0000,0.0147,0.4863,0.4863,0.0114,0.0012,0.0000,0.0000
Maze/97,4.498134741472079,4,0.0000,0.0000,0.0000,0.0147,0.4863,0.4863,0.0114,0.0012,0.0000,0.0000
Maze/98,4.4923065962230755,4,0.0000,0.0000,0.0000,0.0188,0.4842,0.4842,0.0114,0.0014,0.0000,0.0000
Maze/99,4.273989048280884,4,0.0000,0.0000,0.0000,0.0414,0.6479,0.3061,0.0044,0.0002,0.0000,0.0000
Maze/100,4.259215035336069,4,0.0000,0.0000,0.0000,0.0526,0.6404,0.3025,0.0043,0.0002,0.0000,0.0000
Maze/101,4.275159999462771,4,0.0000,0.0000,0.0000,0.0414,0.6475,0.3059,0.0049,0.0003,0.0000,0.0000
Maze/102,4.575137151313751,5,0.0000,0.0000,0.0000,0.0113,0.4244,0.5450,0.0165,0.0029,0.0000,0.0000
Maze/103,4.412909243135848,4,0.0000,0.0000,0.0000,0.0270,0.5422,0.4223,0.0077,0.0007,0.0000,0.0000
Maze/104,4.217071152006077,4,0.0000,0.0000,0.0000,0.0445,0.6966,0.2562,0.0025,0.0001,0.0000,0.0000
Maze/105,4.2031877375712945,4,0.0000,0.0000,0.0000,0.0564,0.6873,0.2529,0.0032,0.0002,0.0000,0.0000
Maze/106,4.509831325183754,4,0.0000,0.0000,0.0000,0.0114,0.4860,0.4860,0.0147,0.0020,0.0000,0.0000
Maze/107,4.183463158611714,4,0.0000,0.0000,0.0001,0.0713,0.6767,0.2490,0.0028,0.0001,0.0000,0.0000
Maze/108,4.412909243135848,4,0.0000,0.0000,0.0000,0.0270,0.5422,0.4223,0.0077,0.0007,0.0000,0.0000
Maze/109,4.5038510763247706,4,0.0000,0.0000,0.0000,0.0146,0.4846,0.4846,0.0146,0.0015,0.0000,0.0000
Maze/110,4.588274431446937,5,0.0000,0.0000,0.0000,0.0078,0.4238,0.5441,0.0211,0.0032,0.0000,0.0000
Maze/111,4.334400535009065,4,0.0000,0.0000,0.0000,0.0381,0.5953,0.3611,0.0052,0.0004,0.0000,0.0000
Maze/112,4.334400535009065,4,0.0000,0.0000,0.0000,0.0381,0.5953,0.3611,0.0052,0.0004,0.0000,0.0000
Maze/113,4.25729754143665,4,0.0000,0.0000,0.0000,0.0526,0.6410,0.3028,0.0034,0.0001,0.0000,0.0000
Maze/114,4.522079660724132,4,0.0000,0.0000,0.0000,0.0089,0.4847,0.4847,0.0188,0.0029,0.0000,0.0000
Maze/115,4.2031877375712945,4,0.0000,0.0000,0.0000,0.0564,0.6873,0.2529,0.0032,0.0002,0.0000,0.0000
Maze/116,4.135132320448489,4,0.0000,0.0000,0.0000,0.0755,0.7165,0.2053,0.0026,0.0001,0.0000,0.0000
Maze/117,4.332388997172847,4,0.0000,0.0000,0.0000,0.0381,0.5960,0.3615,0.0040,0.0003,0.0000,0.0000
Maze/118,4.504943015627195,4,0.0000,0.0000,0.0000,0.0146,0.4844,0.4844,0.0146,0.0020,0.0000,0.0000
Maze/119,4.498989894907059,4,0.0000,0.0000,0.0000,0.0147,0.4862,0.4862,0.0114,0.0015,0.0000,0.0000
Maze/120,4.503420883650132,4,0.0000,0.0000,0.0000,0.0115,0.4878,0.4878,0.0115,0.0014,0.0000,0.0000
Maze/121,4.183463158611714,4,0.0000,0.0000,0.0001,0.0713,0.6767,0.2490,0.0028,0.0001,0.0000,0.0000
Maze/122,4.273010185123386,4,0.0000,0.0000,0.0000,0.0414,0.6483,0.3062,0.0039,0.0002,0.0000,0.0000
Maze/123,4.332388997172847,4,0.0000,0.0000,0.0000,0.0381,0.5960,0.3615,0.0040,0.0003,0.0000,0.0000
Maze/124,4.332291055895993,4,0.0000,0.0000,0.0000,0.0381,0.5960,0.3615,0.0040,0.0003,0.0000,0.0000
Maze/125,4.275159999462771,4,0.0000,0.0000,0.0000,0.0414,0.6475,0.3059,0.0049,0.0003,0.0000,0.0000
Maze/126,4.504943015627195,4,0.0000,0.0000,0.0000,0.0146,0.4844,0.4844,0.0146,0.0020,0.0000,0.0000
Maze/127,4.20182998905995,4,0.0000,0.0000,0.0000,0.0565,0.6879,0.2531,0.0025,0.0001,0.0000,0.0000
Maze/128,4.256715117126149,4,0.0000,0.0000,0.0000,0.0526,0.6413,0.3029,0.0030,0.0002,0.0000,0.0000
Maze/129,4.080393175991817,4,0.0000,0.0000,0.0001,0.1188,0.6835,0.1958,0.0017,0.0001,0.0000,0.0000
Maze/130,4.408195381128798,4,0.0000,0.0000,0.0000,0.0271,0.5437,0.4235,0.0053,0.0004,0.0000,0.0000
Maze/131,4.408195381128798,4,0.0000,0.0000,0.0000,0.0271,0.5437,0.4235,0.0053,0.0004,0.0000,0.0000
Maze/132,4.272240700792985,4,0.0000,0.0000,0.0000,0.0415,0.6486,0.3064,0.0034,0.0002,0.0000,0.0000
Maze/133,4.133505719563219,4,0.0000,0.0000,0.0001,0.0756,0.7171,0.2054,0.0018,0.0001,0.0000,0.0000
Maze/134,4.272240700792985,4,0.0000,0.0000,0.0000,0.0415,0.6486,0.3064,0.0034,0.0002,0.0000,0.0000
Maze/135,4.20240777900822,4,0.0000,0.0000,0.0000,0.0564,0.6876,0.2530,0.0028,0.0001,0.0000,0.0000
Maze/136,4.256551944740558,4,0.0000,0.0000,0.0000,0.0526,0.6413,0.3029,0.0030,0.0001,0.0000,0.0000
Maze/137,4.522079660724132,4,0.0000,0.0000,0.0000,0.0089,0.4847,0.4847,0.0188,0.0029,0.0000,0.0000
Maze/138,4.575137151313751,5,0.0000,0.0000,0.0000,0.0113,0.4244,0.5450,0.0165,0.0029,0.0000,0.0000
Maze/139,4.09177579345151,4,0.0000,0.0000,0.0001,0.0792,0.7514,0.1676,0.0016,0.0001,0.0000,0.0000
Maze/140,4.5038510763247706,4,0.0000,0.0000,0.0000,0.0146,0.4846,0.4846,0.0146,0.0015,0.0000,0.0000
Maze/141,4.4923065962230755,4,0.0000,0.0000,0.0000,0.0188,0.4842,0.4842,0.0114,0.0014,0.0000,0.0000
Maze/142,4.217071152006077,4,0.0000,0.0000,0.0000,0.0445,0.6966,0.2562,0.0025,0.0001,0.0000,0.0000
Maze/143,4.57060058631643,5,0.0000,0.0000,0.0000,0.0128,0.4242,0.5446,0.0164,0.0020,0.0000,0.0000
Maze/144,4.258261889953422,4,0.0000,0.0000,0.0000,0.0526,0.6407,0.3026,0.0038,0.0002,0.0000,0.0000
Maze/145,4.256628560903079,4,0.0000,0.0000,0.0000,0.0526,0.6413,0.3029,0.0030,0.0001,0.0000,0.0000
Maze/146,4.412909243135848,4,0.0000,0.0000,0.0000,0.0270,0.5422,0.4223,0.0077,0.0007,0.0000,0.0000
Maze/147,4.134037463376665,4,0.0000,0.0000,0.0001,0.0756,0.7169,0.2054,0.0020,0.0001,0.0000,0.0000
Maze/148,4.396317334246899,4,0.0000,0.0000,0.0000,0.0345,0.5399,0.4205,0.0047,0.0003,0.0000,0.0000
Maze/149,4.431579432925045,4,0.0000,0.0000,0.0000,0.0165,0.5469,0.4259,0.0100,0.0007,0.0000,0.0000
Maze/150,4.430181607686061,4,0.0000,0.0000,0.0000,0.0210,0.5426,0.4226,0.0128,0.0010,0.0000,0.0000
Maze/151,4.498134741472079,4,0.0000,0.0000,0.0000,0.0147,0.4863,0.4863,0.0114,0.0012,0.0000,0.0000
Maze/152,4.430181607686061,4,0.0000,0.0000,0.0000,0.0210,0.5426,0.4226,0.0128,0.0010,0.0000,0.0000
Maze/153,4.154454427710723,4,0.0000,0.0000,0.0000,0.0598,0.7286,0.2088,0.0026,0.0001,0.0000,0.0000
Maze/154,4.272240700792985,4,0.0000,0.0000,0.0000,0.0415,0.6486,0.3064,0.0034,0.0002,0.0000,0.0000
Maze/155,4.334400535009065,4,0.0000,0.0000,0.0000,0.0381,0.5953,0.3611,0.0052,0.0004,0.0000,0.0000
Maze/156,4.334400535009065,4,0.0000,0.0000,0.0000,0.0381,0.5953,0.3611,0.0052,0.0004,0.0000,0.0000
Maze/157,4.578590032701999,5,0.0000,0.0000,0.0000,0.0127,0.4219,0.5418,0.0210,0.0025,0.0000,0.0000
Maze/158,4.182288890308218,4,0.0000,0.0000,0.0001,0.0714,0.6772,0.2491,0.0022,0.0001,0.0000,0.0000
Maze/159,4.203210172400744,4,0.0000,0.0000,0.0000,0.0564,0.6873,0.2529,0.0032,0.0002,0.0000,0.0000
Maze/160,4.509831325183754,4,0.0000,0.0000,0.0000,0.0114,0.4860,0.4860,0.0147,0.0020,0.0000,0.0000
Maze/161,4.182841509129968,4,0.0000,0.0000,0.0001,0.0714,0.6770,0.2490,0.0024,0.0001,0.0000,0.0000
Maze/162,4.272240700792985,4,0.0000,0.0000,0.0000,0.0415,0.6486,0.3064,0.0034,0.0002,0.0000,0.0000
Maze/163,4.182288890308218,4,0.0000,0.0000,0.0001,0.0714,0.6772,0.2491,0.0022,0.0001,0.0000,0.0000
Maze/164,4.503397816304552,4,0.0000,0.0000,0.0000,0.0146,0.4847,0.4847,0.0146,0.0014,0.0000,0.0000
Maze/165,4.509831325183754,4,0.0000,0.0000,0.0000,0.0114,0.4860,0.4860,0.0147,0.0020,0.0000,0.0000
Maze/166,4.203166695490545,4,0.0000,0.0000,0.0000,0.0564,0.6874,0.2529,0.0032,0.0001,0.0000,0.0000
Maze/167,4.217071152006077,4,0.0000,0.0000,0.0000,0.0445,0.6966,0.2562,0.0025,0.0001,0.0000,0.0000
Maze/168,4.412909243135848,4,0.0000,0.0000,0.0000,0.0270,0.5422,0.4223,0.0077,0.0007,0.0000,0.0000
Maze/169,4.218415970538389,4,0.0000,0.0000,0.0000,0.0445,0.6960,0.2561,0.0032,0.0002,0.0000,0.0000
Maze/170,4.257552118017711,4,0.0000,0.0000,0.0000,0.0526,0.6410,0.3028,0.0034,0.0002,0.0000,0.0000
Maze/171,4.154454427710723,4,0.0000,0.0000,0.0000,0.0598,0.7286,0.2088,0.0026,0.0001,0.0000,0.0000
Maze/172,4.182841509129968,4,0.0000,0.0000,0.0001,0.0714,0.6770,0.2490,0.0024,0.0001,0.0000,0.0000
Maze/173,4.25729754143665,4,0.0000,0.0000,0.0000,0.0526,0.6410,0.3028,0.0034,0.0001,0.0000,0.0000
Maze/174,4.20240777900822,4,0.0000,0.0000,0.0000,0.0564,0.6876,0.2530,0.0028,0.0001,0.0000,0.0000
Maze/175,4.256715117126149,4,0.0000,0.0000,0.0000,0.0526,0.6413,0.3029,0.0030,0.0002,0.0000,0.0000
Maze/176,4.5043632696058165,4,0.0000,0.0000,0.0000,0.0146,0.4845,0.4845,0.0146,0.0017,0.0000,0.0000
Maze/177,4.202502744939708,4,0.0000,0.0000,0.0000,0.0564,0.6876,0.2530,0.0028,0.0001,0.0000,0.0000
Maze/178,4.498989894907059,4,0.0000,0.0000,0.0000,0.0147,0.4862,0.4862,0.0114,0.0015,0.0000,0.0000
Maze/179,4.273010185123386,4,0.0000,0.0000,0.0000,0.0414,0.6483,0.3062,0.0039,0.0002,0.0000,0.0000
Maze/180,4.2581926189603,4,0.0000,0.0000,0.0000,0.0526,0.6407,0.3027,0.0038,0.0002,0.0000,0.0000
Maze/181,4.355983857496707,4,0.0000,0.0000,0.0000,0.0234,0.6039,0.3663,0.0059,0.0004,0.0000,0.0000
Maze/182,4.412909243135848,4,0.0000,0.0000,0.0000,0.0270,0.5422,0.4223,0.0077,0.0007,0.0000,0.0000
Maze/183,4.273989048280884,4,0.0000,0.0000,0.0000,0.0414,0.6479,0.3061,0.0044,0.0002,0.0000,0.0000
Maze/184,4.238067899350864,4,0.0000,0.0000,0.0000,0.0666,0.6318,0.2985,0.0029,0.0001,0.0000,0.0000
Maze/185,4.334400535009065,4,0.0000,0.0000,0.0000,0.0381,0.5953,0.3611,0.0052,0.0004,0.0000,0.0000
Maze/186,4.258261889953422,4,0.0000,0.0000,0.0000,0.0526,0.6407,0.3026,0.0038,0.0002,0.0000,0.0000
Maze/187,4.182288890308218,4,0.0000,0.0000,0.0001,0.0714,0.6772,0.2491,0.0022,0.0001,0.0000,0.0000
Maze/188,4.489529857859097,4,0.0000,0.0000,0.0000,0.0188,0.4850,0.4850,0.0101,0.0011,0.0000,0.0000
Maze/189,4.258103186795919,4,0.0000,0.0000,0.0000,0.0526,0.6408,0.3027,0.0038,0.0001,0.0000,0.0000
Maze/190,4.134037463376665,4,0.0000,0.0000,0.0001,0.0756,0.7169,0.2054,0.0020,0.0001,0.0000,0.0000
Maze/191,4.275159999462771,4,0.0000,0.0000,0.0000,0.0414,0.6475,0.3059,0.0049,0.0003,0.0000,0.0000
Maze/192,4.332388997172847,4,0.0000,0.0000,0.0000,0.0381,0.5960,0.3615,0.0040,0.0003,0.0000,0.0000
Maze/193,4.437229080959922,4,0.0000,0.0000,0.0000,0.0165,0.5450,0.4245,0.0128,0.0012,0.0000,0.0000
Maze/194,4.182288890308218,4,0.0000,0.0000,0.0001,0.0714,0.6772,0.2491,0.0022,0.0001,0.0000,0.0000
Maze/195,4.201835457350156,4,0.0000,0.0000,0.0000,0.0565,0.6878,0.2530,0.0025,0.0001,0.0000,0.0000
Maze/196,4.182841509129968,4,0.0000,0.0000,0.0001,0.0714,0.6770,0.2490,0.0024,0.0001,0.0000,0.0000
Maze/197,4.201822599952149,4,0.0000,0.0000,0.0000,0.0565,0.6879,0.2531,0.0025,0.0001,0.0000,0.0000
Maze/198,4.2031877375712945,4,0.0000,0.0000,0.0000,0.0564,0.6873,0.2529,0.0032,0.0002,0.0000,0.0000
Maze/199,4.578590032701999,5,0.0000,0.0000,0.0000,0.0127,0.4219,0.5418,0.0210,0.0025,0.0000,0.0000
OneStroke/0,3.381274699479571,3,0.0000,0.0000,0.0467,0.5687,0.3449,0.0364,0.0030,0.0004,0.0000,0.0000
OneStroke/1,3.600601071738344,3,0.0000,0.0000,0.0222,0.4468,0.4468,0.0776,0.0056,0.0010,0.0000,0.0000
OneStroke/2,3.4921650256720898,3,0.0000,0.0000,0.0326,0.5100,0.3972,0.0538,0.0057,0.0008,0.0000,0.0000
OneStroke/3,3.5152079812353305,3,0.0000,0.0000,0.0321,0.5023,0.3912,0.0680,0.0056,0.0009,0.0000,0.0000
OneStroke/4,3.558825064597093,3,0.0000,0.0000,0.0247,0.4953,0.3858,0.0861,0.0071,0.0011,0.0000,0.0000
OneStroke/5,3.488418320803688,3,0.0000,0.0000,0.0326,0.5107,0.3978,0.0538,0.0044,0.0006,0.0000,0.0000
OneStroke/6,3.6904397918986565,4,0.0000,0.0000,0.0133,0.3898,0.5005,0.0870,0.0081,0.0012,0.0000,0.0000
OneStroke/7,3.611414835779967,3,0.0000,0.0000,0.0154,0.4499,0.4499,0.0782,0.0057,0.0009,0.0000,0.0000
OneStroke/8,3.3799770345371956,3,0.0000,0.0000,0.0467,0.5689,0.3451,0.0364,0.0026,0.0002,0.0000,0.0000
OneStroke/9,3.381274699479571,3,0.0000,0.0000,0.0467,0.5687,0.3449,0.0364,0.0030,0.0004,0.0000,0.0000
OneStroke/10,3.6049034627043426,3,0.0000,0.0000,0.0222,0.4460,0.4460,0.0775,0.0072,0.0011,0.0000,0.0000
OneStroke/11,3.5660840085203405,3,0.0000,0.0000,0.0289,0.4516,0.4516,0.0611,0.0057,0.0010,0.0000,0.0000
OneStroke/12,3.5060161720932914,3,0.0000,0.0000,0.0201,0.5177,0.4032,0.0546,0.0040,0.0005,0.0000,0.0000
OneStroke/13,3.5152079812353305,3,0.0000,0.0000,0.0321,0.5023,0.3912,0.0680,0.0056,0.0009,0.0000,0.0000
OneStroke/14,3.4205769563559567,3,0.0000,0.0000,0.0539,0.5115,0.3984,0.0327,0.0030,0.0004,0.0000,0.0000
OneStroke/15,3.4921650256720898,3,0.0000,0.0000,0.0326,0.5100,0.3972,0.0538,0.0057,0.0008,0.0000,0.0000
OneStroke/16,3.6165449395065896,3,0.0000,0.0000,0.0136,0.4504,0.4504,0.0783,0.0064,0.0010,0.0000,0.0000
OneStroke/17,3.6165449395065896,3,0.0000,0.0000,0.0136,0.4504,0.4504,0.0783,0.0064,0.0010,0.0000,0.0000
OneStroke/18,3.604866997789948,3,0.0000,0.0000,0.0222,0.4460,0.4460,0.0775,0.0072,0.0011,0.0000,0.0000
OneStroke/19,3.501148119905446,3,0.0000,0.0000,0.0409,0.4978,0.3877,0.0674,0.0055,0.0007,0.0000,0.0000
OneStroke/20,3.597951064770399,3,0.0000,0.0000,0.0223,0.4472,0.4472,0.0777,0.0050,0.0007,0.0000,0.0000
OneStroke/21,3.5660840085203405,3,0.0000,0.0000,0.0289,0.4516,0.4516,0.0611,0.0057,0.0010,0.0000,0.0000
OneStroke/22,3.381285303991443,3,0.0000,0.0000,0.0467,0.5687,0.3449,0.0364,0.0030,0.0004,0.0000,0.0000
OneStroke/23,3.4205769563559567,3,0.0000,0.0000,0.0539,0.5115,0.3984,0.0327,0.0030,0.0004,0.0000,0.0000
OneStroke/24,3.604866997789948,3,0.0000,0.0000,0.0222,0.4460,0.4460,0.0775,0.0072,0.0011,0.0000,0.0000
OneStroke/25,3.5714648068652837,3,0.0000,0.0000,0.0227,0.4553,0.4553,0.0616,0.0045,0.0005,0.0000,0.0000
OneStroke/26,3.3409456953362935,3,0.0000,0.0001,0.0747,0.5519,0.3347,0.0353,0.0029,0.0004,0.0000,0.0000
OneStroke/27,3.4205769563559567,3,0.0000,0.0000,0.0539,0.5115,0.3984,0.0327,0.0030,0.0004,0.0000,0.0000
OneStroke/28,3.6165449395065896,3,0.0000,0.0000,0.0136,0.4504,0.4504,0.0783,0.0064,0.0010,0.0000,0.0000
OneStroke/29,3.600601071738344,3,0.0000,0.0000,0.0222,0.4468,0.4468,0.0776,0.0056,0.0010,0.0000,0.0000
OneStroke/30,3.501148119905446,3,0.0000,0.0000,0.0409,0.4978,0.3877,0.0674,0.0055,0.0007,0.0000,0.0000
OneStroke/31,3.5152079812353305,3,0.0000,0.0000,0.0321,0.5023,0.3912,0.0680,0.0056,0.0009,0.0000,0.0000
OneStroke/32,3.488418320803688,3,0.0000,0.0000,0.0326,0.5107,0.3978,0.0538,0.0044,0.0006,0.0000,0.0000
OneStroke/33,3.5421892107422246,3,0.0000,0.0000,0.0293,0.4586,0.4586,0.0483,0.0045,0.0007,0.0000,0.0000
OneStroke/34,3.5302360583812966,3,0.0000,0.0000,0.0223,0.5074,0.3952,0.0687,0.0056,0.0008,0.0000,0.0000
OneStroke/35,3.575386827917355,3,0.0000,0.0000,0.0226,0.4547,0.4547,0.0615,0.0057,0.0008,0.0000,0.0000
OneStroke/36,3.609582378414984,3,0.0000,0.0000,0.0196,0.4471,0.4471,0.0777,0.0072,0.0013,0.0000,0.0000
OneStroke/37,3.3799770345371956,3,0.0000,0.0000,0.0467,0.5689,0.3451,0.0364,0.0026,0.0002,0.0000,0.0000
OneStroke/38,3.6081214287126846,3,0.0000,0.0000,0.0174,0.4490,0.4490,0.0780,0.0057,0.0009,0.0000,0.0000
OneStroke/39,3.6165449395065896,3,0.0000,0.0000,0.0136,0.4504,0.4504,0.0783,0.0064,0.0010,0.0000,0.0000
OneStroke/40,3.488418320803688,3,0.0000,0.0000,0.0326,0.5107,0.3978,0.0538,0.0044,0.0006,0.0000,0.0000
OneStroke/41,3.5636792086242295,3,0.0000,0.0000,0.0289,0.4521,0.4521,0.0612,0.0050,0.0008,0.0000,0.0000
OneStroke/42,3.3799770345371956,3,0.0000,0.0000,0.0467,0.5689,0.3451,0.0364,0.0026,0.0002,0.0000,0.0000
OneStroke/43,3.5421892107422246,3,0.0000,0.0000,0.0293,0.4586,0.4586,0.0483,0.0045,0.0007,0.0000,0.0000
OneStroke/44,3.5078096313217166,3,0.0000,0.0000,0.0201,0.5174,0.4029,0.0545,0.0045,0.0006,0.0000,0.0000
OneStroke/45,3.5060161720932914,3,0.0000,0.0000,0.0201,0.5177,0.4032,0.0546,0.0040,0.0005,0.0000,0.0000
OneStroke/46,3.501148119905446,3,0.0000,0.0000,0.0409,0.4978,0.3877,0.0674,0.0055,0.0007,0.0000,0.0000
OneStroke/47,3.1889904548701207,3,0.0000,0.0003,0.1287,0.5768,0.2725,0.0197,0.0018,0.0002,0.0000,0.0000
OneStroke/48,3.5636792086242295,3,0.0000,0.0000,0.0289,0.4521,0.4521,0.0612,0.0050,0.0008,0.0000,0.0000
OneStroke/49,3.558825064597093,3,0.0000,0.0000,0.0247,0.4953,0.3858,0.0861,0.0071,0.0011,0.0000,0.0000
OneStroke/50,3.1889904548701207,3,0.0000,0.0003,0.1287,0.5768,0.2725,0.0197,0.0018,0.0002,0.0000,0.0000
OneStroke/51,3.6049034627043426,3,0.0000,0.0000,0.0222,0.4460,0.4460,0.0775,0.0072,0.0011,0.0000,0.0000
OneStroke/52,3.381285303991443,3,0.0000,0.0000,0.0467,0.5687,0.3449,0.0364,0.0030,0.0004,0.0000,0.0000
OneStroke/53,3.6049034627043426,3,0.0000,0.0000,0.0222,0.4460,0.4460,0.0775,0.0072,0.0011,0.0000,0.0000
OneStroke/54,3.609582378414984,3,0.0000,0.0000,0.0196,0.4471,0.4471,0.0777,0.0072,0.0013,0.0000,0.0000
OneStroke/55,3.609582378414984,3,0.0000,0.0000,0.0196,0.4471,0.4471,0.0777,0.0072,0.0013,0.0000,0.0000
OneStroke/56,3.381285303991443,3,0.0000,0.0000,0.0467,0.5687,0.3449,0.0364,0.0030,0.0004,0.0000,0.0000
OneStroke/57,3.3409456953362935,3,0.0000,0.0001,0.0747,0.5519,0.3347,0.0353,0.0029,0.0004,0.0000,0.0000
OneStroke/58,3.4205769563559567,3,0.0000,0.0000,0.0539,0.5115,0.3984,0.0327,0.0030,0.0004,0.0000,0.0000
OneStroke/59,3.575386827917355,3,0.0000,0.0000,0.0226,0.4547,0.4547,0.0615,0.0057,0.0008,0.0000,0.0000
OneStroke/60,3.685248718890874,4,0.0000,0.0000,0.0151,0.3895,0.5001,0.0869,0.0071,0.0012,0.0000,0.0000
OneStroke/61,3.597951064770399,3,0.0000,0.0000,0.0223,0.4472,0.4472,0.0777,0.0050,0.0007,0.0000,0.0000
OneStroke/62,3.5152079812353305,3,0.0000,0.0000,0.0321,0.5023,0.3912,0.0680,0.0056,0.0009,0.0000,0.0000
OneStroke/63,3.3809998860844206,3,0.0000,0.0000,0.0467,0.5687,0.3449,0.0364,0.0030,0.0003,0.0000,0.0000
OneStroke/64,3.611414835779967,3,0.0000,0.0000,0.0154,0.4499,0.4499,0.0782,0.0057,0.0009,0.0000,0.0000
OneStroke/65,3.3409456953362935,3,0.0000,0.0001,0.0747,0.5519,0.3347,0.0353,0.0029,0.0004,0.0000,0.0000
OneStroke/66,3.3809998860844206,3,0.0000,0.0000,0.0467,0.5687,0.3449,0.0364,0.0030,0.0003,0.0000,0.0000
OneStroke/67,3.488418320803688,3,0.0000,0.0000,0.0326,0.5107,0.3978,0.0538,0.0044,0.0006,0.0000,0.0000
OneStroke/68,3.5234701961955204,3,0.0000,0.0000,0.0252,0.5063,0.3943,0.0685,0.0050,0.0006,0.0000,0.0000
OneStroke/69,3.6143366032704947,3,0.0000,0.0000,0.0136,0.4508,0.4508,0.0783,0.0057,0.0009,0.0000,0.0000
OneStroke/70,3.5152079812353305,3,0.0000,0.0000,0.0321,0.5023,0.3912,0.0680,0.0056,0.0009,0.0000,0.0000
OneStroke/71,3.488418320803688,3,0.0000,0.0000,0.0326,0.5107,0.3978,0.0538,0.0044,0.0006,0.0000,0.0000
OneStroke/72,3.5636792086242295,3,0.0000,0.0000,0.0289,0.4521,0.4521,0.0612,0.0050,0.0008,0.0000,0.0000
OneStroke/73,3.616095389965429,3,0.0000,0.0000,0.0154,0.4491,0.4491,0.0780,0.0073,0.0011,0.0000,0.0000
OneStroke/74,3.6143366032704947,3,0.0000,0.0000,0.0136,0.4508,0.4508,0.0783,0.0057,0.0009,0.0000,0.0000
OneStroke/75,3.1889904548701207,3,0.0000,0.0003,0.1287,0.5768,0.2725,0.0197,0.0018,0.0002,0.0000,0.0000
OneStroke/76,3.5660840085203405,3,0.0000,0.0000,0.0289,0.4516,0.4516,0.0611,0.0057,0.0010,0.0000,0.0000
OneStroke/77,3.3809998860844206,3,0.0000,0.0000,0.0467,0.5687,0.3449,0.0364,0.0030,0.0003,0.0000,0.0000
OneStroke/78,3.3409456953362935,3,0.0000,0.0001,0.0747,0.5519,0.3347,0.0353,0.0029,0.0004,0.0000,0.0000
OneStroke/79,3.609582378414984,3,0.0000,0.0000,0.0196,0.4471,0.4471,0.0777,0.0072,0.0013,0.0000,0.0000
OneStroke/80,3.5078096313217166,3,0.0000,0.0000,0.0201,0.5174,0.4029,0.0545,0.0045,0.0006,0.0000,0.0000
OneStroke/81,3.6143366032704947,3,0.0000,0.0000,0.0136,0.4508,0.4508,0.0783,0.0057,0.0009,0.0000,0.0000
OneStroke/82,3.597951064770399,3,0.0000,0.0000,0.0223,0.4472,0.4472,0.0777,0.0050,0.0007,0.0000,0.0000
OneStroke/83,3.5152079812353305,3,0.0000,0.0000,0.0321,0.5023,0.3912,0.0680,0.0056,0.0009,0.0000,0.0000
OneStroke/84,3.6904397918986565,4,0.0000,0.0000,0.0133,0.3898,0.5005,0.0870,0.0081,0.0012,0.0000,0.0000
OneStroke/85,3.5152079812353305,3,0.0000,0.0000,0.0321,0.5023,0.3912,0.0680,0.0056,0.0009,0.0000,0.0000
OneStroke/86,3.5421892107422246,3,0.0000,0.0000,0.0293,0.4586,0.4586,0.0483,0.0045,0.0007,0.0000,0.0000
OneStroke/87,3.600601071738344,3,0.0000,0.0000,0.0222,0.4468,0.4468,0.0776,0.0056,0.0010,0.0000,0.0000
OneStroke/88,3.1889904548701207,3,0.0000,0.0003,0.1287,0.5768,0.2725,0.0197,0.0018,0.0002,0.0000,0.0000
OneStroke/89,3.3799770345371956,3,0.0000,0.0000,0.0467,0.5689,0.3451,0.0364,0.0026,0.0002,0.0000,0.0000
OneStroke/90,3.488418320803688,3,0.0000,0.0000,0.0326,0.5107,0.3978,0.0538,0.0044,0.0006,0.0000,0.0000
OneStroke/91,3.616095389965429,3,0.0000,0.0000,0.0154,0.4491,0.4491,0.0780,0.0073,0.0011,0.0000,0.0000
OneStroke/92,3.616095389965429,3,0.0000,0.0000,0.0154,0.4491,0.4491,0.0780,0.0073,0.0011,0.0000,0.0000
OneStroke/93,3.600601071738344,3,0.0000,0.0000,0.0222,0.4468,0.4468,0.0776,0.0056,0.0010,0.0000,0.0000
OneStroke/94,3.597951064770399,3,0.0000,0.0000,0.0223,0.4472,0.4472,0.0777,0.0050,0.0007,0.0000,0.0000
OneStroke/95,3.6081214287126846,3,0.0000,0.0000,0.0174,0.4490,0.4490,0.0780,0.0057,0.0009,0.0000,0.0000
OneStroke/96,3.5714648068652837,3,0.0000,0.0000,0.0227,0.4553,0.4553,0.0616,0.0045,0.0005,0.0000,0.0000
OneStroke/97,3.604866997789948,3,0.0000,0.0000,0.0222,0.4460,0.4460,0.0775,0.0072,0.0011,0.0000,0.0000
OneStroke/98,3.616095389965429,3,0.0000,0.0000,0.0154,0.4491,0.4491,0.0780,0.0073,0.0011,0.0000,0.0000
OneStroke/99,3.6081214287126846,3,0.0000,0.0000,0.0174,0.4490,0.4490,0.0780,0.0057,0.0009,0.0000,0.0000
OneStroke/100,3.1889904548701207,3,0.0000,0.0003,0.1287,0.5768,0.2725,0.0197,0.0018,0.0002,0.0000,0.0000
OneStroke/101,3.6143366032704947,3,0.0000,0.0000,0.0136,0.4508,0.4508,0.0783,0.0057,0.0009,0.0000,0.0000
OneStroke/102,3.5636792086242295,3,0.0000,0.0000,0.0289,0.4521,0.4521,0.0612,0.0050,0.0008,0.0000,0.0000
OneStroke/103,3.6081214287126846,3,0.0000,0.0000,0.0174,0.4490,0.4490,0.0780,0.0057,0.0009,0.0000,0.0000
OneStroke/104,3.685248718890874,4,0.0000,0.0000,0.0151,0.3895,0.5001,0.0869,0.0071,0.0012,0.0000,0.0000
OneStroke/105,3.4921650256720898,3,0.0000,0.0000,0.0326,0.5100,0.3972,0.0538,0.0057,0.0008,0.0000,0.0000
OneStroke/106,3.6904397918986565,4,0.0000,0.0000,0.0133,0.3898,0.5005,0.0870,0.0081,0.0012,0.0000,0.0000
OneStroke/107,3.488427966602711,3,0.0000,0.0000,0.0326,0.5107,0.3978,0.0538,0.0044,0.0006,0.0000,0.0000
OneStroke/108,3.6143366032704947,3,0.0000,0.0000,0.0136,0.4508,0.4508,0.0783,0.0057,0.0009,0.0000,0.0000
OneStroke/109,3.501148119905446,3,0.0000,0.0000,0.0409,0.4978,0.3877,0.0674,0.0055,0.0007,0.0000,0.0000
OneStroke/110,3.5636792086242295,3,0.0000,0.0000,0.0289,0.4521,0.4521,0.0612,0.0050,0.0008,0.0000,0.0000
OneStroke/111,3.3809998860844206,3,0.0000,0.0000,0.0467,0.5687,0.3449,0.0364,0.0030,0.0003,0.0000,0.0000
OneStroke/112,3.5078096313217166,3,0.0000,0.0000,0.0201,0.5174,0.4029,0.0545,0.0045,0.0006,0.0000,0.0000
OneStroke/113,3.381285303991443,3,0.0000,0.0000,0.0467,0.5687,0.3449,0.0364,0.0030,0.0004,0.0000,0.0000
OneStroke/114,3.604866997789948,3,0.0000,0.0000,0.0222,0.4460,0.4460,0.0775,0.0072,0.0011,0.0000,0.0000
OneStroke/115,3.5152079812353305,3,0.0000,0.0000,0.0321,0.5023,0.3912,0.0680,0.0056,0.0009,0.0000,0.0000
OneStroke/116,3.600601071738344,3,0.0000,0.0000,0.0222,0.4468,0.4468,0.0776,0.0056,0.0010,0.0000,0.0000
OneStroke/117,3.1889904548701207,3,0.0000,0.0003,0.1287,0.5768,0.2725,0.0197,0.0018,0.0002,0.0000,0.0000
OneStroke/118,3.5636792086242295,3,0.0000,0.0000,0.0289,0.4521,0.4521,0.0612,0.0050,0.0008,0.0000,0.0000
OneStroke/119,3.616095389965429,3,0.0000,0.0000,0.0154,0.4491,0.4491,0.0780,0.0073,0.0011,0.0000,0.0000
OneStroke/120,3.486644659382467,3,0.0000,0.0000,0.0327,0.5111,0.3980,0.0539,0.0039,0.0005,0.0000,0.0000
OneStroke/121,3.558825064597093,3,0.0000,0.0000,0.0247,0.4953,0.3858,0.0861,0.0071,0.0011,0.0000,0.0000
OneStroke/122,3.616095389965429,3,0.0000,0.0000,0.0154,0.4491,0.4491,0.0780,0.0073,0.0011,0.0000,0.0000
OneStroke/123,3.609582378414984,3,0.0000,0.0000,0.0196,0.4471,0.4471,0.0777,0.0072,0.0013,0.0000,0.0000
OneStroke/124,3.611414835779967,3,0.0000,0.0000,0.0154,0.4499,0.4499,0.0782,0.0057,0.0009,0.0000,0.0000
OneStroke/125,3.501148119905446,3,0.0000,0.0000,0.0409,0.4978,0.3877,0.0674,0.0055,0.0007,0.0000,0.0000
OneStroke/126,3.6904397918986565,4,0.0000,0.0000,0.0133,0.3898,0.5005,0.0870,0.0081,0.0012,0.0000,0.0000
OneStroke/127,3.575386827917355,3,0.0000,0.0000,0.0226,0.4547,0.4547,0.0615,0.0057,0.0008,0.0000,0.0000
OneStroke/128,3.604866997789948,3,0.0000,0.0000,0.0222,0.4460,0.4460,0.0775,0.0072,0.0011,0.0000,0.0000
OneStroke/129,3.1889904548701207,3,0.0000,0.0003,0.1287,0.5768,0.2725,0.0197,0.0018,0.0002,0.0000,0.0000
OneStroke/130,3.6049034627043426,3,0.0000,0.0000,0.0222,0.4460,0.4460,0.0775,0.0072,0.0011,0.0000,0.0000
OneStroke/131,3.3799770345371956,3,0.0000,0.0000,0.0467,0.5689,0.3451,0.0364,0.0026,0.0002,0.0000,0.0000
OneStroke/132,3.5302360583812966,3,0.0000,0.0000,0.0223,0.5074,0.3952,0.0687,0.0056,0.0008,0.0000,0.0000
OneStroke/133,3.5660840085203405,3,0.0000,0.0000,0.0289,0.4516,0.4516,0.0611,0.0057,0.0010,0.0000,0.0000
OneStroke/134,3.4205769563559567,3,0.0000,0.0000,0.0539,0.5115,0.3984,0.0327,0.0030,0.0004,0.0000,0.0000
OneStroke/135,3.5060161720932914,3,0.0000,0.0000,0.0201,0.5177,0.4032,0.0546,0.0040,0.0005,0.0000,0.0000
OneStroke/136,3.6049034627043426,3,0.0000,0.0000,0.0222,0.4460,0.4460,0.0775,0.0072,0.0011,0.0000,0.0000
OneStroke/137,3.600601071738344,3,0.0000,0.0000,0.0222,0.4468,0.4468,0.0776,0.0056,0.0010,0.0000,0.0000
OneStroke/138,3.6904397918986565,4,0.0000,0.0000,0.0133,0.3898,0.5005,0.0870,0.0081,0.0012,0.0000,0.0000
OneStroke/139,3.5421892107422246,3,0.0000,0.0000,0.0293,0.4586,0.4586,0.0483,0.0045,0.0007,0.0000,0.0000
OneStroke/140,3.4921650256720898,3,0.0000,0.0000,0.0326,0.5100,0.3972,0.0538,0.0057,0.0008,0.0000,0.0000
OneStroke/141,3.6165449395065896,3,0.0000,0.0000,0.0136,0.4504,0.4504,0.0783,0.0064,0.0010,0.0000,0.0000
OneStroke/142,3.501148119905446,3,0.0000,0.0000,0.0409,0.4978,0.3877,0.0674,0.0055,0.0007,0.0000,0.0000
OneStroke/143,3.6165449395065896,3,0.0000,0.0000,0.0136,0.4504,0.4504,0.0783,0.0064,0.0010,0.0000,0.0000
OneStroke/144,3.5714648068652837,3,0.0000,0.0000,0.0227,0.4553,0.4553,0.0616,0.0045,0.0005,0.0000,0.0000
OneStroke/145,3.501148119905446,3,0.0000,0.0000,0.0409,0.4978,0.3877,0.0674,0.0055,0.0007,0.0000,0.0000
OneStroke/146,3.597951064770399,3,0.0000,0.0000,0.0223,0.4472,0.4472,0.0777,0.0050,0.0007,0.0000,0.0000
OneStroke/147,3.488427966602711,3,0.0000,0.0000,0.0326,0.5107,0.3978,0.0538,0.0044,0.0006,0.0000,0.0000
OneStroke/148,3.5060161720932914,3,0.0000,0.0000,0.0201,0.5177,0.4032,0.0546,0.0040,0.0005,0.0000,0.0000
OneStroke/149,3.575386827917355,3,0.0000,0.0000,0.0226,0.4547,0.4547,0.0615,0.0057,0.0008,0.0000,0.0000
OneStroke/150,3.5714648068652837,3,0.0000,0.0000,0.0227,0.4553,0.4553,0.0616,0.0045,0.0005,0.0000,0.0000
OneStroke/151,3.486644659382467,3,0.0000,0.0000,0.0327,0.5111,0.3980,0.0539,0.0039,0.0005,0.0000,0.0000
OneStroke/152,3.5078096313217166,3,0.0000,0.0000,0.0201,0.5174,0.4029,0.0545,0.0045,0.0006,0.0000,0.0000
OneStroke/153,3.5421892107422246,3,0.0000,0.0000,0.0293,0.4586,0.4586,0.0483,0.0045,0.0007,0.0000,0.0000
OneStroke/154,3.6049034627043426,3,0.0000,0.0000,0.0222,0.4460,0.4460,0.0775,0.0072,0.0011,0.0000,0.0000
OneStroke/155,3.611414835779967,3,0.0000,0.0000,0.0154,0.4499,0.4499,0.0782,0.0057,0.0009,0.0000,0.0000
OneStroke/156,3.3809998860844206,3,0.0000,0.0000,0.0467,0.5687,0.3449,0.0364,0.0030,0.0003,0.0000,0.0000
OneStroke/157,3.5636792086242295,3,0.0000,0.0000,0.0289,0.4521,0.4521,0.0612,0.0050,0.0008,0.0000,0.0000
OneStroke/158,3.3409456953362935,3,0.0000,0.0001,0.0747,0.5519,0.3347,0.0353,0.0029,0.0004,0.0000,0.0000
OneStroke/159,3.3799770345371956,3,0.0000,0.0000,0.0467,0.5689,0.3451,0.0364,0.0026,0.0002,0.0000,0.0000
OneStroke/160,3.486644659382467,3,0.0000,0.0000,0.0327,0.5111,0.3980,0.0539,0.0039,0.0005,0.0000,0.0000
OneStroke/161,3.5060161720932914,3,0.0000,0.0000,0.0201,0.5177,0.4032,0.0546,0.0040,0.0005,0.0000,0.0000
OneStroke/162,3.5060161720932914,3,0.0000,0.0000,0.0201,0.5177,0.4032,0.0546,0.0040,0.0005,0.0000,0.0000
OneStroke/163,3.5302360583812966,3,0.0000,0.0000,0.0223,0.5074,0.3952,0.0687,0.0056,0.0008,0.0000,0.0000
OneStroke/164,3.486644659382467,3,0.0000,0.0000,0.0327,0.5111,0.3980,0.0539,0.0039,0.0005,0.0000,0.0000
OneStroke/165,3.486644659382467,3,0.0000,0.0000,0.0327,0.5111,0.3980,0.0539,0.0039,0.0005,0.0000,0.0000
OneStroke/166,3.685248718890874,4,0.0000,0.0000,0.0151,0.3895,0.5001,0.0869,0.0071,0.0012,0.0000,0.0000
OneStroke/167,3.5302360583812966,3,0.0000,0.0000,0.0223,0.5074,0.3952,0.0687,0.0056,0.0008,0.0000,0.0000
OneStroke/168,3.685248718890874,4,0.0000,0.0000,0.0151,0.3895,0.5001,0.0869,0.0071,0.0012,0.0000,0.0000
OneStroke/169,3.6143366032704947,3,0.0000,0.0000,0.0136,0.4508,0.4508,0.0783,0.0057,0.0009,0.0000,0.0000
OneStroke/170,3.5234701961955204,3,0.0000,0.0000,0.0252,0.5063,0.3943,0.0685,0.0050,0.0006,0.0000,0.0000
OneStroke/171,3.3409456953362935,3,0.0000,0.0001,0.0747,0.5519,0.3347,0.0353,0.0029,0.0004,0.0000,0.0000
OneStroke/172,3.6904397918986565,4,0.0000,0.0000,0.0133,0.3898,0.5005,0.0870,0.0081,0.0012,0.0000,0.0000
OneStroke/173,3.381285303991443,3,0.0000,0.0000,0.0467,0.5687,0.3449,0.0364,0.0030,0.0004,0.0000,0.0000
OneStroke/174,3.501148119905446,3,0.0000,0.0000,0.0409,0.4978,0.3877,0.0674,0.0055,0.0007,0.0000,0.0000
OneStroke/175,3.3809998860844206,3,0.0000,0.0000,0.0467,0.5687,0.3449,0.0364,0.0030,0.0003,0.0000,0.0000
OneStroke/176,3.4921650256720898,3,0.0000,0.0000,0.0326,0.5100,0.3972,0.0538,0.0057,0.0008,0.0000,0.0000
OneStroke/177,3.575386827917355,3,0.0000,0.0000,0.0226,0.4547,0.4547,0.0615,0.0057,0.0008,0.0000,0.0000
OneStroke/178,3.600601071738344,3,0.0000,0.0000,0.0222,0.4468,0.4468,0.0776,0.0056,0.0010,0.0000,0.0000
OneStroke/179,3.6081214287126846,3,0.0000,0.0000,0.0174,0.4490,0.4490,0.0780,0.0057,0.0009,0.0000,0.0000
OneStroke/180,3.6081214287126846,3,0.0000,0.0000,0.0174,0.4490,0.4490,0.0780,0.0057,0.0009,0.0000,0.0000
OneStroke/181,3.685248718890874,4,0.0000,0.0000,0.0151,0.3895,0.5001,0.0869,0.0071,0.0012,0.0000,0.0000
OneStroke/182,3.685248718890874,4,0.0000,0.0000,0.0151,0.3895,0.5001,0.0869,0.0071,0.0012,0.0000,0.0000
OneStroke/183,3.381285303991443,3,0.0000,0.0000,0.0467,0.5687,0.3449,0.0364,0.0030,0.0004,0.0000,0.0000
OneStroke/184,3.5421892107422246,3,0.0000,0.0000,0.0293,0.4586,0.4586,0.0483,0.0045,0.0007,0.0000,0.0000
OneStroke/185,3.488427966602711,3,0.0000,0.0000,0.0326,0.5107,0.3978,0.0538,0.0044,0.0006,0.0000,0.0000
OneStroke/186,3.381285303991443,3,0.0000,0.0000,0.0467,0.5687,0.3449,0.0364,0.0030,0.0004,0.0000,0.0000
OneStroke/187,3.597951064770399,3,0.0000,0.0000,0.0223,0.4472,0.4472,0.0777,0.0050,0.0007,0.0000,0.0000
OneStroke/188,3.616095389965429,3,0.0000,0.0000,0.0154,0.4491,0.4491,0.0780,0.0073,0.0011,0.0000,0.0000
OneStroke/189,3.4921650256720898,3,0.0000,0.0000,0.0326,0.5100,0.3972,0.0538,0.0057,0.0008,0.0000,0.0000
OneStroke/190,3.5078096313217166,3,0.0000,0.0000,0.0201,0.5174,0.4029,0.0545,0.0045,0.0006,0.0000,0.0000
OneStroke/191,3.6081214287126846,3,0.0000,0.0000,0.0174,0.4490,0.4490,0.0780,0.0057,0.0009,0.0000,0.0000
OneStroke/192,3.6904397918986565,4,0.0000,0.0000,0.0133,0.3898,0.5005,0.0870,0.0081,0.0012,0.0000,0.0000
OneStroke/193,3.575386827917355,3,0.0000,0.0000,0.0226,0.4547,0.4547,0.0615,0.0057,0.0008,0.0000,0.0000
OneStroke/194,3.5302360583812966,3,0.0000,0.0000,0.0223,0.5074,0.3952,0.0687,0.0056,0.0008,0.0000,0.0000
OneStroke/195,3.6081214287126846,3,0.0000,0.0000,0.0174,0.4490,0.4490,0.0780,0.0057,0.0009,0.0000,0.0000
OneStroke/196,3.5421892107422246,3,0.0000,0.0000,0.0293,0.4586,0.4586,0.0483,0.0045,0.0007,0.0000,0.0000
OneStroke/197,3.575386827917355,3,0.0000,0.0000,0.0226,0.4547,0.4547,0.0615,0.0057,0.0008,0.0000,0.0000
OneStroke/198,3.5302360583812966,3,0.0000,0.0000,0.0223,0.5074,0.3952,0.0687,0.0056,0.0008,0.0000,0.0000
OneStroke/199,3.5421892107422246,3,0.0000,0.0000,0.0293,0.4586,0.4586,0.0483,0.0045,0.0007,0.0000,0.0000
PathFollow/0,3.448012124987321,3,0.0000,0.0000,0.0163,0.5410,0.4213,0.0210,0.0003,0.0000,0.0000,0.0000
PathFollow/1,2.926185267556169,3,0.0000,0.0001,0.1958,0.6835,0.1188,0.0017,0.0000,0.0000,0.0000,0.0000
PathFollow/2,3.140546740014259,3,0.0000,0.0000,0.0753,0.7144,0.2047,0.0055,0.0001,0.0000,0.0000,0.0000
PathFollow/3,3.363185682235235,3,0.0000,0.0000,0.0296,0.5940,0.3603,0.0158,0.0003,0.0000,0.0000,0.0000
PathFollow/4,3.1783022358860786,3,0.0000,0.0000,0.0470,0.7351,0.2106,0.0072,0.0001,0.0000,0.0000,0.0000
PathFollow/5,3.4532702421472714,3,0.0000,0.0000,0.0128,0.5430,0.4229,0.0211,0.0003,0.0000,0.0000,0.0000
PathFollow/6,3.3822874838433066,3,0.0000,0.0000,0.0161,0.6023,0.3653,0.0161,0.0003,0.0000,0.0000,0.0000
PathFollow/7,3.3046107973807097,3,0.0000,0.0000,0.0322,0.6468,0.3055,0.0152,0.0003,0.0000,0.0000,0.0000
PathFollow/8,3.242526563592129,3,0.0000,0.0000,0.0348,0.6982,0.2569,0.0100,0.0002,0.0000,0.0000,0.0000
PathFollow/9,3.28027452179985,3,0.0000,0.0000,0.0413,0.6455,0.3049,0.0081,0.0001,0.0000,0.0000,0.0000
PathFollow/10,3.4668390990552003,3,0.0000,0.0000,0.0099,0.5412,0.4215,0.0269,0.0004,0.0000,0.0000,0.0000
PathFollow/11,3.3668364265493698,3,0.0000,0.0000,0.0295,0.5927,0.3595,0.0179,0.0003,0.0000,0.0000,0.0000
PathFollow/12,3.3634013190199816,3,0.0000,0.0000,0.0296,0.5940,0.3603,0.0158,0.0003,0.0000,0.0000,0.0000
PathFollow/13,3.3758254868072175,3,0.0000,0.0000,0.0205,0.5996,0.3637,0.0160,0.0002,0.0000,0.0000,0.0000
PathFollow/14,3.1134141294627695,3,0.0000,0.0000,0.0948,0.7007,0.2007,0.0037,0.0001,0.0000,0.0000,0.0000
PathFollow/15,3.1372632902816546,3,0.0000,0.0000,0.0754,0.7157,0.2050,0.0038,0.0001,0.0000,0.0000,0.0000
PathFollow/16,3.0962742831994694,3,0.0000,0.0000,0.0790,0.7497,0.1673,0.0039,0.0001,0.0000,0.0000,0.0000
PathFollow/17,3.3106823434063197,3,0.0000,0.0000,0.0253,0.6527,0.3083,0.0135,0.0002,0.0000,0.0000,0.0000
PathFollow/18,3.192229426011878,3,0.0000,0.0000,0.0710,0.6736,0.2478,0.0075,0.0002,0.0000,0.0000,0.0000
PathFollow/19,3.115481136867297,3,0.0000,0.0000,0.0947,0.6999,0.2005,0.0047,0.0001,0.0000,0.0000,0.0000
PathFollow/20,3.3883452936280687,3,0.0000,0.0000,0.0142,0.6021,0.3652,0.0182,0.0003,0.0000,0.0000,0.0000
PathFollow/21,3.211153947138394,3,0.0000,0.0000,0.0562,0.6843,0.2518,0.0076,0.0001,0.0000,0.0000,0.0000
PathFollow/22,3.226358070045588,3,0.0000,0.0000,0.0443,0.6930,0.2549,0.0077,0.0001,0.0000,0.0000,0.0000
PathFollow/23,3.5250300965814407,3,0.0000,0.0000,0.0113,0.4805,0.4805,0.0271,0.0005,0.0000,0.0000,0.0000
PathFollow/24,3.1166728279172156,3,0.0000,0.0000,0.0947,0.6994,0.2004,0.0053,0.0001,0.0000,0.0000,0.0000
PathFollow/25,3.317791479232371,3,0.0000,0.0000,0.0224,0.6534,0.3086,0.0154,0.0002,0.0000,0.0000,0.0000
PathFollow/26,3.1598726294501835,3,0.0000,0.0000,0.0596,0.7265,0.2082,0.0055,0.0001,0.0000,0.0000,0.0000
PathFollow/27,3.399170172703545,3,0.0000,0.0000,0.0125,0.6000,0.3639,0.0233,0.0004,0.0000,0.0000,0.0000
PathFollow/28,3.4685497942304573,3,0.0000,0.0000,0.0088,0.5418,0.4220,0.0270,0.0004,0.0000,0.0000,0.0000
PathFollow/29,3.4510701173179346,3,0.0000,0.0000,0.0144,0.5420,0.4221,0.0210,0.0004,0.0000,0.0000,0.0000
PathFollow/30,2.6892531510101567,3,0.0000,0.0007,0.3588,0.5915,0.0486,0.0004,0.0000,0.0000,0.0000,0.0000
PathFollow/31,3.2673862868044936,3,0.0000,0.0000,0.0523,0.6374,0.3011,0.0091,0.0001,0.0000,0.0000,0.0000
PathFollow/32,3.0041548180470206,3,0.0000,0.0000,0.1287,0.7405,0.1287,0.0021,0.0000,0.0000,0.0000,0.0000
PathFollow/33,3.481869851263729,3,0.0000,0.0000,0.0077,0.5382,0.4192,0.0344,0.0005,0.0000,0.0000,0.0000
PathFollow/34,3.4573867134547496,3,0.0000,0.0000,0.0100,0.5445,0.4241,0.0211,0.0003,0.0000,0.0000,0.0000
PathFollow/35,3.0962742831994694,3,0.0000,0.0000,0.0790,0.7497,0.1673,0.0039,0.0001,0.0000,0.0000,0.0000
PathFollow/36,3.464776266536994,3,0.0000,0.0000,0.0112,0.5405,0.4210,0.0269,0.0004,0.0000,0.0000,0.0000
PathFollow/37,3.2961352202279617,3,0.0000,0.0000,0.0324,0.6500,0.3070,0.0105,0.0001,0.0000,0.0000,0.0000
PathFollow/38,3.481869851263729,3,0.0000,0.0000,0.0077,0.5382,0.4192,0.0344,0.0005,0.0000,0.0000,0.0000
PathFollow/39,3.44132276445519,3,0.0000,0.0000,0.0209,0.5385,0.4194,0.0209,0.0003,0.0000,0.0000,0.0000
PathFollow/40,3.1154406596961235,3,0.0000,0.0000,0.0947,0.6999,0.2005,0.0047,0.0001,0.0000,0.0000,0.0000
PathFollow/41,3.2284495001549405,3,0.0000,0.0000,0.0442,0.6922,0.2546,0.0087,0.0002,0.0000,0.0000,0.0000
PathFollow/42,3.3760084536379455,3,0.0000,0.0000,0.0205,0.5996,0.3636,0.0160,0.0003,0.0000,0.0000,0.0000
PathFollow/43,3.3678618148014667,3,0.0000,0.0000,0.0262,0.5961,0.3616,0.0159,0.0002,0.0000,0.0000,0.0000
PathFollow/44,3.2247863967271715,3,0.0000,0.0000,0.0443,0.6936,0.2552,0.0068,0.0001,0.0000,0.0000,0.0000
PathFollow/45,2.9617286468774293,3,0.0000,0.0001,0.1894,0.6611,0.1475,0.0019,0.0000,0.0000,0.0000,0.0000
PathFollow/46,3.0962742831994694,3,0.0000,0.0000,0.0790,0.7497,0.1673,0.0039,0.0001,0.0000,0.0000,0.0000
PathFollow/47,3.004720199256712,3,0.0000,0.0001,0.1286,0.7403,0.1286,0.0024,0.0000,0.0000,0.0000,0.0000
PathFollow/48,3.211191716104041,3,0.0000,0.0000,0.0562,0.6843,0.2517,0.0076,0.0001,0.0000,0.0000,0.0000
PathFollow/49,3.0348359633057633,3,0.0000,0.0000,0.1031,0.7617,0.1324,0.0027,0.0000,0.0000,0.0000,0.0000
PathFollow/50,3.3899978541939153,3,0.0000,0.0000,0.0160,0.5995,0.3636,0.0205,0.0004,0.0000,0.0000,0.0000
PathFollow/51,3.0041673559253117,3,0.0000,0.0000,0.1287,0.7405,0.1287,0.0021,0.0000,0.0000,0.0000,0.0000
PathFollow/52,3.0404244767042976,3,0.0000,0.0000,0.1241,0.7140,0.1593,0.0026,0.0000,0.0000,0.0000,0.0000
PathFollow/53,3.004720199256712,3,0.0000,0.0001,0.1286,0.7403,0.1286,0.0024,0.0000,0.0000,0.0000,0.0000
PathFollow/54,3.464776266536994,3,0.0000,0.0000,0.0112,0.5405,0.4210,0.0269,0.0004,0.0000,0.0000,0.0000
PathFollow/55,2.1735769664033735,2,0.0000,0.0211,0.7931,0.1770,0.0088,0.0000,0.0000,0.0000,0.0000,0.0000
PathFollow/56,3.4668390990552003,3,0.0000,0.0000,0.0099,0.5412,0.4215,0.0269,0.0004,0.0000,0.0000,0.0000
PathFollow/57,3.2080615458537465,3,0.0000,0.0000,0.0563,0.6855,0.2522,0.0059,0.0001,0.0000,0.0000,0.0000
PathFollow/58,3.369026829400149,3,0.0000,0.0000,0.0232,0.5991,0.3634,0.0141,0.0002,0.0000,0.0000,0.0000
PathFollow/59,3.37571119707145,3,0.0000,0.0000,0.0231,0.5967,0.3619,0.0180,0.0003,0.0000,0.0000,0.0000
PathFollow/60,3.5361126668639877,3,0.0000,0.0000,0.0078,0.4804,0.4804,0.0307,0.0006,0.0000,0.0000,0.0000
PathFollow/61,3.3792433626423937,3,0.0000,0.0000,0.0181,0.6010,0.3645,0.0160,0.0003,0.0000,0.0000,0.0000
PathFollow/62,3.464913493907379,3,0.0000,0.0000,0.0112,0.5405,0.4209,0.0269,0.0004,0.0000,0.0000,0.0000
PathFollow/63,3.55122021831432,3,0.0000,0.0000,0.0060,0.4771,0.4771,0.0392,0.0006,0.0000,0.0000,0.0000
PathFollow/64,3.386779947924536,3,0.0000,0.0000,0.0181,0.5983,0.3629,0.0205,0.0003,0.0000,0.0000,0.0000
PathFollow/65,3.004720199256712,3,0.0000,0.0001,0.1286,0.7403,0.1286,0.0024,0.0000,0.0000,0.0000,0.0000
PathFollow/66,3.5498200635311576,3,0.0000,0.0000,0.0068,0.4768,0.4768,0.0391,0.0005,0.0000,0.0000,0.0000
PathFollow/67,3.464913493907379,3,0.0000,0.0000,0.0112,0.5405,0.4209,0.0269,0.0004,0.0000,0.0000,0.0000
PathFollow/68,3.3107557913953016,3,0.0000,0.0000,0.0253,0.6526,0.3083,0.0135,0.0002,0.0000,0.0000,0.0000
PathFollow/69,3.1783022358860786,3,0.0000,0.0000,0.0470,0.7351,0.2106,0.0072,0.0001,0.0000,0.0000,0.0000
PathFollow/70,3.375818903408183,3,0.0000,0.0000,0.0231,0.5966,0.3619,0.0180,0.0003,0.0000,0.0000,0.0000
PathFollow/71,3.1586226745143464,3,0.0000,0.0000,0.0597,0.7270,0.2083,0.0049,0.0001,0.0000,0.0000,0.0000
PathFollow/72,3.115436395839659,3,0.0000,0.0000,0.0947,0.6999,0.2005,0.0047,0.0001,0.0000,0.0000,0.0000
PathFollow/73,3.211156124002672,3,0.0000,0.0000,0.0562,0.6843,0.2518,0.0076,0.0001,0.0000,0.0000,0.0000
PathFollow/74,3.389852012325238,3,0.0000,0.0000,0.0160,0.5995,0.3636,0.0205,0.0004,0.0000,0.0000,0.0000
PathFollow/75,3.3822874838433066,3,0.0000,0.0000,0.0161,0.6023,0.3653,0.0161,0.0003,0.0000,0.0000,0.0000
PathFollow/76,3.5489906077224376,3,0.0000,0.0000,0.0077,0.4762,0.4762,0.0391,0.0007,0.0000,0.0000,0.0000
PathFollow/77,3.226358070045588,3,0.0000,0.0000,0.0443,0.6930,0.2549,0.0077,0.0001,0.0000,0.0000,0.0000
PathFollow/78,2.968680318267783,3,0.0000,0.0001,0.1594,0.7143,0.1241,0.0020,0.0000,0.0000,0.0000,0.0000
PathFollow/79,3.3724957647256875,3,0.0000,0.0000,0.0232,0.5979,0.3626,0.0159,0.0004,0.0000,0.0000,0.0000
PathFollow/80,3.4650605425075356,3,0.0000,0.0000,0.0112,0.5405,0.4209,0.0269,0.0005,0.0000,0.0000,0.0000
PathFollow/81,3.2940298688357386,3,0.0000,0.0000,0.0324,0.6508,0.3074,0.0093,0.0002,0.0000,0.0000,0.0000
PathFollow/82,3.448017061144615,3,0.0000,0.0000,0.0163,0.5410,0.4213,0.0210,0.0003,0.0000,0.0000,0.0000
PathFollow/83,3.3757107256017744,3,0.0000,0.0000,0.0231,0.5967,0.3619,0.0180,0.0003,0.0000,0.0000,0.0000
PathFollow/84,3.468704796676625,3,0.0000,0.0000,0.0088,0.5418,0.4220,0.0270,0.0005,0.0000,0.0000,0.0000
PathFollow/85,3.29619288623721,3,0.0000,0.0000,0.0324,0.6499,0.3070,0.0105,0.0002,0.0000,0.0000,0.0000
PathFollow/86,3.3079220915215943,3,0.0000,0.0000,0.0253,0.6537,0.3088,0.0120,0.0002,0.0000,0.0000,0.0000
PathFollow/87,2.9682271709015775,3,0.0000,0.0001,0.1594,0.7145,0.1242,0.0018,0.0000,0.0000,0.0000,0.0000
PathFollow/88,3.4668390990552003,3,0.0000,0.0000,0.0099,0.5412,0.4215,0.0269,0.0004,0.0000,0.0000,0.0000
PathFollow/89,3.3758254868072175,3,0.0000,0.0000,0.0205,0.5996,0.3637,0.0160,0.0002,0.0000,0.0000,0.0000
PathFollow/90,3.3792433626423937,3,0.0000,0.0000,0.0181,0.6010,0.3645,0.0160,0.0003,0.0000,0.0000,0.0000
PathFollow/91,3.3897252088622194,3,0.0000,0.0000,0.0160,0.5995,0.3636,0.0205,0.0003,0.0000,0.0000,0.0000
PathFollow/92,3.240318869585781,3,0.0000,0.0000,0.0348,0.6991,0.2572,0.0088,0.0001,0.0000,0.0000,0.0000
PathFollow/93,3.3857321714065316,3,0.0000,0.0000,0.0160,0.6010,0.3645,0.0181,0.0003,0.0000,0.0000,0.0000
PathFollow/94,3.3678618148014667,3,0.0000,0.0000,0.0262,0.5961,0.3616,0.0159,0.0002,0.0000,0.0000,0.0000
PathFollow/95,3.143547887821278,3,0.0000,0.0000,0.0752,0.7133,0.2044,0.0070,0.0001,0.0000,0.0000,0.0000
PathFollow/96,3.534003918369706,3,0.0000,0.0000,0.0088,0.4800,0.4800,0.0307,0.0004,0.0000,0.0000,0.0000
PathFollow/97,3.379461191942781,3,0.0000,0.0000,0.0205,0.5983,0.3629,0.0181,0.0003,0.0000,0.0000,0.0000
PathFollow/98,3.3758254868072175,3,0.0000,0.0000,0.0205,0.5996,0.3637,0.0160,0.0002,0.0000,0.0000,0.0000
PathFollow/99,3.3572773094032455,3,0.0000,0.0000,0.0297,0.5962,0.3616,0.0124,0.0002,0.0000,0.0000,0.0000
PathFollow/100,3.209510013028007,3,0.0000,0.0000,0.0562,0.6850,0.2520,0.0067,0.0001,0.0000,0.0000,0.0000
PathFollow/101,3.3108372409204674,3,0.0000,0.0000,0.0253,0.6526,0.3083,0.0135,0.0002,0.0000,0.0000,0.0000
PathFollow/102,3.3759135038810135,3,0.0000,0.0000,0.0205,0.5996,0.3637,0.0160,0.0003,0.0000,0.0000,0.0000
PathFollow/103,3.162853148573496,3,0.0000,0.0000,0.0595,0.7254,0.2078,0.0071,0.0001,0.0000,0.0000,0.0000
PathFollow/104,3.464776266536994,3,0.0000,0.0000,0.0112,0.5405,0.4210,0.0269,0.0004,0.0000,0.0000,0.0000
PathFollow/105,3.5489906077224376,3,0.0000,0.0000,0.0077,0.4762,0.4762,0.0391,0.0007,0.0000,0.0000,0.0000
PathFollow/106,3.453391748323721,3,0.0000,0.0000,0.0128,0.5429,0.4228,0.0211,0.0004,0.0000,0.0000,0.0000
PathFollow/107,3.4685497942304573,3,0.0000,0.0000,0.0088,0.5418,0.4220,0.0270,0.0004,0.0000,0.0000,0.0000
PathFollow/108,3.5341669500862163,3,0.0000,0.0000,0.0088,0.4800,0.4800,0.0307,0.0005,0.0000,0.0000,0.0000
PathFollow/109,3.069189256822636,3,0.0000,0.0000,0.0994,0.7343,0.1639,0.0023,0.0000,0.0000,0.0000,0.0000
PathFollow/110,3.240318869585781,3,0.0000,0.0000,0.0348,0.6991,0.2572,0.0088,0.0001,0.0000,0.0000,0.0000
PathFollow/111,3.3106823434063197,3,0.0000,0.0000,0.0253,0.6527,0.3083,0.0135,0.0002,0.0000,0.0000,0.0000
PathFollow/112,3.4820444376355426,3,0.0000,0.0000,0.0077,0.5382,0.4191,0.0344,0.0006,0.0000,0.0000,0.0000
PathFollow/113,3.480194382334973,3,0.0000,0.0000,0.0087,0.5377,0.4188,0.0344,0.0004,0.0000,0.0000,0.0000
PathFollow/114,3.466856178470371,3,0.0000,0.0000,0.0099,0.5412,0.4215,0.0269,0.0004,0.0000,0.0000,0.0000
PathFollow/115,3.3690222338039812,3,0.0000,0.0000,0.0232,0.5991,0.3634,0.0141,0.0002,0.0000,0.0000,0.0000
PathFollow/116,3.041921561547866,3,0.0000,0.0000,0.1240,0.7134,0.1592,0.0033,0.0001,0.0000,0.0000,0.0000
PathFollow/117,3.4667024519995904,3,0.0000,0.0000,0.0099,0.5412,0.4215,0.0269,0.0004,0.0000,0.0000,0.0000
PathFollow/118,3.2284495001549405,3,0.0000,0.0000,0.0442,0.6922,0.2546,0.0087,0.0002,0.0000,0.0000,0.0000
PathFollow/119,3.3106823434063197,3,0.0000,0.0000,0.0253,0.6527,0.3083,0.0135,0.0002,0.0000,0.0000,0.0000
PathFollow/120,3.211156124002672,3,0.0000,0.0000,0.0562,0.6843,0.2518,0.0076,0.0001,0.0000,0.0000,0.0000
PathFollow/121,3.5361126668639877,3,0.0000,0.0000,0.0078,0.4804,0.4804,0.0307,0.0006,0.0000,0.0000,0.0000
PathFollow/122,3.3724957647256875,3,0.0000,0.0000,0.0232,0.5979,0.3626,0.0159,0.0004,0.0000,0.0000,0.0000
PathFollow/123,3.46506023841614,3,0.0000,0.0000,0.0112,0.5405,0.4209,0.0269,0.0005,0.0000,0.0000,0.0000
PathFollow/124,3.5501739881537318,3,0.0000,0.0000,0.0068,0.4767,0.4767,0.0391,0.0006,0.0000,0.0000,0.0000
PathFollow/125,3.3758302369311113,3,0.0000,0.0000,0.0205,0.5996,0.3637,0.0160,0.0002,0.0000,0.0000,0.0000
PathFollow/126,3.3724957647256875,3,0.0000,0.0000,0.0232,0.5979,0.3626,0.0159,0.0004,0.0000,0.0000,0.0000
PathFollow/127,3.3796843731294155,3,0.0000,0.0000,0.0205,0.5982,0.3628,0.0181,0.0004,0.0000,0.0000,0.0000
PathFollow/128,3.228319296017378,3,0.0000,0.0000,0.0443,0.6922,0.2547,0.0087,0.0002,0.0000,0.0000,0.0000
PathFollow/129,3.1405362906980225,3,0.0000,0.0000,0.0753,0.7144,0.2047,0.0055,0.0001,0.0000,0.0000,0.0000
PathFollow/130,3.2080615458537465,3,0.0000,0.0000,0.0563,0.6855,0.2522,0.0059,0.0001,0.0000,0.0000,0.0000
PathFollow/131,3.3968540595211127,3,0.0000,0.0000,0.0141,0.5990,0.3633,0.0232,0.0004,0.0000,0.0000,0.0000
PathFollow/132,3.3757107256017744,3,0.0000,0.0000,0.0231,0.5967,0.3619,0.0180,0.0003,0.0000,0.0000,0.0000
PathFollow/133,3.46700294052504,3,0.0000,0.0000,0.0099,0.5412,0.4215,0.0269,0.0005,0.0000,0.0000,0.0000
PathFollow/134,3.5250300965814407,3,0.0000,0.0000,0.0113,0.4805,0.4805,0.0271,0.0005,0.0000,0.0000,0.0000
PathFollow/135,2.768106790320822,3,0.0000,0.0006,0.2990,0.6330,0.0667,0.0007,0.0000,0.0000,0.0000,0.0000
PathFollow/136,2.926185267556169,3,0.0000,0.0001,0.1958,0.6835,0.1188,0.0017,0.0000,0.0000,0.0000,0.0000
PathFollow/137,3.3760084536379455,3,0.0000,0.0000,0.0205,0.5996,0.3636,0.0160,0.0003,0.0000,0.0000,0.0000
PathFollow/138,3.3014010365917366,3,0.0000,0.0000,0.0323,0.6480,0.3061,0.0134,0.0002,0.0000,0.0000,0.0000
PathFollow/139,3.240318869585781,3,0.0000,0.0000,0.0348,0.6991,0.2572,0.0088,0.0001,0.0000,0.0000,0.0000
PathFollow/140,2.1735769664033735,2,0.0000,0.0211,0.7931,0.1770,0.0088,0.0000,0.0000,0.0000,0.0000,0.0000
PathFollow/141,3.2897719085769324,3,0.0000,0.0000,0.0410,0.6421,0.3033,0.0133,0.0003,0.0000,0.0000,0.0000
PathFollow/142,2.7917039551069815,3,0.0000,0.0004,0.2934,0.6211,0.0841,0.0009,0.0000,0.0000,0.0000,0.0000
PathFollow/143,3.3792341784463056,3,0.0000,0.0000,0.0181,0.6010,0.3645,0.0160,0.0003,0.0000,0.0000,0.0000
PathFollow/144,2.76832545476965,3,0.0000,0.0004,0.2990,0.6330,0.0667,0.0007,0.0000,0.0000,0.0000,0.0000
PathFollow/145,3.2961352202279617,3,0.0000,0.0000,0.0324,0.6500,0.3070,0.0105,0.0001,0.0000,0.0000,0.0000
PathFollow/146,3.4682926991737184,3,0.0000,0.0000,0.0088,0.5419,0.4220,0.0270,0.0003,0.0000,0.0000,0.0000
PathFollow/147,3.004720199256712,3,0.0000,0.0001,0.1286,0.7403,0.1286,0.0024,0.0000,0.0000,0.0000,0.0000
PathFollow/148,3.379243869545598,3,0.0000,0.0000,0.0181,0.6010,0.3645,0.0160,0.0003,0.0000,0.0000,0.0000
PathFollow/149,3.5501739881537318,3,0.0000,0.0000,0.0068,0.4767,0.4767,0.0391,0.0006,0.0000,0.0000,0.0000
PathFollow/150,3.3014849159963644,3,0.0000,0.0000,0.0323,0.6480,0.3061,0.0134,0.0002,0.0000,0.0000,0.0000
PathFollow/151,3.228214575516133,3,0.0000,0.0000,0.0443,0.6922,0.2547,0.0087,0.0001,0.0000,0.0000,0.0000
PathFollow/152,3.034817629486516,3,0.0000,0.0000,0.1031,0.7617,0.1324,0.0027,0.0000,0.0000,0.0000,0.0000
PathFollow/153,3.3758302369311113,3,0.0000,0.0000,0.0205,0.5996,0.3637,0.0160,0.0002,0.0000,0.0000,0.0000
PathFollow/154,2.76832545476965,3,0.0000,0.0004,0.2990,0.6330,0.0667,0.0007,0.0000,0.0000,0.0000,0.0000
PathFollow/155,3.3046107973807097,3,0.0000,0.0000,0.0322,0.6468,0.3055,0.0152,0.0003,0.0000,0.0000,0.0000
PathFollow/156,3.385553223162702,3,0.0000,0.0000,0.0160,0.6010,0.3646,0.0181,0.0002,0.0000,0.0000,0.0000
PathFollow/157,3.4510701173179346,3,0.0000,0.0000,0.0144,0.5420,0.4221,0.0210,0.0004,0.0000,0.0000,0.0000
PathFollow/158,3.363513485064404,3,0.0000,0.0000,0.0296,0.5940,0.3603,0.0158,0.0004,0.0000,0.0000,0.0000
PathFollow/159,3.480194382334973,3,0.0000,0.0000,0.0087,0.5377,0.4188,0.0344,0.0004,0.0000,0.0000,0.0000
PathFollow/160,3.1598726294501835,3,0.0000,0.0000,0.0596,0.7265,0.2082,0.0055,0.0001,0.0000,0.0000,0.0000
PathFollow/161,3.296195538433399,3,0.0000,0.0000,0.0324,0.6499,0.3070,0.0105,0.0002,0.0000,0.0000,0.0000
PathFollow/162,3.240405696138364,3,0.0000,0.0000,0.0348,0.6991,0.2572,0.0088,0.0001,0.0000,0.0000,0.0000
PathFollow/163,3.466588248427449,3,0.0000,0.0000,0.0099,0.5413,0.4215,0.0269,0.0003,0.0000,0.0000,0.0000
PathFollow/164,3.310842041504663,3,0.0000,0.0000,0.0253,0.6526,0.3083,0.0135,0.0002,0.0000,0.0000,0.0000
PathFollow/165,3.2822291458783,3,0.0000,0.0000,0.0412,0.6448,0.3046,0.0092,0.0001,0.0000,0.0000,0.0000
PathFollow/166,3.0041673559253117,3,0.0000,0.0000,0.1287,0.7405,0.1287,0.0021,0.0000,0.0000,0.0000,0.0000
PathFollow/167,3.4667024519995904,3,0.0000,0.0000,0.0099,0.5412,0.4215,0.0269,0.0004,0.0000,0.0000,0.0000
PathFollow/168,2.1735769664033735,2,0.0000,0.0211,0.7931,0.1770,0.0088,0.0000,0.0000,0.0000,0.0000,0.0000
PathFollow/169,3.232762175852073,3,0.0000,0.0000,0.0441,0.6905,0.2540,0.0112,0.0002,0.0000,0.0000,0.0000
PathFollow/170,3.211156124002672,3,0.0000,0.0000,0.0562,0.6843,0.2518,0.0076,0.0001,0.0000,0.0000,0.0000
PathFollow/171,3.386779947924536,3,0.0000,0.0000,0.0181,0.5983,0.3629,0.0205,0.0003,0.0000,0.0000,0.0000
PathFollow/172,3.1905315623957256,3,0.0000,0.0000,0.0711,0.6742,0.2480,0.0066,0.0001,0.0000,0.0000,0.0000
PathFollow/173,3.369210043189821,3,0.0000,0.0000,0.0232,0.5990,0.3633,0.0141,0.0003,0.0000,0.0000,0.0000
PathFollow/174,3.2263966065150336,3,0.0000,0.0000,0.0443,0.6929,0.2549,0.0077,0.0001,0.0000,0.0000,0.0000
PathFollow/175,3.385553223162702,3,0.0000,0.0000,0.0160,0.6010,0.3646,0.0181,0.0002,0.0000,0.0000,0.0000
PathFollow/176,3.399170172703545,3,0.0000,0.0000,0.0125,0.6000,0.3639,0.0233,0.0004,0.0000,0.0000,0.0000
PathFollow/177,3.464913493907379,3,0.0000,0.0000,0.0112,0.5405,0.4209,0.0269,0.0004,0.0000,0.0000,0.0000
PathFollow/178,3.162853148573496,3,0.0000,0.0000,0.0595,0.7254,0.2078,0.0071,0.0001,0.0000,0.0000,0.0000
PathFollow/179,3.4573447357135123,3,0.0000,0.0000,0.0162,0.5378,0.4188,0.0268,0.0004,0.0000,0.0000,0.0000
PathFollow/180,3.2673862868044936,3,0.0000,0.0000,0.0523,0.6374,0.3011,0.0091,0.0001,0.0000,0.0000,0.0000
PathFollow/181,3.464776266536994,3,0.0000,0.0000,0.0112,0.5405,0.4210,0.0269,0.0004,0.0000,0.0000,0.0000
PathFollow/182,2.74926196489516,3,0.0000,0.0006,0.3035,0.6426,0.0527,0.0006,0.0000,0.0000,0.0000,0.0000
PathFollow/183,3.3013274550157994,3,0.0000,0.0000,0.0323,0.6480,0.3061,0.0134,0.0002,0.0000,0.0000,0.0000
PathFollow/184,3.4682926991737184,3,0.0000,0.0000,0.0088,0.5419,0.4220,0.0270,0.0003,0.0000,0.0000,0.0000
PathFollow/185,3.3690222338039812,3,0.0000,0.0000,0.0232,0.5991,0.3634,0.0141,0.0002,0.0000,0.0000,0.0000
PathFollow/186,3.1166728279172156,3,0.0000,0.0000,0.0947,0.6994,0.2004,0.0053,0.0001,0.0000,0.0000,0.0000
PathFollow/187,3.2247863967271715,3,0.0000,0.0000,0.0443,0.6936,0.2552,0.0068,0.0001,0.0000,0.0000,0.0000
PathFollow/188,3.2654395433388217,3,0.0000,0.0000,0.0524,0.6381,0.3014,0.0080,0.0001,0.0000,0.0000,0.0000
PathFollow/189,3.466856178470371,3,0.0000,0.0000,0.0099,0.5412,0.4215,0.0269,0.0004,0.0000,0.0000,0.0000
PathFollow/190,3.1134141294627695,3,0.0000,0.0000,0.0948,0.7007,0.2007,0.0037,0.0001,0.0000,0.0000,0.0000
PathFollow/191,3.2961911778249076,3,0.0000,0.0000,0.0324,0.6499,0.3070,0.0105,0.0002,0.0000,0.0000,0.0000
PathFollow/192,3.548578191561613,3,0.0000,0.0000,0.0077,0.4763,0.4763,0.0391,0.0006,0.0000,0.0000,0.0000
PathFollow/193,3.033621312988753,3,0.0000,0.0000,0.1032,0.7622,0.1325,0.0021,0.0000,0.0000,0.0000,0.0000
PathFollow/194,3.372079690128673,3,0.0000,0.0000,0.0232,0.5980,0.3627,0.0159,0.0002,0.0000,0.0000,0.0000
PathFollow/195,3.385722687528618,3,0.0000,0.0000,0.0160,0.6010,0.3645,0.0181,0.0003,0.0000,0.0000,0.0000
PathFollow/196,3.0398368151851605,3,0.0000,0.0000,0.1241,0.7142,0.1594,0.0023,0.0000,0.0000,0.0000,0.0000
PathFollow/197,3.2247863967271715,3,0.0000,0.0000,0.0443,0.6936,0.2552,0.0068,0.0001,0.0000,0.0000,0.0000
PathFollow/198,3.3721597907095817,3,0.0000,0.0000,0.0232,0.5979,0.3627,0.0159,0.0003,0.0000,0.0000,0.0000
PathFollow/199,3.551231805451281,3,0.0000,0.0000,0.0060,0.4771,0.4771,0.0392,0.0006,0.0000,0.0000,0.0000
Seeder/0,3.6592427760861237,4,0.0000,0.0000,0.0248,0.3872,0.4972,0.0864,0.0038,0.0007,0.0000,0.0000
Seeder/1,3.7208573241355793,4,0.0000,0.0000,0.0080,0.3840,0.4930,0.1100,0.0043,0.0007,0.0000,0.0000
Seeder/2,3.6592427760861237,4,0.0000,0.0000,0.0248,0.3872,0.4972,0.0864,0.0038,0.0007,0.0000,0.0000
Seeder/3,3.5945159443930867,3,0.0000,0.0000,0.0223,0.4478,0.4478,0.0778,0.0034,0.0008,0.0000,0.0000
Seeder/4,3.582681793866898,3,0.0000,0.0000,0.0285,0.4453,0.4453,0.0774,0.0030,0.0005,0.0000,0.0000
Seeder/5,3.4825569779318366,3,0.0000,0.0000,0.0327,0.5119,0.3986,0.0540,0.0024,0.0004,0.0000,0.0000
Seeder/6,3.7197927296673843,4,0.0000,0.0000,0.0104,0.3434,0.5662,0.0766,0.0030,0.0005,0.0000,0.0000
Seeder/7,3.570020334118744,3,0.0000,0.0000,0.0201,0.4576,0.4576,0.0619,0.0024,0.0004,0.0000,0.0000
Seeder/8,3.570020334118744,3,0.0000,0.0000,0.0201,0.4576,0.4576,0.0619,0.0024,0.0004,0.0000,0.0000
Seeder/9,3.5913058593256073,3,0.0000,0.0000,0.0223,0.4484,0.4484,0.0779,0.0027,0.0004,0.0000,0.0000
Seeder/10,3.667344060441615,4,0.0000,0.0000,0.0194,0.3895,0.5001,0.0869,0.0034,0.0007,0.0000,0.0000
Seeder/11,3.748941941557045,4,0.0000,0.0000,0.0115,0.3351,0.5524,0.0960,0.0042,0.0008,0.0000,0.0000
Seeder/12,3.674899318133115,4,0.0000,0.0000,0.0134,0.3923,0.5037,0.0875,0.0026,0.0004,0.0000,0.0000
Seeder/13,3.5945159443930867,3,0.0000,0.0000,0.0223,0.4478,0.4478,0.0778,0.0034,0.0008,0.0000,0.0000
Seeder/14,3.746276665651227,4,0.0000,0.0000,0.0130,0.3345,0.5516,0.0959,0.0042,0.0008,0.0000,0.0000
Seeder/15,3.6592427760861237,4,0.0000,0.0000,0.0248,0.3872,0.4972,0.0864,0.0038,0.0007,0.0000,0.0000
Seeder/16,3.714055921922598,4,0.0000,0.0000,0.0102,0.3836,0.4925,0.1099,0.0033,0.0005,0.0000,0.0000
Seeder/17,3.752970772357896,4,0.0000,0.0000,0.0062,0.3376,0.5566,0.0967,0.0026,0.0003,0.0000,0.0000
Seeder/18,3.677026726023228,4,0.0000,0.0000,0.0134,0.3919,0.5033,0.0875,0.0034,0.0005,0.0000,0.0000
Seeder/19,3.667344060441615,4,0.0000,0.0000,0.0194,0.3895,0.5001,0.0869,0.0034,0.0007,0.0000,0.0000
Seeder/20,3.7883852355083727,4,0.0000,0.0000,0.0060,0.3283,0.5412,0.1208,0.0032,0.0005,0.0000,0.0000
Seeder/21,3.748941941557045,4,0.0000,0.0000,0.0115,0.3351,0.5524,0.0960,0.0042,0.0008,0.0000,0.0000
Seeder/22,3.709316122861576,4,0.0000,0.0000,0.0131,0.3824,0.4910,0.1096,0.0033,0.0006,0.0000,0.0000
Seeder/23,3.746276665651227,4,0.0000,0.0000,0.0130,0.3345,0.5516,0.0959,0.0042,0.0008,0.0000,0.0000
Seeder/24,3.677026726023228,4,0.0000,0.0000,0.0134,0.3919,0.5033,0.0875,0.0034,0.0005,0.0000,0.0000
Seeder/25,3.7495796125818948,4,0.0000,0.0000,0.0101,0.3357,0.5535,0.0962,0.0037,0.0006,0.0000,0.0000
Seeder/26,3.748941941557045,4,0.0000,0.0000,0.0115,0.3351,0.5524,0.0960,0.0042,0.0008,0.0000,0.0000
Seeder/27,3.746276665651227,4,0.0000,0.0000,0.0130,0.3345,0.5516,0.0959,0.0042,0.0008,0.0000,0.0000
Seeder/28,3.714055921922598,4,0.0000,0.0000,0.0102,0.3836,0.4925,0.1099,0.0033,0.0005,0.0000,0.0000
Seeder/29,3.7208573241355793,4,0.0000,0.0000,0.0080,0.3840,0.4930,0.1100,0.0043,0.0007,0.0000,0.0000
Seeder/30,3.667344060441615,4,0.0000,0.0000,0.0194,0.3895,0.5001,0.0869,0.0034,0.0007,0.0000,0.0000
Seeder/31,3.5945159443930867,3,0.0000,0.0000,0.0223,0.4478,0.4478,0.0778,0.0034,0.0008,0.0000,0.0000
Seeder/32,3.674899318133115,4,0.0000,0.0000,0.0134,0.3923,0.5037,0.0875,0.0026,0.0004,0.0000,0.0000
Seeder/33,3.5362649532116577,3,0.0000,0.0000,0.0294,0.4596,0.4596,0.0484,0.0024,0.0005,0.0000,0.0000
Seeder/34,3.7502118078928133,4,0.0000,0.0000,0.0090,0.3363,0.5545,0.0964,0.0033,0.0005,0.0000,0.0000
Seeder/35,3.709316122861576,4,0.0000,0.0000,0.0131,0.3824,0.4910,0.1096,0.0033,0.0006,0.0000,0.0000
Seeder/36,3.7502118078928133,4,0.0000,0.0000,0.0090,0.3363,0.5545,0.0964,0.0033,0.0005,0.0000,0.0000
Seeder/37,3.674899318133115,4,0.0000,0.0000,0.0134,0.3923,0.5037,0.0875,0.0026,0.0004,0.0000,0.0000
Seeder/38,3.7208573241355793,4,0.0000,0.0000,0.0080,0.3840,0.4930,0.1100,0.0043,0.0007,0.0000,0.0000
Seeder/39,3.714055921922598,4,0.0000,0.0000,0.0102,0.3836,0.4925,0.1099,0.0033,0.0005,0.0000,0.0000
Seeder/40,3.677026726023228,4,0.0000,0.0000,0.0134,0.3919,0.5033,0.0875,0.0034,0.0005,0.0000,0.0000
Seeder/41,3.7169707319225838,4,0.0000,0.0000,0.0102,0.3831,0.4919,0.1098,0.0043,0.0007,0.0000,0.0000
Seeder/42,3.677026726023228,4,0.0000,0.0000,0.0134,0.3919,0.5033,0.0875,0.0034,0.0005,0.0000,0.0000
Seeder/43,3.5362649532116577,3,0.0000,0.0000,0.0294,0.4596,0.4596,0.0484,0.0024,0.0005,0.0000,0.0000
Seeder/44,3.7169707319225838,4,0.0000,0.0000,0.0102,0.3831,0.4919,0.1098,0.0043,0.0007,0.0000,0.0000
Seeder/45,3.674899318133115,4,0.0000,0.0000,0.0134,0.3923,0.5037,0.0875,0.0026,0.0004,0.0000,0.0000
Seeder/46,3.667344060441615,4,0.0000,0.0000,0.0194,0.3895,0.5001,0.0869,0.0034,0.0007,0.0000,0.0000
Seeder/47,3.746276665651227,4,0.0000,0.0000,0.0130,0.3345,0.5516,0.0959,0.0042,0.0008,0.0000,0.0000
Seeder/48,3.7169707319225838,4,0.0000,0.0000,0.0102,0.3831,0.4919,0.1098,0.0043,0.0007,0.0000,0.0000
Seeder/49,3.582681793866898,3,0.0000,0.0000,0.0285,0.4453,0.4453,0.0774,0.0030,0.0005,0.0000,0.0000
Seeder/50,3.5362649532116577,3,0.0000,0.0000,0.0294,0.4596,0.4596,0.0484,0.0024,0.0005,0.0000,0.0000
Seeder/51,3.7197927296673843,4,0.0000,0.0000,0.0104,0.3434,0.5662,0.0766,0.0030,0.0005,0.0000,0.0000
Seeder/52,3.709316122861576,4,0.0000,0.0000,0.0131,0.3824,0.4910,0.1096,0.0033,0.0006,0.0000,0.0000
Seeder/53,3.667344060441615,4,0.0000,0.0000,0.0194,0.3895,0.5001,0.0869,0.0034,0.0007,0.0000,0.0000
Seeder/54,3.4825569779318366,3,0.0000,0.0000,0.0327,0.5119,0.3986,0.0540,0.0024,0.0004,0.0000,0.0000
Seeder/55,3.7502118078928133,4,0.0000,0.0000,0.0090,0.3363,0.5545,0.0964,0.0033,0.0005,0.0000,0.0000
Seeder/56,3.709316122861576,4,0.0000,0.0000,0.0131,0.3824,0.4910,0.1096,0.0033,0.0006,0.0000,0.0000
Seeder/57,3.4825569779318366,3,0.0000,0.0000,0.0327,0.5119,0.3986,0.0540,0.0024,0.0004,0.0000,0.0000
Seeder/58,3.746276665651227,4,0.0000,0.0000,0.0130,0.3345,0.5516,0.0959,0.0042,0.0008,0.0000,0.0000
Seeder/59,3.709316122861576,4,0.0000,0.0000,0.0131,0.3824,0.4910,0.1096,0.0033,0.0006,0.0000,0.0000
Seeder/60,3.714055921922598,4,0.0000,0.0000,0.0102,0.3836,0.4925,0.1099,0.0033,0.0005,0.0000,0.0000
Seeder/61,3.7883852355083727,4,0.0000,0.0000,0.0060,0.3283,0.5412,0.1208,0.0032,0.0005,0.0000,0.0000
Seeder/62,3.5945159443930867,3,0.0000,0.0000,0.0223,0.4478,0.4478,0.0778,0.0034,0.0008,0.0000,0.0000
Seeder/63,3.6368321932524696,3,0.0000,0.0000,0.0151,0.4410,0.4410,0.0984,0.0038,0.0007,0.0000,0.0000
Seeder/64,3.7500188007435153,4,0.0000,0.0000,0.0090,0.3364,0.5546,0.0964,0.0033,0.0004,0.0000,0.0000
Seeder/65,3.582681793866898,3,0.0000,0.0000,0.0285,0.4453,0.4453,0.0774,0.0030,0.0005,0.0000,0.0000
Seeder/66,3.6368321932524696,3,0.0000,0.0000,0.0151,0.4410,0.4410,0.0984,0.0038,0.0007,0.0000,0.0000
Seeder/67,3.4825569779318366,3,0.0000,0.0000,0.0327,0.5119,0.3986,0.0540,0.0024,0.0004,0.0000,0.0000
Seeder/68,3.7883852355083727,4,0.0000,0.0000,0.0060,0.3283,0.5412,0.1208,0.0032,0.0005,0.0000,0.0000
Seeder/69,3.677026726023228,4,0.0000,0.0000,0.0134,0.3919,0.5033,0.0875,0.0034,0.0005,0.0000,0.0000
Seeder/70,3.6818144202356407,4,0.0000,0.0000,0.0105,0.3931,0.5048,0.0877,0.0034,0.0005,0.0000,0.0000
Seeder/71,3.4825569779318366,3,0.0000,0.0000,0.0327,0.5119,0.3986,0.0540,0.0024,0.0004,0.0000,0.0000
Seeder/72,3.7169707319225838,4,0.0000,0.0000,0.0102,0.3831,0.4919,0.1098,0.0043,0.0007,0.0000,0.0000
Seeder/73,3.6818144202356407,4,0.0000,0.0000,0.0105,0.3931,0.5048,0.0877,0.0034,0.0005,0.0000,0.0000
Seeder/74,3.677026726023228,4,0.0000,0.0000,0.0134,0.3919,0.5033,0.0875,0.0034,0.0005,0.0000,0.0000
Seeder/75,3.5362649532116577,3,0.0000,0.0000,0.0294,0.4596,0.4596,0.0484,0.0024,0.0005,0.0000,0.0000
Seeder/76,3.748941941557045,4,0.0000,0.0000,0.0115,0.3351,0.5524,0.0960,0.0042,0.0008,0.0000,0.0000
Seeder/77,3.570020334118744,3,0.0000,0.0000,0.0201,0.4576,0.4576,0.0619,0.0024,0.0004,0.0000,0.0000
Seeder/78,3.748941941557045,4,0.0000,0.0000,0.0115,0.3351,0.5524,0.0960,0.0042,0.0008,0.0000,0.0000
Seeder/79,3.4825569779318366,3,0.0000,0.0000,0.0327,0.5119,0.3986,0.0540,0.0024,0.0004,0.0000,0.0000
Snake/0,5.393357579543364,5,0.0000,0.0000,0.0000,0.0061,0.1221,0.5474,0.1221,0.2014,0.0009,0.0000
Snake/1,5.610294447783048,5,0.0000,0.0000,0.0000,0.0039,0.1010,0.4528,0.1666,0.2746,0.0011,0.0000
Snake/2,5.393357579543364,5,0.0000,0.0000,0.0000,0.0061,0.1221,0.5474,0.1221,0.2014,0.0009,0.0000
Snake/3,5.395392924717639,5,0.0000,0.0000,0.0000,0.0054,0.1222,0.5477,0.1222,0.2015,0.0011,0.0000
Snake/4,5.269843817084988,5,0.0000,0.0000,0.0000,0.0070,0.1583,0.5525,0.1233,0.1583,0.0007,0.0000
Snake/5,5.17915950295082,5,0.0000,0.0000,0.0000,0.0095,0.1685,0.5880,0.1022,0.1312,0.0007,0.0000
Snake/6,5.866707632376955,5,0.0000,0.0000,0.0000,0.0020,0.0654,0.3765,0.1778,0.3765,0.0017,0.0000
Snake/7,5.296133244708636,5,0.0000,0.0000,0.0000,0.0059,0.1531,0.5342,0.1531,0.1531,0.0006,0.0000
Snake/8,5.369153200747204,5,0.0000,0.0000,0.0000,0.0050,0.1468,0.5122,0.1468,0.1884,0.0008,0.0000
Snake/9,5.209074448005321,5,0.0000,0.0000,0.0000,0.0097,0.1939,0.5270,0.1176,0.1510,0.0009,0.0000
Snake/10,5.181597192241398,5,0.0000,0.0000,0.0000,0.0084,0.1686,0.5886,0.1023,0.1313,0.0007,0.0000
Snake/11,5.396044625549448,5,0.0000,0.0000,0.0000,0.0047,0.1223,0.5482,0.1223,0.2017,0.0007,0.0000
Snake/12,5.363749837285037,5,0.0000,0.0000,0.0000,0.0073,0.1464,0.5111,0.1464,0.1880,0.0008,0.0000
Snake/13,5.1797098943262085,5,0.0000,0.0000,0.0000,0.0095,0.1684,0.5879,0.1022,0.1312,0.0009,0.0000
Snake/14,5.3181525884296255,5,0.0000,0.0000,0.0000,0.0064,0.1278,0.5729,0.1278,0.1642,0.0009,0.0000
Snake/15,5.340703200794467,5,0.0000,0.0000,0.0000,0.0085,0.1511,0.5275,0.1177,0.1941,0.0010,0.0000
Snake/16,5.185050963575991,5,0.0000,0.0000,0.0000,0.0066,0.1690,0.5899,0.1025,0.1316,0.0005,0.0000
Snake/17,4.987640180649109,5,0.0000,0.0000,0.0000,0.0181,0.2204,0.5991,0.0811,0.0811,0.0003,0.0000
Snake/18,5.452066768206264,5,0.0000,0.0000,0.0000,0.0054,0.1391,0.4856,0.1391,0.2294,0.0014,0.0000
Snake/19,5.319165022800953,5,0.0000,0.0000,0.0000,0.0056,0.1280,0.5735,0.1280,0.1643,0.0006,0.0000
Snake/20,5.611182458773713,5,0.0000,0.0000,0.0000,0.0035,0.1011,0.4530,0.1667,0.2748,0.0010,0.0000
Snake/21,5.126735127579125,5,0.0000,0.0000,0.0000,0.0086,0.1737,0.6063,0.1054,0.1054,0.0006,0.0000
Snake/22,4.958755212934513,5,0.0000,0.0000,0.0000,0.0144,0.2253,0.6125,0.0829,0.0646,0.0003,0.0000
Snake/23,5.1165770039621545,5,0.0000,0.0000,0.0000,0.0131,0.2056,0.5588,0.0971,0.1247,0.0007,0.0000
Snake/24,5.650679421771391,5,0.0000,0.0000,0.0000,0.0031,0.0805,0.4633,0.1704,0.2810,0.0017,0.0000
Snake/25,5.270111320750656,5,0.0000,0.0000,0.0000,0.0070,0.1583,0.5524,0.1233,0.1583,0.0008,0.0000
Snake/26,5.2698431308726335,5,0.0000,0.0000,0.0000,0.0070,0.1583,0.5525,0.1233,0.1583,0.0007,0.0000
Snake/27,5.283782402909928,5,0.0000,0.0000,0.0000,0.0093,0.1858,0.5051,0.1127,0.1858,0.0013,0.0000
Snake/28,5.267744013382611,5,0.0000,0.0000,0.0000,0.0079,0.1581,0.5520,0.1232,0.1581,0.0007,0.0000
Snake/29,5.541167927177176,5,0.0000,0.0000,0.0000,0.0039,0.0894,0.5145,0.1474,0.2431,0.0016,0.0000
Snake/30,4.952289422284715,5,0.0000,0.0000,0.0000,0.0167,0.2606,0.5518,0.0959,0.0747,0.0003,0.0000
Snake/31,5.368143458131629,5,0.0000,0.0000,0.0000,0.0057,0.1466,0.5118,0.1466,0.1883,0.0010,0.0000
Snake/32,5.344809783239087,5,0.0000,0.0000,0.0000,0.0067,0.1514,0.5286,0.1179,0.1945,0.0009,0.0000
Snake/33,5.364019448043956,5,0.0000,0.0000,0.0000,0.0073,0.1464,0.5110,0.1464,0.1880,0.0009,0.0000
Snake/34,4.800181511500393,5,0.0000,0.0000,0.0000,0.0294,0.2792,0.5911,0.0623,0.0378,0.0001,0.0000
Snake/35,5.522091543987302,5,0.0000,0.0000,0.0000,0.0033,0.1077,0.4826,0.1775,0.2280,0.0009,0.0000
Snake/36,5.71239016810012,5,0.0000,0.0000,0.0000,0.0036,0.0937,0.4197,0.1544,0.3269,0.0017,0.0000
Snake/37,5.649116476416656,5,0.0000,0.0000,0.0000,0.0035,0.0805,0.4632,0.1704,0.2809,0.0015,0.0000
Snake/38,5.5004733354388735,5,0.0000,0.0000,0.0000,0.0043,0.1120,0.5018,0.1438,0.2370,0.0011,0.0000
Snake/39,4.6658648408469166,5,0.0000,0.0000,0.0000,0.0360,0.3420,0.5639,0.0360,0.0219,0.0001,0.0000
Snake/40,5.346963349802868,5,0.0000,0.0000,0.0000,0.0059,0.1515,0.5289,0.1180,0.1946,0.0010,0.0000
Snake/41,5.500473416439039,5,0.0000,0.0000,0.0000,0.0043,0.1120,0.5018,0.1438,0.2370,0.0011,0.0000
Snake/42,5.752331956616587,5,0.0000,0.0000,0.0000,0.0026,0.0745,0.4290,0.1578,0.3341,0.0020,0.0000
Snake/43,5.2027379829187606,5,0.0000,0.0000,0.0000,0.0124,0.1934,0.5256,0.1173,0.1506,0.0008,0.0000
Snake/44,5.068303037763351,5,0.0000,0.0000,0.0000,0.0106,0.2121,0.5766,0.1002,0.1002,0.0003,0.0000
Snake/45,5.3911354466579136,5,0.0000,0.0000,0.0000,0.0069,0.1220,0.5470,0.1220,0.2012,0.0008,0.0000
Snake/46,5.522746466048891,5,0.0000,0.0000,0.0000,0.0033,0.1077,0.4825,0.1775,0.2279,0.0012,0.0000
Snake/47,4.950772654128496,5,0.0000,0.0000,0.0000,0.0184,0.2244,0.6100,0.0826,0.0643,0.0003,0.0000
Snake/48,5.394783971644431,5,0.0000,0.0000,0.0000,0.0054,0.1222,0.5478,0.1222,0.2015,0.0008,0.0000
Snake/49,5.449897302637234,5,0.0000,0.0000,0.0000,0.0061,0.1390,0.4853,0.1390,0.2293,0.0012,0.0000
Snake/50,5.362032057238224,5,0.0000,0.0000,0.0000,0.0083,0.1463,0.5105,0.1463,0.1878,0.0010,0.0000
Snake/51,5.181368219962831,5,0.0000,0.0000,0.0000,0.0084,0.1687,0.5887,0.1023,0.1314,0.0006,0.0000
Snake/52,5.499866341546537,5,0.0000,0.0000,0.0000,0.0043,0.1120,0.5019,0.1438,0.2371,0.0009,0.0000
Snake/53,4.952289422284715,5,0.0000,0.0000,0.0000,0.0167,0.2606,0.5518,0.0959,0.0747,0.0003,0.0000
Snake/54,5.150404309550498,5,0.0000,0.0000,0.0000,0.0078,0.2011,0.5467,0.1220,0.1220,0.0004,0.0000
Snake/55,5.45129713108012,5,0.0000,0.0000,0.0000,0.0054,0.1392,0.4857,0.1392,0.2295,0.0011,0.0000
Snake/56,5.41610965650955,5,0.0000,0.0000,0.0000,0.0046,0.1182,0.5298,0.1518,0.1949,0.0006,0.0000
Snake/57,5.068428617242862,5,0.0000,0.0000,0.0000,0.0106,0.2121,0.5766,0.1002,0.1002,0.0004,0.0000
Snake/58,5.208520647533773,5,0.0000,0.0000,0.0000,0.0097,0.1939,0.5271,0.1176,0.1510,0.0007,0.0000
Snake/59,5.365776669875361,5,0.0000,0.0000,0.0000,0.0064,0.1466,0.5115,0.1466,0.1882,0.0008,0.0000
Snake/60,5.542118868007161,5,0.0000,0.0000,0.0000,0.0031,0.0895,0.5153,0.1476,0.2434,0.0011,0.0000
Snake/61,5.0017792449151575,5,0.0000,0.0000,0.0000,0.0111,0.2220,0.6034,0.0817,0.0817,0.0003,0.0000
Snake/62,5.265367168379773,5,0.0000,0.0000,0.0000,0.0089,0.1580,0.5514,0.1230,0.1580,0.0007,0.0000
Snake/63,5.20428901101914,5,0.0000,0.0000,0.0000,0.0082,0.1639,0.5721,0.1277,0.1277,0.0005,0.0000
Snake/64,5.415364956982837,5,0.0000,0.0000,0.0000,0.0052,0.1181,0.5294,0.1517,0.1947,0.0009,0.0000
Snake/65,5.449897302637234,5,0.0000,0.0000,0.0000,0.0061,0.1390,0.4853,0.1390,0.2293,0.0012,0.0000
Snake/66,5.20428901101914,5,0.0000,0.0000,0.0000,0.0082,0.1639,0.5721,0.1277,0.1277,0.0005,0.0000
Snake/67,4.958476022927772,5,0.0000,0.0000,0.0000,0.0144,0.2254,0.6126,0.0829,0.0646,0.0002,0.0000
Snake/68,5.611182458773713,5,0.0000,0.0000,0.0000,0.0035,0.1011,0.4530,0.1667,0.2748,0.0010,0.0000
Snake/69,5.522091087903785,5,0.0000,0.0000,0.0000,0.0033,0.1077,0.4826,0.1775,0.2280,0.0009,0.0000
Snake/70,5.763749893946308,5,0.0000,0.0000,0.0000,0.0022,0.0714,0.4107,0.1940,0.3199,0.0019,0.0000
Snake/71,5.122162040170659,5,0.0000,0.0000,0.0000,0.0103,0.2062,0.5606,0.0974,0.1251,0.0005,0.0000
Snake/72,5.122162670298745,5,0.0000,0.0000,0.0000,0.0103,0.2062,0.5606,0.0974,0.1251,0.0005,0.0000
Snake/73,5.204483173746003,5,0.0000,0.0000,0.0000,0.0082,0.1639,0.5721,0.1276,0.1276,0.0006,0.0000
Snake/74,5.541793048470556,5,0.0000,0.0000,0.0000,0.0031,0.0896,0.5153,0.1476,0.2434,0.0010,0.0000
Snake/75,5.366697809431365,5,0.0000,0.0000,0.0000,0.0064,0.1465,0.5113,0.1465,0.1881,0.0011,0.0000
Snake/76,5.2714657801041485,5,0.0000,0.0000,0.0000,0.0061,0.1584,0.5530,0.1234,0.1584,0.0006,0.0000
Snake/77,4.884422977980674,5,0.0000,0.0000,0.0000,0.0221,0.2696,0.5707,0.0772,0.0601,0.0002,0.0000
Snake/78,5.14028608860756,5,0.0000,0.0000,0.0000,0.0128,0.2001,0.5438,0.1213,0.1213,0.0006,0.0000
Snake/79,5.073414756941577,5,0.0000,0.0000,0.0000,0.0082,0.2126,0.5779,0.1004,0.1004,0.0004,0.0000
StairClimber/0,4.222460475486649,4,0.0000,0.0000,0.0002,0.1033,0.5946,0.2809,0.0180,0.0031,0.0000,0.0000
StairClimber/1,4.21672344037711,4,0.0000,0.0000,0.0002,0.1036,0.5962,0.2816,0.0159,0.0024,0.0000,0.0000
StairClimber/2,4.0744690174421665,4,0.0000,0.0000,0.0005,0.1709,0.5965,0.2195,0.0109,0.0017,0.0000,0.0000
StairClimber/3,4.0744690174421665,4,0.0000,0.0000,0.0005,0.1709,0.5965,0.2195,0.0109,0.0017,0.0000,0.0000
StairClimber/4,4.22246289183116,4,0.0000,0.0000,0.0002,0.1033,0.5946,0.2809,0.0180,0.0031,0.0000,0.0000
StairClimber/5,4.3125735674689665,4,0.0000,0.0000,0.0001,0.0759,0.5611,0.3403,0.0192,0.0033,0.0000,0.0000
StairClimber/6,4.186436764042879,4,0.0000,0.0000,0.0002,0.1289,0.5778,0.2729,0.0174,0.0027,0.0000,0.0000
StairClimber/7,4.311443537870004,4,0.0000,0.0000,0.0001,0.0760,0.5613,0.3404,0.0192,0.0029,0.0000,0.0000
StairClimber/8,4.186436764042879,4,0.0000,0.0000,0.0002,0.1289,0.5778,0.2729,0.0174,0.0027,0.0000,0.0000
StairClimber/9,4.135202340568904,4,0.0000,0.0000,0.0003,0.1604,0.5599,0.2645,0.0132,0.0018,0.0000,0.0000
StairClimber/10,4.348381054739662,4,0.0000,0.0000,0.0001,0.0597,0.5667,0.3437,0.0249,0.0049,0.0000,0.0000
StairClimber/11,4.296466875171047,4,0.0000,0.0000,0.0001,0.0949,0.5458,0.3311,0.0240,0.0042,0.0000,0.0000
StairClimber/12,4.173953899510827,4,0.0000,0.0000,0.0003,0.1297,0.5814,0.2746,0.0121,0.0019,0.0000,0.0000
StairClimber/13,4.318122870498832,4,0.0000,0.0000,0.0001,0.0757,0.5594,0.3393,0.0217,0.0038,0.0000,0.0000
StairClimber/14,4.0744690174421665,4,0.0000,0.0000,0.0005,0.1709,0.5965,0.2195,0.0109,0.0017,0.0000,0.0000
StairClimber/15,4.0744690174421665,4,0.0000,0.0000,0.0005,0.1709,0.5965,0.2195,0.0109,0.0017,0.0000,0.0000
StairClimber/16,4.245937090385406,4,0.0000,0.0000,0.0002,0.1196,0.5361,0.3251,0.0162,0.0028,0.0000,0.0000
StairClimber/17,4.291653283641261,4,0.0000,0.0000,0.0001,0.0951,0.5474,0.3320,0.0212,0.0042,0.0000,0.0000
StairClimber/18,4.389684873859793,4,0.0000,0.0000,0.0001,0.0686,0.5069,0.3948,0.0252,0.0044,0.0000,0.0000
StairClimber/19,4.135202340568904,4,0.0000,0.0000,0.0003,0.1604,0.5599,0.2645,0.0132,0.0018,0.0000,0.0000
StairClimber/20,4.290319855081553,4,0.0000,0.0000,0.0001,0.0952,0.5476,0.3322,0.0212,0.0037,0.0000,0.0000
StairClimber/21,4.0744690174421665,4,0.0000,0.0000,0.0005,0.1709,0.5965,0.2195,0.0109,0.0017,0.0000,0.0000
StairClimber/22,4.222460475486649,4,0.0000,0.0000,0.0002,0.1033,0.5946,0.2809,0.0180,0.0031,0.0000,0.0000
StairClimber/23,4.389684873859793,4,0.0000,0.0000,0.0001,0.0686,0.5069,0.3948,0.0252,0.0044,0.0000,0.0000
StairClimber/24,4.296394714153075,4,0.0000,0.0000,0.0001,0.0948,0.5458,0.3310,0.0240,0.0042,0.0000,0.0000
StairClimber/25,4.218788865902279,4,0.0000,0.0000,0.0001,0.1035,0.5959,0.2815,0.0159,0.0031,0.0000,0.0000
StairClimber/26,4.135202340568904,4,0.0000,0.0000,0.0003,0.1604,0.5599,0.2645,0.0132,0.0018,0.0000,0.0000
StairClimber/27,4.389684873859793,4,0.0000,0.0000,0.0001,0.0686,0.5069,0.3948,0.0252,0.0044,0.0000,0.0000
StairClimber/28,4.342000424341375,4,0.0000,0.0000,0.0001,0.0599,0.5687,0.3449,0.0221,0.0043,0.0000,0.0000
StairClimber/29,4.21672344037711,4,0.0000,0.0000,0.0002,0.1036,0.5962,0.2816,0.0159,0.0024,0.0000,0.0000
StairClimber/30,4.245937090385406,4,0.0000,0.0000,0.0002,0.1196,0.5361,0.3251,0.0162,0.0028,0.0000,0.0000
StairClimber/31,4.318122870498832,4,0.0000,0.0000,0.0001,0.0757,0.5594,0.3393,0.0217,0.0038,0.0000,0.0000
StairClimber/32,4.22246289183116,4,0.0000,0.0000,0.0002,0.1033,0.5946,0.2809,0.0180,0.0031,0.0000,0.0000
StairClimber/33,4.348381054739662,4,0.0000,0.0000,0.0001,0.0597,0.5667,0.3437,0.0249,0.0049,0.0000,0.0000
StairClimber/34,4.384894402508901,4,0.0000,0.0000,0.0001,0.0688,0.5084,0.3960,0.0223,0.0044,0.0000,0.0000
StairClimber/35,4.22246289183116,4,0.0000,0.0000,0.0002,0.1033,0.5946,0.2809,0.0180,0.0031,0.0000,0.0000
StairClimber/36,4.135202340568904,4,0.0000,0.0000,0.0003,0.1604,0.5599,0.2645,0.0132,0.0018,0.0000,0.0000
StairClimber/37,4.135202340568904,4,0.0000,0.0000,0.0003,0.1604,0.5599,0.2645,0.0132,0.0018,0.0000,0.0000
StairClimber/38,4.400273283071018,4,0.0000,0.0000,0.0001,0.0682,0.5042,0.3927,0.0284,0.0063,0.0000,0.0000
StairClimber/39,4.291652002018633,4,0.0000,0.0000,0.0001,0.0951,0.5474,0.3320,0.0212,0.0042,0.0000,0.0000
StairClimber/40,4.173953899510827,4,0.0000,0.0000,0.0003,0.1297,0.5814,0.2746,0.0121,0.0019,0.0000,0.0000
StairClimber/41,4.384872806687794,4,0.0000,0.0000,0.0001,0.0688,0.5084,0.3960,0.0223,0.0044,0.0000,0.0000
StairClimber/42,4.21762674169323,4,0.0000,0.0000,0.0002,0.1036,0.5960,0.2815,0.0159,0.0028,0.0000,0.0000
StairClimber/43,4.348381054739662,4,0.0000,0.0000,0.0001,0.0597,0.5667,0.3437,0.0249,0.0049,0.0000,0.0000
StairClimber/44,4.173418584017667,4,0.0000,0.0000,0.0003,0.1298,0.5815,0.2747,0.0121,0.0016,0.0000,0.0000
StairClimber/45,4.186436764042879,4,0.0000,0.0000,0.0002,0.1289,0.5778,0.2729,0.0174,0.0027,0.0000,0.0000
StairClimber/46,4.222460475486649,4,0.0000,0.0000,0.0002,0.1033,0.5946,0.2809,0.0180,0.0031,0.0000,0.0000
StairClimber/47,4.063866195614417,4,0.0000,0.0000,0.0003,0.1462,0.6551,0.1877,0.0093,0.0014,0.0000,0.0000
StairClimber/48,4.384872806687794,4,0.0000,0.0000,0.0001,0.0688,0.5084,0.3960,0.0223,0.0044,0.0000,0.0000
StairClimber/49,4.0744690174421665,4,0.0000,0.0000,0.0005,0.1709,0.5965,0.2195,0.0109,0.0017,0.0000,0.0000
StairClimber/50,4.345308042297204,4,0.0000,0.0000,0.0000,0.0599,0.5680,0.3445,0.0220,0.0056,0.0000,0.0000
StairClimber/51,4.222460475486649,4,0.0000,0.0000,0.0002,0.1033,0.5946,0.2809,0.0180,0.0031,0.0000,0.0000
StairClimber/52,4.222460475486649,4,0.0000,0.0000,0.0002,0.1033,0.5946,0.2809,0.0180,0.0031,0.0000,0.0000
StairClimber/53,4.245937090385406,4,0.0000,0.0000,0.0002,0.1196,0.5361,0.3251,0.0162,0.0028,0.0000,0.0000
StairClimber/54,4.135202340568904,4,0.0000,0.0000,0.0003,0.1604,0.5599,0.2645,0.0132,0.0018,0.0000,0.0000
StairClimber/55,4.063866195614417,4,0.0000,0.0000,0.0003,0.1462,0.6551,0.1877,0.0093,0.0014,0.0000,0.0000
StairClimber/56,4.222460475486649,4,0.0000,0.0000,0.0002,0.1033,0.5946,0.2809,0.0180,0.0031,0.0000,0.0000
StairClimber/57,4.173953899510827,4,0.0000,0.0000,0.0003,0.1297,0.5814,0.2746,0.0121,0.0019,0.0000,0.0000
StairClimber/58,4.389684873859793,4,0.0000,0.0000,0.0001,0.0686,0.5069,0.3948,0.0252,0.0044,0.0000,0.0000
StairClimber/59,4.2809523253986805,4,0.0000,0.0000,0.0002,0.0957,0.5504,0.3339,0.0166,0.0033,0.0000,0.0000
StairClimber/60,4.120687730649733,4,0.0000,0.0000,0.0003,0.1381,0.6190,0.2277,0.0128,0.0020,0.0000,0.0000
StairClimber/61,4.290319855081553,4,0.0000,0.0000,0.0001,0.0952,0.5476,0.3322,0.0212,0.0037,0.0000,0.0000
StairClimber/62,4.318122870498832,4,0.0000,0.0000,0.0001,0.0757,0.5594,0.3393,0.0217,0.0038,0.0000,0.0000
StairClimber/63,4.173418584017667,4,0.0000,0.0000,0.0003,0.1298,0.5815,0.2747,0.0121,0.0016,0.0000,0.0000
StairClimber/64,4.311443537870004,4,0.0000,0.0000,0.0001,0.0760,0.5613,0.3404,0.0192,0.0029,0.0000,0.0000
StairClimber/65,4.21672344037711,4,0.0000,0.0000,0.0002,0.1036,0.5962,0.2816,0.0159,0.0024,0.0000,0.0000
StairClimber/66,4.255447288512217,4,0.0000,0.0000,0.0001,0.0822,0.6070,0.2867,0.0208,0.0032,0.0000,0.0000
StairClimber/67,4.3125735674689665,4,0.0000,0.0000,0.0001,0.0759,0.5611,0.3403,0.0192,0.0033,0.0000,0.0000
StairClimber/68,4.218788865510003,4,0.0000,0.0000,0.0001,0.1035,0.5959,0.2815,0.0159,0.0031,0.0000,0.0000
StairClimber/69,4.173953899510827,4,0.0000,0.0000,0.0003,0.1297,0.5814,0.2746,0.0121,0.0019,0.0000,0.0000
StairClimber/70,4.227852210963967,4,0.0000,0.0000,0.0002,0.1030,0.5929,0.2801,0.0203,0.0035,0.0000,0.0000
StairClimber/71,4.063866195614417,4,0.0000,0.0000,0.0003,0.1462,0.6551,0.1877,0.0093,0.0014,0.0000,0.0000
StairClimber/72,4.0744690174421665,4,0.0000,0.0000,0.0005,0.1709,0.5965,0.2195,0.0109,0.0017,0.0000,0.0000
StairClimber/73,4.227852210963967,4,0.0000,0.0000,0.0002,0.1030,0.5929,0.2801,0.0203,0.0035,0.0000,0.0000
StairClimber/74,4.311443537870004,4,0.0000,0.0000,0.0001,0.0760,0.5613,0.3404,0.0192,0.0029,0.0000,0.0000
StairClimber/75,4.0744690174421665,4,0.0000,0.0000,0.0005,0.1709,0.5965,0.2195,0.0109,0.0017,0.0000,0.0000
StairClimber/76,4.291653283641261,4,0.0000,0.0000,0.0001,0.0951,0.5474,0.3320,0.0212,0.0042,0.0000,0.0000
StairClimber/77,4.22246289183116,4,0.0000,0.0000,0.0002,0.1033,0.5946,0.2809,0.0180,0.0031,0.0000,0.0000
StairClimber/78,4.135202340568904,4,0.0000,0.0000,0.0003,0.1604,0.5599,0.2645,0.0132,0.0018,0.0000,0.0000
StairClimber/79,4.22246289183116,4,0.0000,0.0000,0.0002,0.1033,0.5946,0.2809,0.0180,0.0031,0.0000,0.0000
StairClimber/80,4.227852210963967,4,0.0000,0.0000,0.0002,0.1030,0.5929,0.2801,0.0203,0.0035,0.0000,0.0000
StairClimber/81,4.484653112443557,4,0.0000,0.0000,0.0000,0.0605,0.4473,0.4473,0.0367,0.0082,0.0000,0.0000
StairClimber/82,4.290319855081553,4,0.0000,0.0000,0.0001,0.0952,0.5476,0.3322,0.0212,0.0037,0.0000,0.0000
StairClimber/83,4.318122870498832,4,0.0000,0.0000,0.0001,0.0757,0.5594,0.3393,0.0217,0.0038,0.0000,0.0000
StairClimber/84,4.342000424341375,4,0.0000,0.0000,0.0001,0.0599,0.5687,0.3449,0.0221,0.0043,0.0000,0.0000
StairClimber/85,4.291652002018633,4,0.0000,0.0000,0.0001,0.0951,0.5474,0.3320,0.0212,0.0042,0.0000,0.0000
StairClimber/86,4.348381054739662,4,0.0000,0.0000,0.0001,0.0597,0.5667,0.3437,0.0249,0.0049,0.0000,0.0000
StairClimber/87,4.173953899510827,4,0.0000,0.0000,0.0003,0.1297,0.5814,0.2746,0.0121,0.0019,0.0000,0.0000
StairClimber/88,4.0744690174421665,4,0.0000,0.0000,0.0005,0.1709,0.5965,0.2195,0.0109,0.0017,0.0000,0.0000
StairClimber/89,4.186436764042879,4,0.0000,0.0000,0.0002,0.1289,0.5778,0.2729,0.0174,0.0027,0.0000,0.0000
StairClimber/90,4.296394714153075,4,0.0000,0.0000,0.0001,0.0948,0.5458,0.3310,0.0240,0.0042,0.0000,0.0000
StairClimber/91,4.291652001735642,4,0.0000,0.0000,0.0001,0.0951,0.5474,0.3320,0.0212,0.0042,0.0000,0.0000
StairClimber/92,4.290319855081553,4,0.0000,0.0000,0.0001,0.0952,0.5476,0.3322,0.0212,0.0037,0.0000,0.0000
StairClimber/93,4.21672344037711,4,0.0000,0.0000,0.0002,0.1036,0.5962,0.2816,0.0159,0.0024,0.0000,0.0000
StairClimber/94,4.318122870498832,4,0.0000,0.0000,0.0001,0.0757,0.5594,0.3393,0.0217,0.0038,0.0000,0.0000
StairClimber/95,4.173953899510827,4,0.0000,0.0000,0.0003,0.1297,0.5814,0.2746,0.0121,0.0019,0.0000,0.0000
StairClimber/96,4.218788865902279,4,0.0000,0.0000,0.0001,0.1035,0.5959,0.2815,0.0159,0.0031,0.0000,0.0000
StairClimber/97,4.484653112443557,4,0.0000,0.0000,0.0000,0.0605,0.4473,0.4473,0.0367,0.0082,0.0000,0.0000
StairClimber/98,4.173418584017667,4,0.0000,0.0000,0.0003,0.1298,0.5815,0.2747,0.0121,0.0016,0.0000,0.0000
StairClimber/99,4.400273283071018,4,0.0000,0.0000,0.0001,0.0682,0.5042,0.3927,0.0284,0.0063,0.0000,0.0000
StairClimber/100,4.0744690174421665,4,0.0000,0.0000,0.0005,0.1709,0.5965,0.2195,0.0109,0.0017,0.0000,0.0000
StairClimber/101,4.120687730649733,4,0.0000,0.0000,0.0003,0.1381,0.6190,0.2277,0.0128,0.0020,0.0000,0.0000
StairClimber/102,4.384872806687794,4,0.0000,0.0000,0.0001,0.0688,0.5084,0.3960,0.0223,0.0044,0.0000,0.0000
StairClimber/103,4.22246289183116,4,0.0000,0.0000,0.0002,0.1033,0.5946,0.2809,0.0180,0.0031,0.0000,0.0000
StairClimber/104,4.245937090385406,4,0.0000,0.0000,0.0002,0.1196,0.5361,0.3251,0.0162,0.0028,0.0000,0.0000
StairClimber/105,4.285929771245066,4,0.0000,0.0000,0.0002,0.0954,0.5490,0.3330,0.0188,0.0037,0.0000,0.0000
StairClimber/106,4.22246289183116,4,0.0000,0.0000,0.0002,0.1033,0.5946,0.2809,0.0180,0.0031,0.0000,0.0000
StairClimber/107,4.187504078292154,4,0.0000,0.0000,0.0002,0.1289,0.5776,0.2728,0.0174,0.0030,0.0000,0.0000
StairClimber/108,4.484653112443557,4,0.0000,0.0000,0.0000,0.0605,0.4473,0.4473,0.0367,0.0082,0.0000,0.0000
StairClimber/109,4.173953899510827,4,0.0000,0.0000,0.0003,0.1297,0.5814,0.2746,0.0121,0.0019,0.0000,0.0000
StairClimber/110,4.384872806687794,4,0.0000,0.0000,0.0001,0.0688,0.5084,0.3960,0.0223,0.0044,0.0000,0.0000
StairClimber/111,4.255447288512217,4,0.0000,0.0000,0.0001,0.0822,0.6070,0.2867,0.0208,0.0032,0.0000,0.0000
StairClimber/112,4.173418584017667,4,0.0000,0.0000,0.0003,0.1298,0.5815,0.2747,0.0121,0.0016,0.0000,0.0000
StairClimber/113,4.222460475486649,4,0.0000,0.0000,0.0002,0.1033,0.5946,0.2809,0.0180,0.0031,0.0000,0.0000
StairClimber/114,4.290319855081553,4,0.0000,0.0000,0.0001,0.0952,0.5476,0.3322,0.0212,0.0037,0.0000,0.0000
StairClimber/115,4.318122870498832,4,0.0000,0.0000,0.0001,0.0757,0.5594,0.3393,0.0217,0.0038,0.0000,0.0000
StairClimber/116,4.21672344037711,4,0.0000,0.0000,0.0002,0.1036,0.5962,0.2816,0.0159,0.0024,0.0000,0.0000
StairClimber/117,4.345308042297204,4,0.0000,0.0000,0.0000,0.0599,0.5680,0.3445,0.0220,0.0056,0.0000,0.0000
StairClimber/118,4.284892034266752,4,0.0000,0.0000,0.0001,0.0954,0.5493,0.3331,0.0188,0.0033,0.0000,0.0000
StairClimber/119,4.391229987973381,4,0.0000,0.0000,0.0001,0.0686,0.5066,0.3946,0.0252,0.0050,0.0000,0.0000
StairClimber/120,4.063866195614417,4,0.0000,0.0000,0.0003,0.1462,0.6551,0.1877,0.0093,0.0014,0.0000,0.0000
StairClimber/121,4.17779523150401,4,0.0000,0.0000,0.0002,0.1295,0.5804,0.2742,0.0136,0.0021,0.0000,0.0000
StairClimber/122,4.21762674169323,4,0.0000,0.0000,0.0002,0.1036,0.5960,0.2815,0.0159,0.0028,0.0000,0.0000
StairClimber/123,4.218788865510003,4,0.0000,0.0000,0.0001,0.1035,0.5959,0.2815,0.0159,0.0031,0.0000,0.0000
StairClimber/124,4.291653283641261,4,0.0000,0.0000,0.0001,0.0951,0.5474,0.3320,0.0212,0.0042,0.0000,0.0000
StairClimber/125,4.296394714153075,4,0.0000,0.0000,0.0001,0.0948,0.5458,0.3310,0.0240,0.0042,0.0000,0.0000
StairClimber/126,4.227852210963967,4,0.0000,0.0000,0.0002,0.1030,0.5929,0.2801,0.0203,0.0035,0.0000,0.0000
StairClimber/127,4.218788865510003,4,0.0000,0.0000,0.0001,0.1035,0.5959,0.2815,0.0159,0.0031,0.0000,0.0000
StairClimber/128,4.296394714153075,4,0.0000,0.0000,0.0001,0.0948,0.5458,0.3310,0.0240,0.0042,0.0000,0.0000
StairClimber/129,4.063866195614417,4,0.0000,0.0000,0.0003,0.1462,0.6551,0.1877,0.0093,0.0014,0.0000,0.0000
StairClimber/130,4.245937090385406,4,0.0000,0.0000,0.0002,0.1196,0.5361,0.3251,0.0162,0.0028,0.0000,0.0000
StairClimber/131,4.186436764042879,4,0.0000,0.0000,0.0002,0.1289,0.5778,0.2729,0.0174,0.0027,0.0000,0.0000
StairClimber/132,4.384894402508901,4,0.0000,0.0000,0.0001,0.0688,0.5084,0.3960,0.0223,0.0044,0.0000,0.0000
StairClimber/133,4.2903198550506305,4,0.0000,0.0000,0.0001,0.0952,0.5476,0.3322,0.0212,0.0037,0.0000,0.0000
StairClimber/134,4.389684873859793,4,0.0000,0.0000,0.0001,0.0686,0.5069,0.3948,0.0252,0.0044,0.0000,0.0000
StairClimber/135,4.222460475486649,4,0.0000,0.0000,0.0002,0.1033,0.5946,0.2809,0.0180,0.0031,0.0000,0.0000
StairClimber/136,4.135202340568904,4,0.0000,0.0000,0.0003,0.1604,0.5599,0.2645,0.0132,0.0018,0.0000,0.0000
StairClimber/137,4.173953899510827,4,0.0000,0.0000,0.0003,0.1297,0.5814,0.2746,0.0121,0.0019,0.0000,0.0000
StairClimber/138,4.287346742366845,4,0.0000,0.0000,0.0001,0.0954,0.5487,0.3328,0.0188,0.0042,0.0000,0.0000
StairClimber/139,4.348381054739662,4,0.0000,0.0000,0.0001,0.0597,0.5667,0.3437,0.0249,0.0049,0.0000,0.0000
StairClimber/140,4.0744690174421665,4,0.0000,0.0000,0.0005,0.1709,0.5965,0.2195,0.0109,0.0017,0.0000,0.0000
StairClimber/141,4.173953899510827,4,0.0000,0.0000,0.0003,0.1297,0.5814,0.2746,0.0121,0.0019,0.0000,0.0000
StairClimber/142,4.245937090385406,4,0.0000,0.0000,0.0002,0.1196,0.5361,0.3251,0.0162,0.0028,0.0000,0.0000
StairClimber/143,4.342000424341375,4,0.0000,0.0000,0.0001,0.0599,0.5687,0.3449,0.0221,0.0043,0.0000,0.0000
StairClimber/144,4.063866195614417,4,0.0000,0.0000,0.0003,0.1462,0.6551,0.1877,0.0093,0.0014,0.0000,0.0000
StairClimber/145,4.245937090385406,4,0.0000,0.0000,0.0002,0.1196,0.5361,0.3251,0.0162,0.0028,0.0000,0.0000
StairClimber/146,4.340619136661445,4,0.0000,0.0000,0.0001,0.0600,0.5690,0.3451,0.0221,0.0038,0.0000,0.0000
StairClimber/147,4.21762674169323,4,0.0000,0.0000,0.0002,0.1036,0.5960,0.2815,0.0159,0.0028,0.0000,0.0000
StairClimber/148,4.284745764482943,4,0.0000,0.0000,0.0002,0.0954,0.5492,0.3331,0.0188,0.0033,0.0000,0.0000
StairClimber/149,4.2809523253986805,4,0.0000,0.0000,0.0002,0.0957,0.5504,0.3339,0.0166,0.0033,0.0000,0.0000
StairClimber/150,4.218788865902279,4,0.0000,0.0000,0.0001,0.1035,0.5959,0.2815,0.0159,0.0031,0.0000,0.0000
StairClimber/151,4.0744690174421665,4,0.0000,0.0000,0.0005,0.1709,0.5965,0.2195,0.0109,0.0017,0.0000,0.0000
StairClimber/152,4.22246289183116,4,0.0000,0.0000,0.0002,0.1033,0.5946,0.2809,0.0180,0.0031,0.0000,0.0000
StairClimber/153,4.227799974388776,4,0.0000,0.0000,0.0002,0.1030,0.5929,0.2801,0.0203,0.0035,0.0000,0.0000
StairClimber/154,4.245937090385406,4,0.0000,0.0000,0.0002,0.1196,0.5361,0.3251,0.0162,0.0028,0.0000,0.0000
StairClimber/155,4.311443537870004,4,0.0000,0.0000,0.0001,0.0760,0.5613,0.3404,0.0192,0.0029,0.0000,0.0000
StairClimber/156,4.17779523150401,4,0.0000,0.0000,0.0002,0.1295,0.5804,0.2742,0.0136,0.0021,0.0000,0.0000
StairClimber/157,4.0744690174421665,4,0.0000,0.0000,0.0005,0.1709,0.5965,0.2195,0.0109,0.0017,0.0000,0.0000
StairClimber/158,4.0744690174421665,4,0.0000,0.0000,0.0005,0.1709,0.5965,0.2195,0.0109,0.0017,0.0000,0.0000
StairClimber/159,4.063866195614417,4,0.0000,0.0000,0.0003,0.1462,0.6551,0.1877,0.0093,0.0014,0.0000,0.0000
StairClimber/160,4.0744690174421665,4,0.0000,0.0000,0.0005,0.1709,0.5965,0.2195,0.0109,0.0017,0.0000,0.0000
StairClimber/161,4.186436764042879,4,0.0000,0.0000,0.0002,0.1289,0.5778,0.2729,0.0174,0.0027,0.0000,0.0000
StairClimber/162,4.340619136661445,4,0.0000,0.0000,0.0001,0.0600,0.5690,0.3451,0.0221,0.0038,0.0000,0.0000
StairClimber/163,4.120687730649733,4,0.0000,0.0000,0.0003,0.1381,0.6190,0.2277,0.0128,0.0020,0.0000,0.0000
StairClimber/164,4.0744690174421665,4,0.0000,0.0000,0.0005,0.1709,0.5965,0.2195,0.0109,0.0017,0.0000,0.0000
StairClimber/165,4.284892034266752,4,0.0000,0.0000,0.0001,0.0954,0.5493,0.3331,0.0188,0.0033,0.0000,0.0000
StairClimber/166,4.245937090385406,4,0.0000,0.0000,0.0002,0.1196,0.5361,0.3251,0.0162,0.0028,0.0000,0.0000
StairClimber/167,4.384894402508901,4,0.0000,0.0000,0.0001,0.0688,0.5084,0.3960,0.0223,0.0044,0.0000,0.0000
StairClimber/168,4.21672344037711,4,0.0000,0.0000,0.0002,0.1036,0.5962,0.2816,0.0159,0.0024,0.0000,0.0000
StairClimber/169,4.484653112443557,4,0.0000,0.0000,0.0000,0.0605,0.4473,0.4473,0.0367,0.0082,0.0000,0.0000
StairClimber/170,4.063866195614417,4,0.0000,0.0000,0.0003,0.1462,0.6551,0.1877,0.0093,0.0014,0.0000,0.0000
StairClimber/171,4.187504078292154,4,0.0000,0.0000,0.0002,0.1289,0.5776,0.2728,0.0174,0.0030,0.0000,0.0000
StairClimber/172,4.291652001735642,4,0.0000,0.0000,0.0001,0.0951,0.5474,0.3320,0.0212,0.0042,0.0000,0.0000
StairClimber/173,4.222460475486649,4,0.0000,0.0000,0.0002,0.1033,0.5946,0.2809,0.0180,0.0031,0.0000,0.0000
StairClimber/174,4.222460475486649,4,0.0000,0.0000,0.0002,0.1033,0.5946,0.2809,0.0180,0.0031,0.0000,0.0000
StairClimber/175,4.255447288512217,4,0.0000,0.0000,0.0001,0.0822,0.6070,0.2867,0.0208,0.0032,0.0000,0.0000
StairClimber/176,4.285929771245066,4,0.0000,0.0000,0.0002,0.0954,0.5490,0.3330,0.0188,0.0037,0.0000,0.0000
StairClimber/177,4.291653283641261,4,0.0000,0.0000,0.0001,0.0951,0.5474,0.3320,0.0212,0.0042,0.0000,0.0000
StairClimber/178,4.173953899510827,4,0.0000,0.0000,0.0003,0.1297,0.5814,0.2746,0.0121,0.0019,0.0000,0.0000
StairClimber/179,4.290319855081553,4,0.0000,0.0000,0.0001,0.0952,0.5476,0.3322,0.0212,0.0037,0.0000,0.0000
StairClimber/180,4.120687730649733,4,0.0000,0.0000,0.0003,0.1381,0.6190,0.2277,0.0128,0.0020,0.0000,0.0000
StairClimber/181,4.120687730649733,4,0.0000,0.0000,0.0003,0.1381,0.6190,0.2277,0.0128,0.0020,0.0000,0.0000
StairClimber/182,4.0744690174421665,4,0.0000,0.0000,0.0005,0.1709,0.5965,0.2195,0.0109,0.0017,0.0000,0.0000
StairClimber/183,4.222460475486649,4,0.0000,0.0000,0.0002,0.1033,0.5946,0.2809,0.0180,0.0031,0.0000,0.0000
StairClimber/184,4.348381054739662,4,0.0000,0.0000,0.0001,0.0597,0.5667,0.3437,0.0249,0.0049,0.0000,0.0000
StairClimber/185,4.296466875171047,4,0.0000,0.0000,0.0001,0.0949,0.5458,0.3311,0.0240,0.0042,0.0000,0.0000
StairClimber/186,4.120687730649733,4,0.0000,0.0000,0.0003,0.1381,0.6190,0.2277,0.0128,0.0020,0.0000,0.0000
StairClimber/187,4.391229987973381,4,0.0000,0.0000,0.0001,0.0686,0.5066,0.3946,0.0252,0.0050,0.0000,0.0000
StairClimber/188,4.391229987973381,4,0.0000,0.0000,0.0001,0.0686,0.5066,0.3946,0.0252,0.0050,0.0000,0.0000
StairClimber/189,4.285929771245066,4,0.0000,0.0000,0.0002,0.0954,0.5490,0.3330,0.0188,0.0037,0.0000,0.0000
StairClimber/190,4.222460475486649,4,0.0000,0.0000,0.0002,0.1033,0.5946,0.2809,0.0180,0.0031,0.0000,0.0000
StairClimber/191,4.400273283071018,4,0.0000,0.0000,0.0001,0.0682,0.5042,0.3927,0.0284,0.0063,0.0000,0.0000
StairClimber/192,4.340619136661445,4,0.0000,0.0000,0.0001,0.0600,0.5690,0.3451,0.0221,0.0038,0.0000,0.0000
StairClimber/193,4.227852210963967,4,0.0000,0.0000,0.0002,0.1030,0.5929,0.2801,0.0203,0.0035,0.0000,0.0000
StairClimber/194,4.384894402508901,4,0.0000,0.0000,0.0001,0.0688,0.5084,0.3960,0.0223,0.0044,0.0000,0.0000
StairClimber/195,4.484653112443557,4,0.0000,0.0000,0.0000,0.0605,0.4473,0.4473,0.0367,0.0082,0.0000,0.0000
StairClimber/196,4.0744690174421665,4,0.0000,0.0000,0.0005,0.1709,0.5965,0.2195,0.0109,0.0017,0.0000,0.0000
StairClimber/197,4.2809523253986805,4,0.0000,0.0000,0.0002,0.0957,0.5504,0.3339,0.0166,0.0033,0.0000,0.0000
StairClimber/198,4.22246289183116,4,0.0000,0.0000,0.0002,0.1033,0.5946,0.2809,0.0180,0.0031,0.0000,0.0000
StairClimber/199,4.348381054739662,4,0.0000,0.0000,0.0001,0.0597,0.5667,0.3437,0.0249,0.0049,0.0000,0.0000
TopOff/0,5.76176901729738,5,0.0000,0.0000,0.0000,0.0022,0.0714,0.4111,0.1942,0.3201,0.0010,0.0000
TopOff/1,4.240334340197018,4,0.0000,0.0000,0.0008,0.1460,0.5095,0.3090,0.0254,0.0093,0.0000,0.0000
TopOff/2,4.9242892383989565,5,0.0000,0.0000,0.0000,0.0132,0.2661,0.5633,0.0979,0.0594,0.0001,0.0000
TopOff/3,5.761501616556451,5,0.0000,0.0000,0.0000,0.0022,0.0714,0.4111,0.1942,0.3202,0.0009,0.0000
TopOff/4,5.666010625402694,5,0.0000,0.0000,0.0000,0.0026,0.0769,0.4424,0.2090,0.2683,0.0009,0.0000
TopOff/5,6.105754894813202,7,0.0000,0.0000,0.0000,0.0010,0.0379,0.2800,0.2180,0.4616,0.0015,0.0000
TopOff/6,4.534609498875837,4,0.0000,0.0000,0.0001,0.0591,0.4365,0.4365,0.0460,0.0217,0.0000,0.0000
TopOff/7,6.212634814869555,7,0.0000,0.0000,0.0000,0.0007,0.0335,0.2472,0.1925,0.5234,0.0027,0.0000
TopOff/8,4.689490603880163,5,0.0000,0.0000,0.0001,0.0560,0.3224,0.5315,0.0560,0.0340,0.0001,0.0000
TopOff/9,4.240334340197018,4,0.0000,0.0000,0.0008,0.1460,0.5095,0.3090,0.0254,0.0093,0.0000,0.0000
TopOff/10,4.240334340197018,4,0.0000,0.0000,0.0008,0.1460,0.5095,0.3090,0.0254,0.0093,0.0000,0.0000
TopOff/11,5.629774120985201,5,0.0000,0.0000,0.0000,0.0029,0.0966,0.4327,0.2044,0.2625,0.0009,0.0000
TopOff/12,6.1918392532214765,7,0.0000,0.0000,0.0000,0.0009,0.0425,0.2448,0.1906,0.5181,0.0031,0.0000
TopOff/13,4.9821319344275885,5,0.0000,0.0000,0.0000,0.0141,0.2202,0.5985,0.1040,0.0631,0.0001,0.0000
TopOff/14,6.191514876112836,7,0.0000,0.0000,0.0000,0.0008,0.0426,0.2449,0.1907,0.5184,0.0027,0.0000
TopOff/15,6.11089297063965,7,0.0000,0.0000,0.0000,0.0009,0.0378,0.2793,0.2175,0.4605,0.0040,0.0000
TopOff/16,5.97920992644901,7,0.0000,0.0000,0.0000,0.0015,0.0565,0.3251,0.1972,0.4175,0.0022,0.0000
TopOff/17,5.726130346142811,5,0.0000,0.0000,0.0000,0.0027,0.0898,0.4025,0.1901,0.3134,0.0015,0.0000
TopOff/18,5.011608241278636,5,0.0000,0.0000,0.0000,0.0203,0.2475,0.5240,0.1169,0.0910,0.0003,0.0000
TopOff/19,6.005272722296709,7,0.0000,0.0000,0.0000,0.0012,0.0446,0.3294,0.1998,0.4229,0.0022,0.0000
TopOff/20,5.045690075034496,5,0.0000,0.0000,0.0000,0.0134,0.2102,0.5713,0.1275,0.0773,0.0002,0.0000
TopOff/21,6.11089297063965,7,0.0000,0.0000,0.0000,0.0009,0.0378,0.2793,0.2175,0.4605,0.0040,0.0000
TopOff/22,5.438633010590656,5,0.0000,0.0000,0.0000,0.0050,0.1133,0.5077,0.1868,0.1868,0.0005,0.0000
TopOff/23,5.344060446838207,5,0.0000,0.0000,0.0000,0.0048,0.1236,0.5539,0.1587,0.1587,0.0004,0.0000
TopOff/24,6.221782236878378,7,0.0000,0.0000,0.0000,0.0008,0.0349,0.2582,0.1566,0.5466,0.0029,0.0000
TopOff/25,5.87320556272926,5,0.0000,0.0000,0.0000,0.0015,0.0623,0.3587,0.2176,0.3587,0.0011,0.0000
TopOff/26,4.552120990153721,5,0.0000,0.0000,0.0001,0.0668,0.3843,0.4934,0.0405,0.0149,0.0000,0.0000
TopOff/27,5.6292779222993286,5,0.0000,0.0000,0.0000,0.0029,0.0966,0.4328,0.2044,0.2625,0.0007,0.0000
TopOff/28,5.370899438149543,5,0.0000,0.0000,0.0000,0.0052,0.1182,0.5297,0.1948,0.1517,0.0004,0.0000
TopOff/29,4.668767227663607,5,0.0000,0.0000,0.0000,0.0315,0.3840,0.4931,0.0667,0.0245,0.0000,0.0000
TopOff/30,5.236335858747873,5,0.0000,0.0000,0.0000,0.0083,0.1879,0.5107,0.1463,0.1463,0.0006,0.0000
TopOff/31,6.107388762097955,7,0.0000,0.0000,0.0000,0.0009,0.0379,0.2798,0.2179,0.4614,0.0021,0.0000
TopOff/32,6.106493547187819,7,0.0000,0.0000,0.0000,0.0009,0.0379,0.2800,0.2180,0.4616,0.0017,0.0000
TopOff/33,6.108858681140671,7,0.0000,0.0000,0.0000,0.0010,0.0378,0.2795,0.2177,0.4608,0.0031,0.0000
TopOff/34,4.988424523004278,5,0.0000,0.0000,0.0000,0.0110,0.2209,0.6004,0.1043,0.0633,0.0001,0.0000
TopOff/35,4.867307706983716,5,0.0000,0.0000,0.0000,0.0174,0.2714,0.5746,0.0998,0.0367,0.0001,0.0000
TopOff/36,4.880228598382882,5,0.0000,0.0000,0.0000,0.0219,0.2673,0.5659,0.0983,0.0464,0.0001,0.0000
TopOff/37,4.345267270959489,4,0.0000,0.0000,0.0004,0.1076,0.4823,0.3756,0.0240,0.0100,0.0000,0.0000
TopOff/38,6.088481922189126,7,0.0000,0.0000,0.0000,0.0013,0.0505,0.2905,0.1762,0.4790,0.0025,0.0000
TopOff/39,5.051720630373893,5,0.0000,0.0000,0.0000,0.0105,0.2108,0.5731,0.1279,0.0776,0.0002,0.0000
TopOff/40,6.110620521908938,7,0.0000,0.0000,0.0000,0.0007,0.0378,0.2795,0.2177,0.4608,0.0035,0.0000
TopOff/41,5.627894743785175,5,0.0000,0.0000,0.0000,0.0037,0.0965,0.4323,0.2042,0.2622,0.0011,0.0000
TopOff/42,4.917153821136101,5,0.0000,0.0000,0.0000,0.0169,0.2651,0.5612,0.0975,0.0591,0.0001,0.0000
TopOff/43,5.3724798609882285,5,0.0000,0.0000,0.0000,0.0046,0.1182,0.5299,0.1950,0.1518,0.0004,0.0000
TopOff/44,5.442017289091716,5,0.0000,0.0000,0.0000,0.0034,0.1135,0.5086,0.1871,0.1871,0.0004,0.0000
TopOff/45,6.210914723819869,7,0.0000,0.0000,0.0000,0.0009,0.0335,0.2473,0.1926,0.5236,0.0021,0.0000
TopOff/46,5.087694749236896,5,0.0000,0.0000,0.0000,0.0131,0.2057,0.5591,0.1247,0.0972,0.0002,0.0000
TopOff/47,6.109226872387205,7,0.0000,0.0000,0.0000,0.0009,0.0378,0.2796,0.2177,0.4609,0.0031,0.0000
TopOff/48,5.761278862555643,5,0.0000,0.0000,0.0000,0.0024,0.0714,0.4109,0.1941,0.3200,0.0012,0.0000
TopOff/49,6.115663452605829,7,0.0000,0.0000,0.0000,0.0006,0.0398,0.2938,0.1782,0.4844,0.0033,0.0000
TopOff/50,5.665775335948162,5,0.0000,0.0000,0.0000,0.0026,0.0769,0.4424,0.2090,0.2683,0.0008,0.0000
TopOff/51,4.855347244966749,5,0.0000,0.0000,0.0000,0.0224,0.2732,0.5784,0.0783,0.0475,0.0001,0.0000
TopOff/52,5.168376018418563,5,0.0000,0.0000,0.0000,0.0124,0.1934,0.5258,0.1506,0.1173,0.0004,0.0000
TopOff/53,5.168376018418563,5,0.0000,0.0000,0.0000,0.0124,0.1934,0.5258,0.1506,0.1173,0.0004,0.0000
TopOff/54,6.005272722296709,7,0.0000,0.0000,0.0000,0.0012,0.0446,0.3294,0.1998,0.4229,0.0022,0.0000
TopOff/55,5.1839113191365715,5,0.0000,0.0000,0.0000,0.0072,0.1628,0.5682,0.1628,0.0987,0.0002,0.0000
TopOff/56,5.087694749236896,5,0.0000,0.0000,0.0000,0.0131,0.2057,0.5591,0.1247,0.0972,0.0002,0.0000
TopOff/57,6.110620521908938,7,0.0000,0.0000,0.0000,0.0007,0.0378,0.2795,0.2177,0.4608,0.0035,0.0000
TopOff/58,5.15342420097007,5,0.0000,0.0000,0.0000,0.0074,0.1689,0.5895,0.1315,0.1024,0.0003,0.0000
TopOff/59,6.088481922189126,7,0.0000,0.0000,0.0000,0.0013,0.0505,0.2905,0.1762,0.4790,0.0025,0.0000
TopOff/60,4.974225633632642,5,0.0000,0.0000,0.0000,0.0180,0.2193,0.5961,0.1036,0.0628,0.0001,0.0000
TopOff/61,6.210914723819869,7,0.0000,0.0000,0.0000,0.0009,0.0335,0.2473,0.1926,0.5236,0.0021,0.0000
TopOff/62,5.0177403019129665,5,0.0000,0.0000,0.0000,0.0138,0.2163,0.5880,0.1022,0.0796,0.0001,0.0000
TopOff/63,5.011608241278636,5,0.0000,0.0000,0.0000,0.0203,0.2475,0.5240,0.1169,0.0910,0.0003,0.0000
TopOff/64,6.2841983830413355,7,0.0000,0.0000,0.0000,0.0007,0.0354,0.2035,0.2035,0.5532,0.0037,0.0000
TopOff/65,4.855347244966749,5,0.0000,0.0000,0.0000,0.0224,0.2732,0.5784,0.0783,0.0475,0.0001,0.0000
TopOff/66,4.345267270959489,4,0.0000,0.0000,0.0004,0.1076,0.4823,0.3756,0.0240,0.0100,0.0000,0.0000
TopOff/67,6.106493613429965,7,0.0000,0.0000,0.0000,0.0009,0.0379,0.2800,0.2180,0.4616,0.0017,0.0000
TopOff/68,6.221782236878378,7,0.0000,0.0000,0.0000,0.0008,0.0349,0.2582,0.1566,0.5466,0.0029,0.0000
TopOff/69,6.105754894813202,7,0.0000,0.0000,0.0000,0.0010,0.0379,0.2800,0.2180,0.4616,0.0015,0.0000
TopOff/70,5.665076106598757,5,0.0000,0.0000,0.0000,0.0030,0.0768,0.4422,0.2089,0.2682,0.0009,0.0000
TopOff/71,4.855347244966749,5,0.0000,0.0000,0.0000,0.0224,0.2732,0.5784,0.0783,0.0475,0.0001,0.0000
TopOff/72,6.111843637197101,7,0.0000,0.0000,0.0000,0.0008,0.0398,0.2942,0.1785,0.4851,0.0015,0.0000
TopOff/73,5.017800501375303,5,0.0000,0.0000,0.0000,0.0138,0.2163,0.5880,0.1022,0.0796,0.0002,0.0000
TopOff/74,5.393790142372398,5,0.0000,0.0000,0.0000,0.0048,0.1409,0.4919,0.1809,0.1809,0.0005,0.0000
TopOff/75,5.1511339476198525,5,0.0000,0.0000,0.0000,0.0084,0.1687,0.5889,0.1314,0.1023,0.0002,0.0000
TopOff/76,4.534493346473026,4,0.0000,0.0000,0.0001,0.0591,0.4365,0.4365,0.0460,0.0217,0.0000,0.0000
TopOff/77,4.562490293054411,5,0.0000,0.0000,0.0001,0.0665,0.3826,0.4913,0.0403,0.0191,0.0000,0.0000
TopOff/78,5.293648557765476,5,0.0000,0.0000,0.0000,0.0067,0.1530,0.5340,0.1530,0.1530,0.0004,0.0000
TopOff/79,4.534609498875837,4,0.0000,0.0000,0.0001,0.0591,0.4365,0.4365,0.0460,0.0217,0.0000,0.0000
TopOff/80,5.145388368846376,5,0.0000,0.0000,0.0000,0.0100,0.2007,0.5455,0.1217,0.1217,0.0003,0.0000
TopOff/81,5.629774120985201,5,0.0000,0.0000,0.0000,0.0029,0.0966,0.4327,0.2044,0.2625,0.0009,0.0000
TopOff/82,5.205820675423032,5,0.0000,0.0000,0.0000,0.0072,0.1641,0.5728,0.1278,0.1278,0.0003,0.0000
TopOff/83,4.982181866790725,5,0.0000,0.0000,0.0000,0.0141,0.2202,0.5985,0.1040,0.0631,0.0001,0.0000
TopOff/84,5.979201955148926,7,0.0000,0.0000,0.0000,0.0017,0.0565,0.3250,0.1971,0.4173,0.0025,0.0000
TopOff/85,4.855342502441527,5,0.0000,0.0000,0.0000,0.0224,0.2732,0.5785,0.0783,0.0475,0.0001,0.0000
TopOff/86,4.889411278106124,5,0.0000,0.0000,0.0000,0.0172,0.2686,0.5686,0.0988,0.0467,0.0001,0.0000
TopOff/87,4.562490293054411,5,0.0000,0.0000,0.0001,0.0665,0.3826,0.4913,0.0403,0.0191,0.0000,0.0000
TopOff/88,4.689490603880163,5,0.0000,0.0000,0.0001,0.0560,0.3224,0.5315,0.0560,0.0340,0.0001,0.0000
TopOff/89,5.153336268977091,5,0.0000,0.0000,0.0000,0.0074,0.1689,0.5895,0.1315,0.1024,0.0002,0.0000
TopOff/90,4.534493346473026,4,0.0000,0.0000,0.0001,0.0591,0.4365,0.4365,0.0460,0.0217,0.0000,0.0000
TopOff/91,5.979683081199525,7,0.0000,0.0000,0.0000,0.0012,0.0565,0.3253,0.1973,0.4177,0.0019,0.0000
TopOff/92,4.988424523004278,5,0.0000,0.0000,0.0000,0.0110,0.2209,0.6004,0.1043,0.0633,0.0001,0.0000
TopOff/93,5.87239513513298,5,0.0000,0.0000,0.0000,0.0021,0.0623,0.3583,0.2173,0.3583,0.0017,0.0000
TopOff/94,4.689490603880163,5,0.0000,0.0000,0.0001,0.0560,0.3224,0.5315,0.0560,0.0340,0.0001,0.0000
TopOff/95,4.240334340197018,4,0.0000,0.0000,0.0008,0.1460,0.5095,0.3090,0.0254,0.0093,0.0000,0.0000
TopOff/96,6.315405035867743,7,0.0000,0.0000,0.0000,0.0007,0.0291,0.2151,0.1675,0.5846,0.0031,0.0000
TopOff/97,4.562490293054411,5,0.0000,0.0000,0.0001,0.0665,0.3826,0.4913,0.0403,0.0191,0.0000,0.0000
TopOff/98,5.10818175426358,5,0.0000,0.0000,0.0000,0.0086,0.1726,0.6026,0.1345,0.0816,0.0002,0.0000
TopOff/99,6.1140299448491096,7,0.0000,0.0000,0.0000,0.0009,0.0398,0.2938,0.1782,0.4844,0.0029,0.0000
TopOff/100,5.665775335948162,5,0.0000,0.0000,0.0000,0.0026,0.0769,0.4424,0.2090,0.2683,0.0008,0.0000
TopOff/101,6.088481922189126,7,0.0000,0.0000,0.0000,0.0013,0.0505,0.2905,0.1762,0.4790,0.0025,0.0000
TopOff/102,4.534609498875837,4,0.0000,0.0000,0.0001,0.0591,0.4365,0.4365,0.0460,0.0217,0.0000,0.0000
TopOff/103,6.211424275523658,7,0.0000,0.0000,0.0000,0.0009,0.0335,0.2472,0.1926,0.5234,0.0024,0.0000
TopOff/104,5.62825710189045,5,0.0000,0.0000,0.0000,0.0033,0.0965,0.4326,0.2044,0.2624,0.0007,0.0000
TopOff/105,4.689490603880163,5,0.0000,0.0000,0.0001,0.0560,0.3224,0.5315,0.0560,0.0340,0.0001,0.0000
TopOff/106,4.9205952007787745,5,0.0000,0.0000,0.0000,0.0187,0.2277,0.6189,0.0838,0.0508,0.0001,0.0000
TopOff/107,5.5809223442153435,5,0.0000,0.0000,0.0000,0.0053,0.1203,0.4200,0.1984,0.2547,0.0013,0.0000
TopOff/108,6.211424275523658,7,0.0000,0.0000,0.0000,0.0009,0.0335,0.2472,0.1926,0.5234,0.0024,0.0000
TopOff/109,6.110620521908938,7,0.0000,0.0000,0.0000,0.0007,0.0378,0.2795,0.2177,0.4608,0.0035,0.0000
TopOff/110,4.534465279756419,4,0.0000,0.0000,0.0001,0.0591,0.4365,0.4365,0.0460,0.0217,0.0000,0.0000
TopOff/111,5.0961892928051995,5,0.0000,0.0000,0.0000,0.0091,0.2065,0.5614,0.1253,0.0976,0.0002,0.0000
TopOff/112,6.2841983830413355,7,0.0000,0.0000,0.0000,0.0007,0.0354,0.2035,0.2035,0.5532,0.0037,0.0000
TopOff/113,6.106818594094148,7,0.0000,0.0000,0.0000,0.0008,0.0379,0.2800,0.2181,0.4616,0.0017,0.0000
TopOff/114,6.105754894813202,7,0.0000,0.0000,0.0000,0.0010,0.0379,0.2800,0.2180,0.4616,0.0015,0.0000
TopOff/115,6.221782236878378,7,0.0000,0.0000,0.0000,0.0008,0.0349,0.2582,0.1566,0.5466,0.0029,0.0000
TopOff/116,5.148886411735664,5,0.0000,0.0000,0.0000,0.0095,0.1685,0.5882,0.1313,0.1022,0.0003,0.0000
TopOff/117,4.689490603880163,5,0.0000,0.0000,0.0001,0.0560,0.3224,0.5315,0.0560,0.0340,0.0001,0.0000
TopOff/118,5.1839113191365715,5,0.0000,0.0000,0.0000,0.0072,0.1628,0.5682,0.1628,0.0987,0.0002,0.0000
TopOff/119,6.10738889020945,7,0.0000,0.0000,0.0000,0.0009,0.0379,0.2798,0.2179,0.4614,0.0021,0.0000
TopOff/120,6.109226872387205,7,0.0000,0.0000,0.0000,0.0009,0.0378,0.2796,0.2177,0.4609,0.0031,0.0000
TopOff/121,5.103040811142854,5,0.0000,0.0000,0.0000,0.0110,0.1722,0.6011,0.1341,0.0814,0.0002,0.0000
TopOff/122,6.315300275848325,7,0.0000,0.0000,0.0000,0.0005,0.0291,0.2152,0.1676,0.5849,0.0027,0.0000
TopOff/123,4.761410757617158,5,0.0000,0.0000,0.0000,0.0268,0.3268,0.5389,0.0729,0.0344,0.0001,0.0000
TopOff/124,6.08487497862017,7,0.0000,0.0000,0.0000,0.0013,0.0481,0.2766,0.2154,0.4560,0.0027,0.0000
TopOff/125,6.107388762097955,7,0.0000,0.0000,0.0000,0.0009,0.0379,0.2798,0.2179,0.4614,0.0021,0.0000
TopOff/126,4.855321987910914,5,0.0000,0.0000,0.0000,0.0224,0.2732,0.5785,0.0783,0.0475,0.0001,0.0000
TopOff/127,6.221782236878378,7,0.0000,0.0000,0.0000,0.0008,0.0349,0.2582,0.1566,0.5466,0.0029,0.0000
TopOff/128,6.106493613429965,7,0.0000,0.0000,0.0000,0.0009,0.0379,0.2800,0.2180,0.4616,0.0017,0.0000
TopOff/129,5.0877806671782535,5,0.0000,0.0000,0.0000,0.0131,0.2057,0.5591,0.1247,0.0971,0.0002,0.0000
TopOff/130,5.544172997062038,5,0.0000,0.0000,0.0000,0.0031,0.1026,0.4596,0.2171,0.2171,0.0005,0.0000
TopOff/131,4.345267270959489,4,0.0000,0.0000,0.0004,0.1076,0.4823,0.3756,0.0240,0.0100,0.0000,0.0000
TopOff/132,5.873334824314701,5,0.0000,0.0000,0.0000,0.0017,0.0623,0.3585,0.2175,0.3585,0.0015,0.0000
TopOff/133,5.108242782891965,5,0.0000,0.0000,0.0000,0.0086,0.1726,0.6026,0.1345,0.0815,0.0002,0.0000
TopOff/134,5.497420253775338,5,0.0000,0.0000,0.0000,0.0044,0.1278,0.4459,0.2106,0.2106,0.0007,0.0000
TopOff/135,6.192911451994369,7,0.0000,0.0000,0.0000,0.0008,0.0425,0.2447,0.1906,0.5180,0.0035,0.0000
TopOff/136,5.039192146165225,5,0.0000,0.0000,0.0000,0.0116,0.1808,0.6312,0.1097,0.0665,0.0001,0.0000
TopOff/137,6.1918392532214765,7,0.0000,0.0000,0.0000,0.0009,0.0425,0.2448,0.1906,0.5181,0.0031,0.0000
TopOff/138,4.534465279756419,4,0.0000,0.0000,0.0001,0.0591,0.4365,0.4365,0.0460,0.0217,0.0000,0.0000
TopOff/139,5.611718785025109,5,0.0000,0.0000,0.0000,0.0031,0.1011,0.4533,0.1668,0.2749,0.0008,0.0000
TopOff/140,6.11089297063965,7,0.0000,0.0000,0.0000,0.0009,0.0378,0.2793,0.2175,0.4605,0.0040,0.0000
TopOff/141,4.880228598382882,5,0.0000,0.0000,0.0000,0.0219,0.2673,0.5659,0.0983,0.0464,0.0001,0.0000
TopOff/142,6.227864654277579,7,0.0000,0.0000,0.0000,0.0006,0.0263,0.2493,0.1942,0.5278,0.0019,0.0000
TopOff/143,5.894577698923024,5,0.0000,0.0000,0.0000,0.0016,0.0517,0.3824,0.1806,0.3824,0.0014,0.0000
TopOff/144,6.1249173961242755,7,0.0000,0.0000,0.0000,0.0007,0.0298,0.2824,0.2199,0.4656,0.0017,0.0000
TopOff/145,5.866547825923829,5,0.0000,0.0000,0.0000,0.0017,0.0655,0.3767,0.1780,0.3767,0.0014,0.0000
TopOff/146,5.872395002774488,5,0.0000,0.0000,0.0000,0.0021,0.0623,0.3583,0.2173,0.3583,0.0017,0.0000
TopOff/147,5.2333789149191965,5,0.0000,0.0000,0.0000,0.0070,0.1584,0.5528,0.1584,0.1233,0.0002,0.0000
TopOff/148,6.1808098001806195,7,0.0000,0.0000,0.0000,0.0008,0.0404,0.2323,0.2323,0.4918,0.0023,0.0000
TopOff/149,6.004277000332401,7,0.0000,0.0000,0.0000,0.0013,0.0446,0.3294,0.1998,0.4229,0.0020,0.0000
TopOff/150,6.315405035867743,7,0.0000,0.0000,0.0000,0.0007,0.0291,0.2151,0.1675,0.5846,0.0031,0.0000
TopOff/151,5.630411307998837,5,0.0000,0.0000,0.0000,0.0026,0.0966,0.4329,0.2045,0.2626,0.0008,0.0000
TopOff/152,4.867307706983716,5,0.0000,0.0000,0.0000,0.0174,0.2714,0.5746,0.0998,0.0367,0.0001,0.0000
TopOff/153,5.521304427922376,5,0.0000,0.0000,0.0000,0.0037,0.1076,0.4823,0.1774,0.2278,0.0011,0.0000
TopOff/154,5.441501966485689,5,0.0000,0.0000,0.0000,0.0039,0.1134,0.5082,0.1870,0.1870,0.0006,0.0000
TopOff/155,5.342564556559225,5,0.0000,0.0000,0.0000,0.0054,0.1235,0.5535,0.1586,0.1586,0.0004,0.0000
TopOff/156,6.106493613429965,7,0.0000,0.0000,0.0000,0.0009,0.0379,0.2800,0.2180,0.4616,0.0017,0.0000
TopOff/157,4.693141578353582,5,0.0000,0.0000,0.0001,0.0445,0.3289,0.5423,0.0572,0.0270,0.0001,0.0000
TopOff/158,5.905265098659307,5,0.0000,0.0000,0.0000,0.0009,0.0492,0.3632,0.2203,0.3632,0.0031,0.0000
TopOff/159,4.534493346473026,4,0.0000,0.0000,0.0001,0.0591,0.4365,0.4365,0.0460,0.0217,0.0000,0.0000
TopOff/160,4.689490603880163,5,0.0000,0.0000,0.0001,0.0560,0.3224,0.5315,0.0560,0.0340,0.0001,0.0000
TopOff/161,5.441501966485689,5,0.0000,0.0000,0.0000,0.0039,0.1134,0.5082,0.1870,0.1870,0.0006,0.0000
TopOff/162,6.221782236878378,7,0.0000,0.0000,0.0000,0.0008,0.0349,0.2582,0.1566,0.5466,0.0029,0.0000
TopOff/163,5.76176905539328,5,0.0000,0.0000,0.0000,0.0022,0.0714,0.4111,0.1942,0.3201,0.0010,0.0000
TopOff/164,5.233641743297597,5,0.0000,0.0000,0.0000,0.0070,0.1584,0.5527,0.1584,0.1233,0.0003,0.0000
TopOff/165,5.5809223442153435,5,0.0000,0.0000,0.0000,0.0053,0.1203,0.4200,0.1984,0.2547,0.0013,0.0000
TopOff/166,4.867307706983716,5,0.0000,0.0000,0.0000,0.0174,0.2714,0.5746,0.0998,0.0367,0.0001,0.0000
TopOff/167,5.900227982586279,5,0.0000,0.0000,0.0000,0.0013,0.0492,0.3638,0.2206,0.3638,0.0013,0.0000
TopOff/168,6.192911451994369,7,0.0000,0.0000,0.0000,0.0008,0.0425,0.2447,0.1906,0.5180,0.0035,0.0000
TopOff/169,4.534493346473026,4,0.0000,0.0000,0.0001,0.0591,0.4365,0.4365,0.0460,0.0217,0.0000,0.0000
TopOff/170,6.088481215795683,7,0.0000,0.0000,0.0000,0.0013,0.0505,0.2905,0.1762,0.4790,0.0025,0.0000
TopOff/171,5.037707957378615,5,0.0000,0.0000,0.0000,0.0172,0.2094,0.5692,0.1270,0.0770,0.0001,0.0000
TopOff/172,6.221782236878378,7,0.0000,0.0000,0.0000,0.0008,0.0349,0.2582,0.1566,0.5466,0.0029,0.0000
TopOff/173,4.928496724552977,5,0.0000,0.0000,0.0000,0.0146,0.2286,0.6215,0.0841,0.0510,0.0001,0.0000
TopOff/174,6.192911451994369,7,0.0000,0.0000,0.0000,0.0008,0.0425,0.2447,0.1906,0.5180,0.0035,0.0000
TopOff/175,4.693141578353582,5,0.0000,0.0000,0.0001,0.0445,0.3289,0.5423,0.0572,0.0270,0.0001,0.0000
TopOff/176,4.562490293054411,5,0.0000,0.0000,0.0001,0.0665,0.3826,0.4913,0.0403,0.0191,0.0000,0.0000
TopOff/177,6.08487497862017,7,0.0000,0.0000,0.0000,0.0013,0.0481,0.2766,0.2154,0.4560,0.0027,0.0000
TopOff/178,4.98227947187425,5,0.0000,0.0000,0.0000,0.0141,0.2202,0.5985,0.1040,0.0631,0.0002,0.0000
TopOff/179,5.7624692194924645,5,0.0000,0.0000,0.0000,0.0019,0.0715,0.4112,0.1942,0.3202,0.0010,0.0000
TopOff/180,6.230049853221979,7,0.0000,0.0000,0.0000,0.0006,0.0262,0.2490,0.1939,0.5271,0.0031,0.0000
TopOff/181,6.088481922189126,7,0.0000,0.0000,0.0000,0.0013,0.0505,0.2905,0.1762,0.4790,0.0025,0.0000
TopOff/182,6.11089297063965,7,0.0000,0.0000,0.0000,0.0009,0.0378,0.2793,0.2175,0.4605,0.0040,0.0000
TopOff/183,6.004277000332401,7,0.0000,0.0000,0.0000,0.0013,0.0446,0.3294,0.1998,0.4229,0.0020,0.0000
TopOff/184,5.60997570141123,5,0.0000,0.0000,0.0000,0.0039,0.1010,0.4528,0.1666,0.2746,0.0010,0.0000
TopOff/185,5.293648557765476,5,0.0000,0.0000,0.0000,0.0067,0.1530,0.5340,0.1530,0.1530,0.0004,0.0000
TopOff/186,5.0177403019129665,5,0.0000,0.0000,0.0000,0.0138,0.2163,0.5880,0.1022,0.0796,0.0001,0.0000
TopOff/187,4.974305104841912,5,0.0000,0.0000,0.0000,0.0180,0.2193,0.5961,0.1036,0.0628,0.0001,0.0000
TopOff/188,5.291595238243277,5,0.0000,0.0000,0.0000,0.0076,0.1528,0.5335,0.1528,0.1528,0.0004,0.0000
TopOff/189,5.051720630373893,5,0.0000,0.0000,0.0000,0.0105,0.2108,0.5731,0.1279,0.0776,0.0002,0.0000
TopOff/190,5.394391930902484,5,0.0000,0.0000,0.0000,0.0048,0.1409,0.4917,0.1809,0.1809,0.0007,0.0000
TopOff/191,6.088481922189126,7,0.0000,0.0000,0.0000,0.0013,0.0505,0.2905,0.1762,0.4790,0.0025,0.0000
TopOff/192,6.221782236878378,7,0.0000,0.0000,0.0000,0.0008,0.0349,0.2582,0.1566,0.5466,0.0029,0.0000
TopOff/193,6.211424165510452,7,0.0000,0.0000,0.0000,0.0009,0.0335,0.2472,0.1926,0.5234,0.0024,0.0000
TopOff/194,5.873334824314701,5,0.0000,0.0000,0.0000,0.0017,0.0623,0.3585,0.2175,0.3585,0.0015,0.0000
TopOff/195,4.345267270959489,4,0.0000,0.0000,0.0004,0.1076,0.4823,0.3756,0.0240,0.0100,0.0000,0.0000
TopOff/196,4.693141578353582,5,0.0000,0.0000,0.0001,0.0445,0.3289,0.5423,0.0572,0.0270,0.0001,0.0000
TopOff/197,5.8729212512673765,5,0.0000,0.0000,0.0000,0.0015,0.0623,0.3588,0.2176,0.3588,0.0010,0.0000
TopOff/198,4.552120990153721,5,0.0000,0.0000,0.0001,0.0668,0.3843,0.4934,0.0405,0.0149,0.0000,0.0000
TopOff/199,5.087691521699758,5,0.0000,0.0000,0.0000,0.0131,0.2057,0.5591,0.1247,0.0972,0.0002,0.0000
WallAvoider/0,4.056039331909093,4,0.0000,0.0000,0.0004,0.1467,0.6574,0.1883,0.0064,0.0008,0.0000,0.0000
WallAvoider/1,3.471712698920329,3,0.0000,0.0000,0.0260,0.5225,0.4069,0.0429,0.0015,0.0002,0.0000,0.0000
WallAvoider/2,3.9160275976863366,4,0.0000,0.0000,0.0018,0.2297,0.6245,0.1393,0.0042,0.0005,0.0000,0.0000
WallAvoider/3,3.471712698920329,3,0.0000,0.0000,0.0260,0.5225,0.4069,0.0429,0.0015,0.0002,0.0000,0.0000
WallAvoider/4,4.145874409405286,4,0.0000,0.0000,0.0004,0.1115,0.6417,0.2361,0.0092,0.0012,0.0000,0.0000
WallAvoider/5,4.06587565254791,4,0.0000,0.0000,0.0007,0.1716,0.5988,0.2203,0.0075,0.0012,0.0000,0.0000
WallAvoider/6,3.9603699330281454,4,0.0000,0.0000,0.0013,0.2208,0.6002,0.1720,0.0052,0.0005,0.0000,0.0000
WallAvoider/7,4.145875176114327,4,0.0000,0.0000,0.0004,0.1115,0.6417,0.2361,0.0092,0.0012,0.0000,0.0000
WallAvoider/8,4.015784230977831,4,0.0000,0.0000,0.0008,0.2101,0.5710,0.2101,0.0072,0.0010,0.0000,0.0000
WallAvoider/9,3.471712698920329,3,0.0000,0.0000,0.0260,0.5225,0.4069,0.0429,0.0015,0.0002,0.0000,0.0000
WallAvoider/10,3.471712698920329,3,0.0000,0.0000,0.0260,0.5225,0.4069,0.0429,0.0015,0.0002,0.0000,0.0000
WallAvoider/11,4.065874439938643,4,0.0000,0.0000,0.0007,0.1716,0.5988,0.2203,0.0075,0.0012,0.0000,0.0000
WallAvoider/12,3.471712698920329,3,0.0000,0.0000,0.0260,0.5225,0.4069,0.0429,0.0015,0.0002,0.0000,0.0000
WallAvoider/13,3.471712698920329,3,0.0000,0.0000,0.0260,0.5225,0.4069,0.0429,0.0015,0.0002,0.0000,0.0000
WallAvoider/14,3.471712698920329,3,0.0000,0.0000,0.0260,0.5225,0.4069,0.0429,0.0015,0.0002,0.0000,0.0000
WallAvoider/15,3.471712698920329,3,0.0000,0.0000,0.0260,0.5225,0.4069,0.0429,0.0015,0.0002,0.0000,0.0000
WallAvoider/16,3.917401263857979,4,0.0000,0.0000,0.0018,0.2296,0.6241,0.1393,0.0048,0.0006,0.0000,0.0000
WallAvoider/17,3.471712698920329,3,0.0000,0.0000,0.0260,0.5225,0.4069,0.0429,0.0015,0.0002,0.0000,0.0000
WallAvoider/18,3.471712698920329,3,0.0000,0.0000,0.0260,0.5225,0.4069,0.0429,0.0015,0.0002,0.0000,0.0000
WallAvoider/19,3.9160275976863366,4,0.0000,0.0000,0.0018,0.2297,0.6245,0.1393,0.0042,0.0005,0.0000,0.0000
WallAvoider/20,3.471712698920329,3,0.0000,0.0000,0.0260,0.5225,0.4069,0.0429,0.0015,0.0002,0.0000,0.0000
WallAvoider/21,3.471712698920329,3,0.0000,0.0000,0.0260,0.5225,0.4069,0.0429,0.0015,0.0002,0.0000,0.0000
WallAvoider/22,3.6356143284830513,4,0.0000,0.0000,0.0066,0.4099,0.5264,0.0555,0.0015,0.0001,0.0000,0.0000
WallAvoider/23,3.9160275976863366,4,0.0000,0.0000,0.0018,0.2297,0.6245,0.1393,0.0042,0.0005,0.0000,0.0000
WallAvoider/24,4.015350580039459,4,0.0000,0.0000,0.0010,0.2100,0.5709,0.2100,0.0072,0.0010,0.0000,0.0000
WallAvoider/25,3.6356143284830513,4,0.0000,0.0000,0.0066,0.4099,0.5264,0.0555,0.0015,0.0001,0.0000,0.0000
WallAvoider/26,4.06758333373407,4,0.0000,0.0000,0.0006,0.1714,0.5983,0.2201,0.0085,0.0010,0.0000,0.0000
WallAvoider/27,3.471712698920329,3,0.0000,0.0000,0.0260,0.5225,0.4069,0.0429,0.0015,0.0002,0.0000,0.0000
WallAvoider/28,3.471712698920329,3,0.0000,0.0000,0.0260,0.5225,0.4069,0.0429,0.0015,0.0002,0.0000,0.0000
WallAvoider/29,4.015350580039459,4,0.0000,0.0000,0.0010,0.2100,0.5709,0.2100,0.0072,0.0010,0.0000,0.0000
WallAvoider/30,3.471712698920329,3,0.0000,0.0000,0.0260,0.5225,0.4069,0.0429,0.0015,0.0002,0.0000,0.0000
WallAvoider/31,3.821742377124435,4,0.0000,0.0000,0.0032,0.2849,0.6032,0.1048,0.0036,0.0003,0.0000,0.0000
WallAvoider/32,4.057157307519053,4,0.0000,0.0000,0.0007,0.1465,0.6566,0.1881,0.0073,0.0008,0.0000,0.0000
WallAvoider/33,3.471712698920329,3,0.0000,0.0000,0.0260,0.5225,0.4069,0.0429,0.0015,0.0002,0.0000,0.0000
WallAvoider/34,3.471712698920329,3,0.0000,0.0000,0.0260,0.5225,0.4069,0.0429,0.0015,0.0002,0.0000,0.0000
WallAvoider/35,3.471712698920329,3,0.0000,0.0000,0.0260,0.5225,0.4069,0.0429,0.0015,0.0002,0.0000,0.0000
WallAvoider/36,3.9681723300751433,4,0.0000,0.0000,0.0010,0.1885,0.6580,0.1468,0.0050,0.0006,0.0000,0.0000
WallAvoider/37,3.471712698920329,3,0.0000,0.0000,0.0260,0.5225,0.4069,0.0429,0.0015,0.0002,0.0000,0.0000
WallAvoider/38,3.471712698920329,3,0.0000,0.0000,0.0260,0.5225,0.4069,0.0429,0.0015,0.0002,0.0000,0.0000
WallAvoider/39,3.471712698920329,3,0.0000,0.0000,0.0260,0.5225,0.4069,0.0429,0.0015,0.0002,0.0000,0.0000
WallAvoider/40,3.9196148893354033,4,0.0000,0.0000,0.0015,0.2294,0.6237,0.1392,0.0054,0.0007,0.0000,0.0000
WallAvoider/41,4.063093940533956,4,0.0000,0.0000,0.0007,0.1718,0.5995,0.2206,0.0067,0.0008,0.0000,0.0000
WallAvoider/42,3.471712698920329,3,0.0000,0.0000,0.0260,0.5225,0.4069,0.0429,0.0015,0.0002,0.0000,0.0000
WallAvoider/43,4.065440430096463,4,0.0000,0.0000,0.0005,0.1716,0.5990,0.2204,0.0075,0.0009,0.0000,0.0000
WallAvoider/44,3.471712698920329,3,0.0000,0.0000,0.0260,0.5225,0.4069,0.0429,0.0015,0.0002,0.0000,0.0000
WallAvoider/45,3.471712698920329,3,0.0000,0.0000,0.0260,0.5225,0.4069,0.0429,0.0015,0.0002,0.0000,0.0000
WallAvoider/46,4.06587565254791,4,0.0000,0.0000,0.0007,0.1716,0.5988,0.2203,0.0075,0.0012,0.0000,0.0000
WallAvoider/47,3.8608336660441522,4,0.0000,0.0000,0.0019,0.2767,0.5857,0.1307,0.0045,0.0005,0.0000,0.0000
WallAvoider/48,3.471712698920329,3,0.0000,0.0000,0.0260,0.5225,0.4069,0.0429,0.0015,0.0002,0.0000,0.0000
WallAvoider/49,3.471712698920329,3,0.0000,0.0000,0.0260,0.5225,0.4069,0.0429,0.0015,0.0002,0.0000,0.0000
WallAvoider/50,3.471712698920329,3,0.0000,0.0000,0.0260,0.5225,0.4069,0.0429,0.0015,0.0002,0.0000,0.0000
WallAvoider/51,3.471712698920329,3,0.0000,0.0000,0.0260,0.5225,0.4069,0.0429,0.0015,0.0002,0.0000,0.0000
WallAvoider/52,4.065573504309272,4,0.0000,0.0000,0.0005,0.1716,0.5991,0.2204,0.0075,0.0009,0.0000,0.0000
WallAvoider/53,4.065874439938643,4,0.0000,0.0000,0.0007,0.1716,0.5988,0.2203,0.0075,0.0012,0.0000,0.0000
WallAvoider/54,3.471712698920329,3,0.0000,0.0000,0.0260,0.5225,0.4069,0.0429,0.0015,0.0002,0.0000,0.0000
WallAvoider/55,4.206311303322398,4,0.0000,0.0000,0.0002,0.1042,0.5995,0.2832,0.0110,0.0019,0.0000,0.0000
WallAvoider/56,3.471712698920329,3,0.0000,0.0000,0.0260,0.5225,0.4069,0.0429,0.0015,0.0002,0.0000,0.0000
WallAvoider/57,3.9681723300751433,4,0.0000,0.0000,0.0010,0.1885,0.6580,0.1468,0.0050,0.0006,0.0000,0.0000
WallAvoider/58,4.015704212369192,4,0.0000,0.0000,0.0006,0.1806,0.6303,0.1806,0.0070,0.0009,0.0000,0.0000
WallAvoider/59,4.067813555880225,4,0.0000,0.0000,0.0007,0.1714,0.5982,0.2201,0.0085,0.0012,0.0000,0.0000
WallAvoider/60,4.053949240395107,4,0.0000,0.0000,0.0005,0.1468,0.6579,0.1885,0.0057,0.0006,0.0000,0.0000
WallAvoider/61,3.471712698920329,3,0.0000,0.0000,0.0260,0.5225,0.4069,0.0429,0.0015,0.0002,0.0000,0.0000
WallAvoider/62,3.471712698920329,3,0.0000,0.0000,0.0260,0.5225,0.4069,0.0429,0.0015,0.0002,0.0000,0.0000
WallAvoider/63,4.056039331909093,4,0.0000,0.0000,0.0004,0.1467,0.6574,0.1883,0.0064,0.0008,0.0000,0.0000
WallAvoider/64,4.065440430096463,4,0.0000,0.0000,0.0005,0.1716,0.5990,0.2204,0.0075,0.0009,0.0000,0.0000
WallAvoider/65,4.145874409405286,4,0.0000,0.0000,0.0004,0.1115,0.6417,0.2361,0.0092,0.0012,0.0000,0.0000
WallAvoider/66,3.471712698920329,3,0.0000,0.0000,0.0260,0.5225,0.4069,0.0429,0.0015,0.0002,0.0000,0.0000
WallAvoider/67,4.015784230977831,4,0.0000,0.0000,0.0008,0.2101,0.5710,0.2101,0.0072,0.0010,0.0000,0.0000
WallAvoider/68,3.471712698920329,3,0.0000,0.0000,0.0260,0.5225,0.4069,0.0429,0.0015,0.0002,0.0000,0.0000
WallAvoider/69,3.471712698920329,3,0.0000,0.0000,0.0260,0.5225,0.4069,0.0429,0.0015,0.0002,0.0000,0.0000
WallAvoider/70,3.471712698920329,3,0.0000,0.0000,0.0260,0.5225,0.4069,0.0429,0.0015,0.0002,0.0000,0.0000
WallAvoider/71,3.471712698920329,3,0.0000,0.0000,0.0260,0.5225,0.4069,0.0429,0.0015,0.0002,0.0000,0.0000
WallAvoider/72,3.471712698920329,3,0.0000,0.0000,0.0260,0.5225,0.4069,0.0429,0.0015,0.0002,0.0000,0.0000
WallAvoider/73,3.8790003278453042,4,0.0000,0.0000,0.0023,0.2371,0.6444,0.1120,0.0038,0.0004,0.0000,0.0000
WallAvoider/74,3.471712698920329,3,0.0000,0.0000,0.0260,0.5225,0.4069,0.0429,0.0015,0.0002,0.0000,0.0000
WallAvoider/75,3.471712698920329,3,0.0000,0.0000,0.0260,0.5225,0.4069,0.0429,0.0015,0.0002,0.0000,0.0000
WallAvoider/76,3.471712698920329,3,0.0000,0.0000,0.0260,0.5225,0.4069,0.0429,0.0015,0.0002,0.0000,0.0000
WallAvoider/77,3.471712698920329,3,0.0000,0.0000,0.0260,0.5225,0.4069,0.0429,0.0015,0.0002,0.0000,0.0000
WallAvoider/78,3.471712698920329,3,0.0000,0.0000,0.0260,0.5225,0.4069,0.0429,0.0015,0.0002,0.0000,0.0000
WallAvoider/79,4.06587565254791,4,0.0000,0.0000,0.0007,0.1716,0.5988,0.2203,0.0075,0.0012,0.0000,0.0000
WallAvoider/80,4.145875176114327,4,0.0000,0.0000,0.0004,0.1115,0.6417,0.2361,0.0092,0.0012,0.0000,0.0000
WallAvoider/81,4.015784230977831,4,0.0000,0.0000,0.0008,0.2101,0.5710,0.2101,0.0072,0.0010,0.0000,0.0000
WallAvoider/82,3.471712698920329,3,0.0000,0.0000,0.0260,0.5225,0.4069,0.0429,0.0015,0.0002,0.0000,0.0000
WallAvoider/83,4.116430538241915,4,0.0000,0.0000,0.0003,0.1384,0.6202,0.2282,0.0114,0.0015,0.0000,0.0000
WallAvoider/84,3.471712698920329,3,0.0000,0.0000,0.0260,0.5225,0.4069,0.0429,0.0015,0.0002,0.0000,0.0000
WallAvoider/85,4.170654986766503,4,0.0000,0.0000,0.0004,0.1299,0.5823,0.2751,0.0107,0.0016,0.0000,0.0000
WallAvoider/86,3.471712698920329,3,0.0000,0.0000,0.0260,0.5225,0.4069,0.0429,0.0015,0.0002,0.0000,0.0000
WallAvoider/87,3.790647594543646,4,0.0000,0.0000,0.0025,0.2925,0.6191,0.0838,0.0020,0.0001,0.0000,0.0000
WallAvoider/88,4.170654986766503,4,0.0000,0.0000,0.0004,0.1299,0.5823,0.2751,0.0107,0.0016,0.0000,0.0000
WallAvoider/89,3.471712698920329,3,0.0000,0.0000,0.0260,0.5225,0.4069,0.0429,0.0015,0.0002,0.0000,0.0000
WallAvoider/90,4.1702851982541995,4,0.0000,0.0000,0.0003,0.1300,0.5825,0.2751,0.0107,0.0014,0.0000,0.0000
WallAvoider/91,4.167706707680764,4,0.0000,0.0000,0.0004,0.1301,0.5831,0.2755,0.0094,0.0014,0.0000,0.0000
WallAvoider/92,3.471712698920329,3,0.0000,0.0000,0.0260,0.5225,0.4069,0.0429,0.0015,0.0002,0.0000,0.0000
WallAvoider/93,3.471712698920329,3,0.0000,0.0000,0.0260,0.5225,0.4069,0.0429,0.0015,0.0002,0.0000,0.0000
WallAvoider/94,3.790647594543646,4,0.0000,0.0000,0.0025,0.2925,0.6191,0.0838,0.0020,0.0001,0.0000,0.0000
WallAvoider/95,3.8790003278453042,4,0.0000,0.0000,0.0023,0.2371,0.6444,0.1120,0.0038,0.0004,0.0000,0.0000
WallAvoider/96,3.471712698920329,3,0.0000,0.0000,0.0260,0.5225,0.4069,0.0429,0.0015,0.0002,0.0000,0.0000
WallAvoider/97,4.015704212369192,4,0.0000,0.0000,0.0006,0.1806,0.6303,0.1806,0.0070,0.0009,0.0000,0.0000
WallAvoider/98,3.471712698920329,3,0.0000,0.0000,0.0260,0.5225,0.4069,0.0429,0.0015,0.0002,0.0000,0.0000
WallAvoider/99,3.471712698920329,3,0.0000,0.0000,0.0260,0.5225,0.4069,0.0429,0.0015,0.0002,0.0000,0.0000
WallAvoider/100,4.013113034287199,4,0.0000,0.0000,0.0007,0.1807,0.6309,0.1807,0.0062,0.0007,0.0000,0.0000
WallAvoider/101,4.106366246908524,4,0.0000,0.0000,0.0004,0.1391,0.6232,0.2293,0.0069,0.0011,0.0000,0.0000
WallAvoider/102,3.471712698920329,3,0.0000,0.0000,0.0260,0.5225,0.4069,0.0429,0.0015,0.0002,0.0000,0.0000
WallAvoider/103,3.8608336660441522,4,0.0000,0.0000,0.0019,0.2767,0.5857,0.1307,0.0045,0.0005,0.0000,0.0000
WallAvoider/104,3.471712698920329,3,0.0000,0.0000,0.0260,0.5225,0.4069,0.0429,0.0015,0.0002,0.0000,0.0000
WallAvoider/105,4.063093940533956,4,0.0000,0.0000,0.0007,0.1718,0.5995,0.2206,0.0067,0.0008,0.0000,0.0000
WallAvoider/106,3.471712698920329,3,0.0000,0.0000,0.0260,0.5225,0.4069,0.0429,0.0015,0.0002,0.0000,0.0000
WallAvoider/107,4.053949752327657,4,0.0000,0.0000,0.0005,0.1468,0.6579,0.1885,0.0057,0.0006,0.0000,0.0000
WallAvoider/108,4.116430538241915,4,0.0000,0.0000,0.0003,0.1384,0.6202,0.2282,0.0114,0.0015,0.0000,0.0000
WallAvoider/109,3.471712698920329,3,0.0000,0.0000,0.0260,0.5225,0.4069,0.0429,0.0015,0.0002,0.0000,0.0000
WallAvoider/110,3.471712698920329,3,0.0000,0.0000,0.0260,0.5225,0.4069,0.0429,0.0015,0.0002,0.0000,0.0000
WallAvoider/111,3.471712698920329,3,0.0000,0.0000,0.0260,0.5225,0.4069,0.0429,0.0015,0.0002,0.0000,0.0000
WallAvoider/112,4.057157307519053,4,0.0000,0.0000,0.0007,0.1465,0.6566,0.1881,0.0073,0.0008,0.0000,0.0000
WallAvoider/113,3.471712698920329,3,0.0000,0.0000,0.0260,0.5225,0.4069,0.0429,0.0015,0.0002,0.0000,0.0000
WallAvoider/114,3.471712698920329,3,0.0000,0.0000,0.0260,0.5225,0.4069,0.0429,0.0015,0.0002,0.0000,0.0000
WallAvoider/115,3.471712698920329,3,0.0000,0.0000,0.0260,0.5225,0.4069,0.0429,0.0015,0.0002,0.0000,0.0000
WallAvoider/116,4.06758333373407,4,0.0000,0.0000,0.0006,0.1714,0.5983,0.2201,0.0085,0.0010,0.0000,0.0000
WallAvoider/117,3.471712698920329,3,0.0000,0.0000,0.0260,0.5225,0.4069,0.0429,0.0015,0.0002,0.0000,0.0000
WallAvoider/118,3.471712698920329,3,0.0000,0.0000,0.0260,0.5225,0.4069,0.0429,0.0015,0.0002,0.0000,0.0000
WallAvoider/119,3.471712698920329,3,0.0000,0.0000,0.0260,0.5225,0.4069,0.0429,0.0015,0.0002,0.0000,0.0000
WallAvoider/120,3.471712698920329,3,0.0000,0.0000,0.0260,0.5225,0.4069,0.0429,0.0015,0.0002,0.0000,0.0000
WallAvoider/121,3.471712698920329,3,0.0000,0.0000,0.0260,0.5225,0.4069,0.0429,0.0015,0.0002,0.0000,0.0000
WallAvoider/122,4.206311303322398,4,0.0000,0.0000,0.0002,0.1042,0.5995,0.2832,0.0110,0.0019,0.0000,0.0000
WallAvoider/123,3.471712698920329,3,0.0000,0.0000,0.0260,0.5225,0.4069,0.0429,0.0015,0.0002,0.0000,0.0000
WallAvoider/124,4.065573504309272,4,0.0000,0.0000,0.0005,0.1716,0.5991,0.2204,0.0075,0.0009,0.0000,0.0000
WallAvoider/125,4.06587565254791,4,0.0000,0.0000,0.0007,0.1716,0.5988,0.2203,0.0075,0.0012,0.0000,0.0000
WallAvoider/126,3.471712698920329,3,0.0000,0.0000,0.0260,0.5225,0.4069,0.0429,0.0015,0.0002,0.0000,0.0000
WallAvoider/127,3.471712698920329,3,0.0000,0.0000,0.0260,0.5225,0.4069,0.0429,0.0015,0.0002,0.0000,0.0000
WallAvoider/128,3.9603699330281454,4,0.0000,0.0000,0.0013,0.2208,0.6002,0.1720,0.0052,0.0005,0.0000,0.0000
WallAvoider/129,3.9160275976863366,4,0.0000,0.0000,0.0018,0.2297,0.6245,0.1393,0.0042,0.0005,0.0000,0.0000
WallAvoider/130,4.065874439938643,4,0.0000,0.0000,0.0007,0.1716,0.5988,0.2203,0.0075,0.0012,0.0000,0.0000
WallAvoider/131,3.471712698920329,3,0.0000,0.0000,0.0260,0.5225,0.4069,0.0429,0.0015,0.0002,0.0000,0.0000
WallAvoider/132,3.858526264877785,4,0.0000,0.0000,0.0024,0.2767,0.5858,0.1307,0.0039,0.0005,0.0000,0.0000
WallAvoider/133,3.471712698920329,3,0.0000,0.0000,0.0260,0.5225,0.4069,0.0429,0.0015,0.0002,0.0000,0.0000
WallAvoider/134,3.471712698920329,3,0.0000,0.0000,0.0260,0.5225,0.4069,0.0429,0.0015,0.0002,0.0000,0.0000
WallAvoider/135,4.110829776658069,4,0.0000,0.0000,0.0005,0.1387,0.6218,0.2287,0.0089,0.0014,0.0000,0.0000
WallAvoider/136,4.053949752327657,4,0.0000,0.0000,0.0005,0.1468,0.6579,0.1885,0.0057,0.0006,0.0000,0.0000
WallAvoider/137,3.471712698920329,3,0.0000,0.0000,0.0260,0.5225,0.4069,0.0429,0.0015,0.0002,0.0000,0.0000
WallAvoider/138,3.471712698920329,3,0.0000,0.0000,0.0260,0.5225,0.4069,0.0429,0.0015,0.0002,0.0000,0.0000
WallAvoider/139,3.6356143284830513,4,0.0000,0.0000,0.0066,0.4099,0.5264,0.0555,0.0015,0.0001,0.0000,0.0000
WallAvoider/140,3.471712698920329,3,0.0000,0.0000,0.0260,0.5225,0.4069,0.0429,0.0015,0.0002,0.0000,0.0000
WallAvoider/141,4.067813555880225,4,0.0000,0.0000,0.0007,0.1714,0.5982,0.2201,0.0085,0.0012,0.0000,0.0000
WallAvoider/142,3.471712698920329,3,0.0000,0.0000,0.0260,0.5225,0.4069,0.0429,0.0015,0.0002,0.0000,0.0000
WallAvoider/143,4.065874439938643,4,0.0000,0.0000,0.0007,0.1716,0.5988,0.2203,0.0075,0.0012,0.0000,0.0000
WallAvoider/144,3.471712698920329,3,0.0000,0.0000,0.0260,0.5225,0.4069,0.0429,0.0015,0.0002,0.0000,0.0000
WallAvoider/145,3.471712698920329,3,0.0000,0.0000,0.0260,0.5225,0.4069,0.0429,0.0015,0.0002,0.0000,0.0000
WallAvoider/146,3.471712698920329,3,0.0000,0.0000,0.0260,0.5225,0.4069,0.0429,0.0015,0.0002,0.0000,0.0000
WallAvoider/147,4.116430538241915,4,0.0000,0.0000,0.0003,0.1384,0.6202,0.2282,0.0114,0.0015,0.0000,0.0000
WallAvoider/148,3.471712698920329,3,0.0000,0.0000,0.0260,0.5225,0.4069,0.0429,0.0015,0.0002,0.0000,0.0000
WallAvoider/149,4.067813555880225,4,0.0000,0.0000,0.0007,0.1714,0.5982,0.2201,0.0085,0.0012,0.0000,0.0000
WallAvoider/150,3.858526264877785,4,0.0000,0.0000,0.0024,0.2767,0.5858,0.1307,0.0039,0.0005,0.0000,0.0000
WallAvoider/151,3.471712698920329,3,0.0000,0.0000,0.0260,0.5225,0.4069,0.0429,0.0015,0.0002,0.0000,0.0000
WallAvoider/152,3.9172450020930922,4,0.0000,0.0000,0.0015,0.2297,0.6243,0.1393,0.0048,0.0004,0.0000,0.0000
WallAvoider/153,4.065573504309272,4,0.0000,0.0000,0.0005,0.1716,0.5991,0.2204,0.0075,0.0009,0.0000,0.0000
WallAvoider/154,3.471712698920329,3,0.0000,0.0000,0.0260,0.5225,0.4069,0.0429,0.0015,0.0002,0.0000,0.0000
WallAvoider/155,3.9639828713155443,4,0.0000,0.0000,0.0015,0.2204,0.5991,0.1716,0.0067,0.0008,0.0000,0.0000
WallAvoider/156,4.056039331909093,4,0.0000,0.0000,0.0004,0.1467,0.6574,0.1883,0.0064,0.0008,0.0000,0.0000
WallAvoider/157,3.9160275976863366,4,0.0000,0.0000,0.0018,0.2297,0.6245,0.1393,0.0042,0.0005,0.0000,0.0000
WallAvoider/158,4.1702851982541995,4,0.0000,0.0000,0.0003,0.1300,0.5825,0.2751,0.0107,0.0014,0.0000,0.0000
WallAvoider/159,4.106366246908524,4,0.0000,0.0000,0.0004,0.1391,0.6232,0.2293,0.0069,0.0011,0.0000,0.0000
WallAvoider/160,4.206311303322398,4,0.0000,0.0000,0.0002,0.1042,0.5995,0.2832,0.0110,0.0019,0.0000,0.0000
WallAvoider/161,4.106366246908524,4,0.0000,0.0000,0.0004,0.1391,0.6232,0.2293,0.0069,0.0011,0.0000,0.0000
WallAvoider/162,3.790647594543646,4,0.0000,0.0000,0.0025,0.2925,0.6191,0.0838,0.0020,0.0001,0.0000,0.0000
WallAvoider/163,4.013407320493114,4,0.0000,0.0000,0.0007,0.1807,0.6308,0.1807,0.0062,0.0008,0.0000,0.0000
WallAvoider/164,3.471712698920329,3,0.0000,0.0000,0.0260,0.5225,0.4069,0.0429,0.0015,0.0002,0.0000,0.0000
WallAvoider/165,4.063093940533956,4,0.0000,0.0000,0.0007,0.1718,0.5995,0.2206,0.0067,0.0008,0.0000,0.0000
WallAvoider/166,3.9681723300751433,4,0.0000,0.0000,0.0010,0.1885,0.6580,0.1468,0.0050,0.0006,0.0000,0.0000
WallAvoider/167,4.053949240395107,4,0.0000,0.0000,0.0005,0.1468,0.6579,0.1885,0.0057,0.0006,0.0000,0.0000
WallAvoider/168,3.471712698920329,3,0.0000,0.0000,0.0260,0.5225,0.4069,0.0429,0.0015,0.0002,0.0000,0.0000
WallAvoider/169,4.015704212369192,4,0.0000,0.0000,0.0006,0.1806,0.6303,0.1806,0.0070,0.0009,0.0000,0.0000
WallAvoider/170,4.206311303322398,4,0.0000,0.0000,0.0002,0.1042,0.5995,0.2832,0.0110,0.0019,0.0000,0.0000
WallAvoider/171,4.06587565254791,4,0.0000,0.0000,0.0007,0.1716,0.5988,0.2203,0.0075,0.0012,0.0000,0.0000
WallAvoider/172,4.206311303322398,4,0.0000,0.0000,0.0002,0.1042,0.5995,0.2832,0.0110,0.0019,0.0000,0.0000
WallAvoider/173,4.065573504309272,4,0.0000,0.0000,0.0005,0.1716,0.5991,0.2204,0.0075,0.0009,0.0000,0.0000
WallAvoider/174,3.471712698920329,3,0.0000,0.0000,0.0260,0.5225,0.4069,0.0429,0.0015,0.0002,0.0000,0.0000
WallAvoider/175,3.471712698920329,3,0.0000,0.0000,0.0260,0.5225,0.4069,0.0429,0.0015,0.0002,0.0000,0.0000
WallAvoider/176,4.063093940533956,4,0.0000,0.0000,0.0007,0.1718,0.5995,0.2206,0.0067,0.0008,0.0000,0.0000
WallAvoider/177,4.067813555880225,4,0.0000,0.0000,0.0007,0.1714,0.5982,0.2201,0.0085,0.0012,0.0000,0.0000
WallAvoider/178,3.471712698920329,3,0.0000,0.0000,0.0260,0.5225,0.4069,0.0429,0.0015,0.0002,0.0000,0.0000
WallAvoider/179,4.065874439938643,4,0.0000,0.0000,0.0007,0.1716,0.5988,0.2203,0.0075,0.0012,0.0000,0.0000
WallAvoider/180,3.8790003278453042,4,0.0000,0.0000,0.0023,0.2371,0.6444,0.1120,0.0038,0.0004,0.0000,0.0000
WallAvoider/181,3.471712698920329,3,0.0000,0.0000,0.0260,0.5225,0.4069,0.0429,0.0015,0.0002,0.0000,0.0000
WallAvoider/182,4.06587565254791,4,0.0000,0.0000,0.0007,0.1716,0.5988,0.2203,0.0075,0.0012,0.0000,0.0000
WallAvoider/183,3.471712698920329,3,0.0000,0.0000,0.0260,0.5225,0.4069,0.0429,0.0015,0.0002,0.0000,0.0000
WallAvoider/184,4.145874409405286,4,0.0000,0.0000,0.0004,0.1115,0.6417,0.2361,0.0092,0.0012,0.0000,0.0000
WallAvoider/185,3.471712698920329,3,0.0000,0.0000,0.0260,0.5225,0.4069,0.0429,0.0015,0.0002,0.0000,0.0000
WallAvoider/186,3.471712698920329,3,0.0000,0.0000,0.0260,0.5225,0.4069,0.0429,0.0015,0.0002,0.0000,0.0000
WallAvoider/187,3.471712698920329,3,0.0000,0.0000,0.0260,0.5225,0.4069,0.0429,0.0015,0.0002,0.0000,0.0000
WallAvoider/188,3.471712698920329,3,0.0000,0.0000,0.0260,0.5225,0.4069,0.0429,0.0015,0.0002,0.0000,0.0000
WallAvoider/189,3.471712698920329,3,0.0000,0.0000,0.0260,0.5225,0.4069,0.0429,0.0015,0.0002,0.0000,0.0000
WallAvoider/190,3.471712698920329,3,0.0000,0.0000,0.0260,0.5225,0.4069,0.0429,0.0015,0.0002,0.0000,0.0000
WallAvoider/191,4.067813555880225,4,0.0000,0.0000,0.0007,0.1714,0.5982,0.2201,0.0085,0.0012,0.0000,0.0000
WallAvoider/192,3.9172450020930922,4,0.0000,0.0000,0.0015,0.2297,0.6243,0.1393,0.0048,0.0004,0.0000,0.0000
WallAvoider/193,4.065874439938643,4,0.0000,0.0000,0.0007,0.1716,0.5988,0.2203,0.0075,0.0012,0.0000,0.0000
WallAvoider/194,3.471712698920329,3,0.0000,0.0000,0.0260,0.5225,0.4069,0.0429,0.0015,0.0002,0.0000,0.0000
WallAvoider/195,4.015704212369192,4,0.0000,0.0000,0.0006,0.1806,0.6303,0.1806,0.0070,0.0009,0.0000,0.0000
WallAvoider/196,4.065573504309272,4,0.0000,0.0000,0.0005,0.1716,0.5991,0.2204,0.0075,0.0009,0.0000,0.0000
WallAvoider/197,3.916239382811102,4,0.0000,0.0000,0.0015,0.2298,0.6246,0.1394,0.0042,0.0004,0.0000,0.0000
WallAvoider/198,3.9172450020930922,4,0.0000,0.0000,0.0015,0.2297,0.6243,0.1393,0.0048,0.0004,0.0000,0.0000
WallAvoider/199,3.471712698920329,3,0.0000,0.0000,0.0260,0.5225,0.4069,0.0429,0.0015,0.0002,0.0000,0.0000
