id,llm_expected,llm_argmax,p0,p1,p2,p3,p4,p5,p6,p7,p8,p9
unfiltered/valid/000/819,5.683088205121365,5,0.0000,0.0000,0.0000,0.0013,0.0640,0.4731,0.1740,0.2869,0.0006,0.0000
unfiltered/valid/000/185,6.124138661244114,7,0.0000,0.0000,0.0000,0.0005,0.0298,0.2827,0.2201,0.4660,0.0009,0.0000
unfiltered/valid/000/242,6.799967097469621,7,0.0000,0.0000,0.0000,0.0000,0.0021,0.0418,0.1136,0.8391,0.0034,0.0000
unfiltered/valid/000/307,6.498322600323247,7,0.0000,0.0000,0.0000,0.0001,0.0073,0.1465,0.1881,0.6564,0.0016,0.0000
unfiltered/valid/000/371,5.657262316102521,5,0.0000,0.0000,0.0000,0.0008,0.0405,0.4928,0.2328,0.2328,0.0003,0.0000
unfiltered/valid/000/7,5.421820052090047,5,0.0000,0.0000,0.0000,0.0011,0.0791,0.5846,0.1675,0.1675,0.0003,0.0000
unfiltered/valid/000/367,4.980054262954459,5,0.0000,0.0000,0.0000,0.0046,0.1336,0.7689,0.0631,0.0298,0.0000,0.0000
unfiltered/valid/000/440,5.618641566697266,5,0.0000,0.0000,0.0000,0.0011,0.0541,0.5132,0.1888,0.2424,0.0005,0.0000
unfiltered/valid/000/991,6.324086205913232,7,0.0000,0.0000,0.0000,0.0001,0.0087,0.1980,0.2542,0.5382,0.0008,0.0000
unfiltered/valid/000/26,5.4921270206398445,5,0.0000,0.0000,0.0000,0.0016,0.0755,0.5578,0.1598,0.2052,0.0002,0.0000
unfiltered/valid/000/923,6.315002146159491,7,0.0000,0.0000,0.0000,0.0001,0.0126,0.1972,0.2532,0.5360,0.0009,0.0000
unfiltered/valid/000/53,6.149674116424134,7,0.0000,0.0000,0.0000,0.0003,0.0183,0.2861,0.2228,0.4718,0.0007,0.0000
unfiltered/valid/000/616,4.859002044479626,5,0.0000,0.0000,0.0000,0.0071,0.2070,0.7227,0.0462,0.0170,0.0000,0.0000
unfiltered/valid/000/27,5.638437939144111,5,0.0000,0.0000,0.0000,0.0008,0.0514,0.4872,0.2301,0.2301,0.0003,0.0000
unfiltered/valid/000/884,6.227594163321252,7,0.0000,0.0000,0.0000,0.0004,0.0263,0.2495,0.1943,0.5282,0.0013,0.0000
unfiltered/valid/000/577,5.938505941025545,5,0.0000,0.0000,0.0000,0.0005,0.0305,0.3716,0.2254,0.3716,0.0005,0.0000
unfiltered/valid/001/427,5.560351469146204,5,0.0000,0.0000,0.0000,0.0008,0.0451,0.5495,0.2022,0.2022,0.0002,0.0000
unfiltered/valid/001/702,4.974333420631668,5,0.0000,0.0000,0.0000,0.0051,0.1918,0.6696,0.0906,0.0428,0.0001,0.0000
unfiltered/valid/001/537,6.340662141757634,7,0.0000,0.0000,0.0000,0.0001,0.0104,0.2095,0.2095,0.5695,0.0010,0.0000
unfiltered/valid/001/71,6.059841865455611,7,0.0000,0.0000,0.0000,0.0002,0.0160,0.3210,0.2500,0.4122,0.0005,0.0000
unfiltered/valid/001/437,6.517781705844384,7,0.0000,0.0000,0.0000,0.0001,0.0086,0.1526,0.1526,0.6841,0.0019,0.0000
unfiltered/valid/001/597,6.227738032160648,7,0.0000,0.0000,0.0000,0.0003,0.0195,0.2378,0.2378,0.5035,0.0010,0.0000
unfiltered/valid/001/336,5.2005760061349395,5,0.0000,0.0000,0.0000,0.0039,0.1130,0.6501,0.1450,0.0880,0.0001,0.0000
unfiltered/valid/001/731,5.792384822435742,5,0.0000,0.0000,0.0000,0.0010,0.0566,0.4183,0.1976,0.3258,0.0006,0.0000
unfiltered/valid/001/520,6.650828594719125,7,0.0000,0.0000,0.0000,0.0001,0.0045,0.1027,0.1319,0.7590,0.0019,0.0000
unfiltered/valid/001/887,6.228627555932027,7,0.0000,0.0000,0.0000,0.0002,0.0195,0.2378,0.2378,0.5033,0.0014,0.0000
unfiltered/valid/001/663,5.698229565248807,5,0.0000,0.0000,0.0000,0.0010,0.0610,0.4510,0.2130,0.2736,0.0004,0.0000
unfiltered/valid/001/160,6.040828575455363,7,0.0000,0.0000,0.0000,0.0003,0.0276,0.3361,0.2038,0.4315,0.0007,0.0000
unfiltered/valid/002/330,6.41000944029421,7,0.0000,0.0000,0.0000,0.0001,0.0097,0.1712,0.2198,0.5975,0.0017,0.0000
unfiltered/valid/002/660,6.629024534337065,7,0.0000,0.0000,0.0000,0.0000,0.0038,0.0990,0.1633,0.7318,0.0021,0.0000
unfiltered/valid/002/64,6.727611679458395,7,0.0000,0.0000,0.0000,0.0000,0.0029,0.0649,0.1375,0.7910,0.0037,0.0000
unfiltered/valid/002/256,5.791957246470502,5,0.0000,0.0000,0.0000,0.0013,0.0566,0.4181,0.1975,0.3256,0.0008,0.0000
unfiltered/valid/002/226,6.495438282625424,7,0.0000,0.0000,0.0000,0.0001,0.0083,0.1464,0.1880,0.6560,0.0013,0.0000
unfiltered/valid/002/76,6.039376409134542,7,0.0000,0.0000,0.0000,0.0004,0.0261,0.3174,0.2472,0.4076,0.0013,0.0000
unfiltered/valid/002/648,5.938676011301283,5,0.0000,0.0000,0.0000,0.0004,0.0305,0.3716,0.2254,0.3716,0.0005,0.0000
unfiltered/valid/002/761,5.333361227189429,5,0.0000,0.0000,0.0000,0.0020,0.0854,0.6309,0.1408,0.1408,0.0001,0.0000
unfiltered/valid/002/474,5.917855136339677,5,0.0000,0.0000,0.0000,0.0007,0.0408,0.3874,0.1830,0.3874,0.0007,0.0000
unfiltered/valid/002/388,5.681295916762215,5,0.0000,0.0000,0.0000,0.0019,0.0640,0.4728,0.1739,0.2868,0.0006,0.0000
unfiltered/valid/002/893,6.624744672896542,7,0.0000,0.0000,0.0000,0.0001,0.0056,0.0988,0.1629,0.7303,0.0023,0.0000
unfiltered/valid/002/89,6.495563436450488,7,0.0000,0.0000,0.0000,0.0001,0.0083,0.1464,0.1879,0.6559,0.0014,0.0000
unfiltered/valid/002/943,5.9386414321086285,5,0.0000,0.0000,0.0000,0.0005,0.0305,0.3715,0.2254,0.3715,0.0006,0.0000
unfiltered/valid/002/335,5.498298368936361,5,0.0000,0.0000,0.0000,0.0021,0.0620,0.5881,0.1312,0.2164,0.0002,0.0000
unfiltered/valid/003/879,6.00380590797647,7,0.0000,0.0000,0.0000,0.0008,0.0446,0.3299,0.2001,0.4236,0.0009,0.0000
unfiltered/valid/003/906,6.692822415040563,7,0.0000,0.0000,0.0000,0.0000,0.0032,0.0820,0.1352,0.7779,0.0017,0.0000
unfiltered/valid/003/9,6.618001119694547,7,0.0000,0.0000,0.0000,0.0001,0.0081,0.0986,0.1625,0.7284,0.0023,0.0000
unfiltered/valid/003/875,5.541229881151126,5,0.0000,0.0000,0.0000,0.0010,0.0684,0.5055,0.2388,0.1860,0.0003,0.0000
unfiltered/valid/003/911,4.555866958187967,5,0.0000,0.0000,0.0000,0.0337,0.4100,0.5265,0.0262,0.0035,0.0000,0.0000
unfiltered/valid/003/964,5.708618765063055,5,0.0000,0.0000,0.0000,0.0006,0.0506,0.4803,0.1767,0.2913,0.0004,0.0000
unfiltered/valid/003/255,6.138886870133203,7,0.0000,0.0000,0.0000,0.0004,0.0234,0.2845,0.2216,0.4690,0.0012,0.0000
unfiltered/valid/003/387,5.938193692653234,5,0.0000,0.0000,0.0000,0.0006,0.0305,0.3716,0.2254,0.3716,0.0004,0.0000
unfiltered/valid/003/615,6.250945383523278,7,0.0000,0.0000,0.0000,0.0002,0.0161,0.2522,0.1964,0.5340,0.0010,0.0000
unfiltered/valid/003/259,6.625068334796564,7,0.0000,0.0000,0.0000,0.0001,0.0056,0.0988,0.1629,0.7300,0.0026,0.0000
unfiltered/valid/003/487,6.15688907414232,7,0.0000,0.0000,0.0000,0.0003,0.0192,0.3010,0.1826,0.4963,0.0005,0.0000
unfiltered/valid/003/653,6.910432330965688,7,0.0000,0.0000,0.0000,0.0000,0.0007,0.0168,0.0587,0.9189,0.0048,0.0000
unfiltered/valid/003/123,6.498365571244185,7,0.0000,0.0000,0.0000,0.0001,0.0073,0.1465,0.1881,0.6564,0.0016,0.0000
unfiltered/valid/003/377,6.626491694000588,7,0.0000,0.0000,0.0000,0.0001,0.0049,0.0989,0.1631,0.7307,0.0023,0.0000
unfiltered/valid/003/261,5.943033154333202,5,0.0000,0.0000,0.0000,0.0005,0.0287,0.3491,0.2719,0.3491,0.0009,0.0000
unfiltered/valid/003/612,5.515213604472272,5,0.0000,0.0000,0.0000,0.0012,0.0722,0.5337,0.1963,0.1963,0.0003,0.0000
unfiltered/valid/003/968,6.13870783050099,7,0.0000,0.0000,0.0000,0.0005,0.0234,0.2845,0.2215,0.4690,0.0012,0.0000
unfiltered/valid/003/141,4.006656035240717,4,0.0000,0.0000,0.0009,0.2109,0.5733,0.2109,0.0039,0.0002,0.0000,0.0000
unfiltered/valid/003/178,6.406268757791728,7,0.0000,0.0000,0.0000,0.0001,0.0109,0.1710,0.2196,0.5970,0.0013,0.0000
unfiltered/valid/003/446,6.1308457930371825,7,0.0000,0.0000,0.0000,0.0006,0.0313,0.2970,0.1801,0.4896,0.0014,0.0000
unfiltered/valid/003/592,6.7783856272358465,7,0.0000,0.0000,0.0000,0.0000,0.0026,0.0529,0.1121,0.8280,0.0043,0.0000
unfiltered/valid/003/500,5.921227189812315,5,0.0000,0.0000,0.0000,0.0006,0.0388,0.3684,0.2234,0.3684,0.0004,0.0000
unfiltered/valid/003/237,5.4473972559649315,5,0.0000,0.0000,0.0000,0.0010,0.0627,0.5951,0.1705,0.1705,0.0002,0.0000
unfiltered/valid/003/558,6.340876545266811,7,0.0000,0.0000,0.0000,0.0001,0.0104,0.2095,0.2095,0.5694,0.0011,0.0000
unfiltered/valid/004/473,6.138454848294895,7,0.0000,0.0000,0.0000,0.0003,0.0234,0.2846,0.2217,0.4693,0.0007,0.0000
unfiltered/valid/004/462,5.514379838890179,5,0.0000,0.0000,0.0000,0.0015,0.0722,0.5335,0.1963,0.1963,0.0003,0.0000
unfiltered/valid/004/923,6.726598380626138,7,0.0000,0.0000,0.0000,0.0000,0.0029,0.0650,0.1376,0.7917,0.0029,0.0000
unfiltered/valid/004/151,6.3406883547439765,7,0.0000,0.0000,0.0000,0.0003,0.0179,0.2180,0.1698,0.5927,0.0013,0.0000
unfiltered/valid/004/737,4.950407412286978,5,0.0000,0.0000,0.0000,0.0067,0.1955,0.6823,0.0719,0.0436,0.0000,0.0000
unfiltered/valid/004/514,6.594805964893883,7,0.0000,0.0000,0.0000,0.0002,0.0082,0.1275,0.1275,0.7339,0.0026,0.0000
unfiltered/valid/004/438,6.419967740356891,7,0.0000,0.0000,0.0000,0.0003,0.0147,0.1790,0.1790,0.6248,0.0023,0.0000
unfiltered/valid/004/614,5.638049928775861,5,0.0000,0.0000,0.0000,0.0009,0.0513,0.4872,0.2301,0.2301,0.0003,0.0000
unfiltered/valid/004/152,6.040211177277274,7,0.0000,0.0000,0.0000,0.0006,0.0276,0.3359,0.2038,0.4313,0.0008,0.0000
unfiltered/valid/004/365,5.949460814483577,5,0.0000,0.0000,0.0000,0.0004,0.0252,0.3939,0.1861,0.3939,0.0005,0.0000
unfiltered/valid/004/745,5.816165823205478,5,0.0000,0.0000,0.0000,0.0008,0.0447,0.4237,0.2001,0.3299,0.0008,0.0000
unfiltered/valid/004/797,5.815493539206055,5,0.0000,0.0000,0.0000,0.0007,0.0447,0.4239,0.2002,0.3301,0.0004,0.0000
unfiltered/valid/004/453,5.043679782646092,5,0.0000,0.0000,0.0000,0.0047,0.1542,0.6909,0.0935,0.0567,0.0001,0.0000
unfiltered/valid/004/107,6.748259809240028,7,0.0000,0.0000,0.0000,0.0000,0.0026,0.0672,0.1107,0.8182,0.0012,0.0000
unfiltered/valid/004/932,6.2383104077324765,7,0.0000,0.0000,0.0000,0.0001,0.0153,0.2388,0.2388,0.5056,0.0013,0.0000
unfiltered/valid/004/971,6.627916874454016,7,0.0000,0.0000,0.0000,0.0001,0.0049,0.0988,0.1629,0.7300,0.0034,0.0000
unfiltered/valid/004/862,5.922064778647573,5,0.0000,0.0000,0.0000,0.0008,0.0388,0.3681,0.2232,0.3681,0.0010,0.0000
unfiltered/valid/004/463,6.025297055499592,7,0.0000,0.0000,0.0000,0.0006,0.0368,0.3490,0.1648,0.4481,0.0008,0.0000
unfiltered/valid/004/686,5.420374035590752,5,0.0000,0.0000,0.0000,0.0016,0.0791,0.5843,0.1674,0.1674,0.0002,0.0000
unfiltered/valid/004/114,5.8434913763349225,5,0.0000,0.0000,0.0000,0.0005,0.0332,0.4049,0.2456,0.3153,0.0005,0.0000
unfiltered/valid/004/787,6.4273579503479485,7,0.0000,0.0000,0.0000,0.0001,0.0115,0.1797,0.1797,0.6273,0.0016,0.0000
unfiltered/valid/004/470,6.333838454552362,7,0.0000,0.0000,0.0000,0.0002,0.0134,0.2088,0.2088,0.5677,0.0011,0.0000
unfiltered/valid/005/604,5.099390351347859,5,0.0000,0.0000,0.0000,0.0039,0.1479,0.6630,0.1152,0.0699,0.0001,0.0000
unfiltered/valid/005/455,5.939335413584278,5,0.0000,0.0000,0.0000,0.0004,0.0305,0.3715,0.2253,0.3715,0.0008,0.0000
unfiltered/valid/005/968,5.492340346692548,5,0.0000,0.0000,0.0000,0.0016,0.0755,0.5577,0.1598,0.2052,0.0003,0.0000
unfiltered/valid/005/381,5.512960585938808,5,0.0000,0.0000,0.0000,0.0022,0.0721,0.5331,0.1961,0.1961,0.0004,0.0000
unfiltered/valid/005/123,5.916183127409895,5,0.0000,0.0000,0.0000,0.0012,0.0408,0.3872,0.1829,0.3872,0.0007,0.0000
unfiltered/valid/005/89,5.72213769174032,5,0.0000,0.0000,0.0000,0.0007,0.0482,0.4574,0.2160,0.2774,0.0003,0.0000
unfiltered/valid/005/910,5.386974054043389,5,0.0000,0.0000,0.0000,0.0026,0.0992,0.5708,0.1635,0.1635,0.0003,0.0000
unfiltered/valid/005/470,6.250546085631907,7,0.0000,0.0000,0.0000,0.0003,0.0161,0.2522,0.1965,0.5340,0.0009,0.0000
unfiltered/valid/005/244,6.5488175522879555,7,0.0000,0.0000,0.0000,0.0001,0.0075,0.1179,0.1943,0.6783,0.0019,0.0000
unfiltered/valid/005/333,6.514744729966025,7,0.0000,0.0000,0.0000,0.0001,0.0097,0.1525,0.1525,0.6833,0.0019,0.0000
unfiltered/valid/005/781,6.140662004425562,7,0.0000,0.0000,0.0000,0.0003,0.0172,0.2691,0.2691,0.4437,0.0007,0.0000
unfiltered/valid/006/95,6.575939214018941,7,0.0000,0.0000,0.0000,0.0001,0.0070,0.1233,0.1583,0.7094,0.0020,0.0000
unfiltered/valid/006/96,6.32518092526672,7,0.0000,0.0000,0.0000,0.0003,0.0171,0.2080,0.2080,0.5653,0.0014,0.0000
unfiltered/valid/006/842,6.555798002589741,7,0.0000,0.0000,0.0000,0.0001,0.0052,0.1181,0.1947,0.6795,0.0025,0.0000
unfiltered/valid/006/49,6.251185773385101,7,0.0000,0.0000,0.0000,0.0002,0.0161,0.2522,0.1964,0.5339,0.0012,0.0000
unfiltered/valid/006/908,6.647654613414285,7,0.0000,0.0000,0.0000,0.0001,0.0058,0.1026,0.1317,0.7578,0.0021,0.0000
unfiltered/valid/006/368,6.429973814723783,7,0.0000,0.0000,0.0000,0.0002,0.0102,0.1800,0.1800,0.6284,0.0012,0.0000
unfiltered/valid/006/104,5.5848562512195405,5,0.0000,0.0000,0.0000,0.0005,0.0427,0.5198,0.2455,0.1912,0.0002,0.0000
unfiltered/valid/006/826,5.576818119272179,5,0.0000,0.0000,0.0000,0.0006,0.0355,0.5552,0.2042,0.2042,0.0002,0.0000
unfiltered/valid/006/650,5.397437511279724,5,0.0000,0.0000,0.0000,0.0019,0.0821,0.6067,0.1354,0.1738,0.0001,0.0000
unfiltered/valid/006/346,6.150046823996198,7,0.0000,0.0000,0.0000,0.0003,0.0183,0.2861,0.2228,0.4717,0.0009,0.0000
unfiltered/valid/006/59,6.0386583954879285,7,0.0000,0.0000,0.0000,0.0003,0.0261,0.3176,0.2474,0.4078,0.0008,0.0000
unfiltered/valid/006/760,5.815770323529482,5,0.0000,0.0000,0.0000,0.0008,0.0447,0.4237,0.2002,0.3300,0.0006,0.0000
unfiltered/valid/006/297,4.843165791832282,5,0.0000,0.0000,0.0000,0.0120,0.2417,0.6571,0.0693,0.0198,0.0000,0.0000
unfiltered/valid/006/710,6.690206284114341,7,0.0000,0.0000,0.0000,0.0001,0.0052,0.0816,0.1346,0.7744,0.0041,0.0000
unfiltered/valid/006/743,6.753162084801686,7,0.0000,0.0000,0.0000,0.0000,0.0023,0.0514,0.1397,0.8040,0.0026,0.0000
unfiltered/valid/006/690,6.42768360882356,7,0.0000,0.0000,0.0000,0.0001,0.0115,0.1797,0.1797,0.6272,0.0018,0.0000
unfiltered/valid/007/708,6.626491929941093,7,0.0000,0.0000,0.0000,0.0001,0.0049,0.0989,0.1631,0.7307,0.0023,0.0000
unfiltered/valid/007/942,6.568904870631721,7,0.0000,0.0000,0.0000,0.0001,0.0101,0.1228,0.1576,0.7065,0.0029,0.0000
unfiltered/valid/007/370,6.575897401759559,7,0.0000,0.0000,0.0000,0.0001,0.0070,0.1233,0.1583,0.7094,0.0020,0.0000
unfiltered/valid/007/455,6.553617335144815,7,0.0000,0.0000,0.0000,0.0001,0.0059,0.1180,0.1946,0.6793,0.0022,0.0000
unfiltered/valid/007/914,6.335167728418016,7,0.0000,0.0000,0.0000,0.0002,0.0133,0.2086,0.2086,0.5671,0.0020,0.0000
unfiltered/valid/007/989,6.340603139522277,7,0.0000,0.0000,0.0000,0.0001,0.0104,0.2095,0.2095,0.5695,0.0010,0.0000
unfiltered/valid/007/291,6.493805049308186,7,0.0000,0.0000,0.0000,0.0001,0.0093,0.1461,0.1876,0.6548,0.0021,0.0000
unfiltered/valid/007/334,4.9372970893621675,5,0.0000,0.0000,0.0000,0.0101,0.2297,0.6244,0.0845,0.0513,0.0001,0.0000
unfiltered/valid/007/725,6.0386583954867605,7,0.0000,0.0000,0.0000,0.0003,0.0261,0.3176,0.2474,0.4078,0.0008,0.0000
unfiltered/valid/007/862,6.228627474693423,7,0.0000,0.0000,0.0000,0.0002,0.0195,0.2378,0.2378,0.5033,0.0014,0.0000
unfiltered/valid/007/522,5.419245743589751,5,0.0000,0.0000,0.0000,0.0021,0.0790,0.5840,0.1673,0.1673,0.0002,0.0000
unfiltered/valid/007/237,6.130491092235891,7,0.0000,0.0000,0.0000,0.0003,0.0220,0.2677,0.2677,0.4414,0.0009,0.0000
unfiltered/valid/007/726,4.87552828882613,5,0.0000,0.0000,0.0000,0.0093,0.2393,0.6505,0.0686,0.0324,0.0000,0.0000
unfiltered/valid/007/575,6.040564130408243,7,0.0000,0.0000,0.0000,0.0004,0.0276,0.3360,0.2038,0.4315,0.0007,0.0000
unfiltered/valid/007/936,6.037892475267742,7,0.0000,0.0000,0.0000,0.0004,0.0261,0.3177,0.2474,0.4079,0.0005,0.0000
unfiltered/valid/007/210,5.8573447307991096,5,0.0000,0.0000,0.0000,0.0003,0.0261,0.4080,0.2475,0.3178,0.0004,0.0000
unfiltered/valid/007/184,6.80182460794185,7,0.0000,0.0000,0.0000,0.0000,0.0016,0.0418,0.1136,0.8391,0.0039,0.0000
unfiltered/valid/008/178,5.419971372057719,5,0.0000,0.0000,0.0000,0.0019,0.0791,0.5841,0.1674,0.1674,0.0002,0.0000
unfiltered/valid/008/173,5.9524898066909815,5,0.0000,0.0000,0.0000,0.0003,0.0239,0.3742,0.2269,0.3742,0.0006,0.0000
unfiltered/valid/008/737,5.357936827985959,5,0.0000,0.0000,0.0000,0.0025,0.0820,0.6063,0.1737,0.1353,0.0002,0.0000
unfiltered/valid/008/73,5.459392538237795,5,0.0000,0.0000,0.0000,0.0022,0.0948,0.5456,0.1563,0.2007,0.0003,0.0000
unfiltered/valid/008/889,6.553975456421221,7,0.0000,0.0000,0.0000,0.0001,0.0059,0.1180,0.1946,0.6790,0.0024,0.0000
unfiltered/valid/008/181,5.202493752741243,5,0.0000,0.0000,0.0000,0.0030,0.1131,0.6506,0.1452,0.0880,0.0001,0.0000
unfiltered/valid/008/662,5.949443723269148,5,0.0000,0.0000,0.0000,0.0005,0.0252,0.3939,0.1860,0.3939,0.0006,0.0000
unfiltered/valid/008/247,5.358909183351536,5,0.0000,0.0000,0.0000,0.0019,0.0821,0.6067,0.1738,0.1354,0.0001,0.0000
unfiltered/valid/008/491,6.254654804815692,7,0.0000,0.0000,0.0000,0.0002,0.0143,0.2528,0.1969,0.5352,0.0007,0.0000
unfiltered/valid/008/142,5.707266130209374,5,0.0000,0.0000,0.0000,0.0013,0.0506,0.4799,0.1765,0.2910,0.0006,0.0000
unfiltered/valid/008/654,5.307641470655286,5,0.0000,0.0000,0.0000,0.0023,0.0846,0.6252,0.1791,0.1086,0.0001,0.0000
unfiltered/valid/008/975,6.149674123155654,7,0.0000,0.0000,0.0000,0.0003,0.0183,0.2861,0.2228,0.4718,0.0007,0.0000
unfiltered/valid/008/501,6.023766862898799,7,0.0000,0.0000,0.0000,0.0006,0.0351,0.3334,0.2022,0.4280,0.0006,0.0000
unfiltered/valid/008/506,5.043630560414824,5,0.0000,0.0000,0.0000,0.0047,0.1542,0.6909,0.0935,0.0567,0.0001,0.0000
unfiltered/valid/008/826,6.627329185269469,7,0.0000,0.0000,0.0000,0.0000,0.0043,0.0990,0.1632,0.7316,0.0018,0.0000
unfiltered/valid/009/695,6.14948062090647,7,0.0000,0.0000,0.0000,0.0002,0.0183,0.2862,0.2229,0.4718,0.0006,0.0000
unfiltered/valid/009/292,6.724854904179438,7,0.0000,0.0000,0.0000,0.0000,0.0037,0.0649,0.1374,0.7907,0.0032,0.0000
unfiltered/valid/009/52,6.250546241635815,7,0.0000,0.0000,0.0000,0.0002,0.0161,0.2523,0.1965,0.5341,0.0008,0.0000
unfiltered/valid/009/103,6.486106902140712,7,0.0000,0.0000,0.0000,0.0002,0.0120,0.1458,0.1872,0.6534,0.0014,0.0000
unfiltered/valid/009/126,6.4298160581534,7,0.0000,0.0000,0.0000,0.0001,0.0102,0.1801,0.1801,0.6285,0.0011,0.0000
unfiltered/valid/009/490,5.7281390871335045,5,0.0000,0.0000,0.0000,0.0007,0.0399,0.4856,0.1787,0.2946,0.0006,0.0000
unfiltered/valid/009/460,5.63911467528694,5,0.0000,0.0000,0.0000,0.0006,0.0427,0.5198,0.1912,0.2455,0.0003,0.0000
unfiltered/valid/009/535,6.039954153386966,7,0.0000,0.0000,0.0000,0.0004,0.0276,0.3361,0.2038,0.4315,0.0005,0.0000
unfiltered/valid/009/70,6.519548827330523,7,0.0000,0.0000,0.0000,0.0001,0.0076,0.1529,0.1529,0.6850,0.0015,0.0000
unfiltered/valid/009/194,5.727630153665651,5,0.0000,0.0000,0.0000,0.0007,0.0399,0.4857,0.1787,0.2946,0.0003,0.0000
unfiltered/valid/009/412,6.7486610930697655,7,0.0000,0.0000,0.0000,0.0001,0.0038,0.0669,0.1103,0.8147,0.0043,0.0000
unfiltered/valid/009/358,5.446624768831589,5,0.0000,0.0000,0.0000,0.0013,0.0627,0.5949,0.1704,0.1704,0.0002,0.0000
unfiltered/valid/010/323,6.495400501696503,7,0.0000,0.0000,0.0000,0.0001,0.0083,0.1464,0.1880,0.6560,0.0013,0.0000
unfiltered/valid/010/686,6.040813900011019,7,0.0000,0.0000,0.0000,0.0004,0.0276,0.3359,0.2038,0.4313,0.0009,0.0000
unfiltered/valid/010/602,6.240499346877281,7,0.0000,0.0000,0.0000,0.0003,0.0206,0.2510,0.1955,0.5314,0.0012,0.0000
unfiltered/valid/010/249,4.997368109180529,5,0.0000,0.0000,0.0000,0.0057,0.1894,0.6611,0.0895,0.0543,0.0001,0.0000
unfiltered/valid/010/469,6.432916282453112,7,0.0000,0.0000,0.0000,0.0001,0.0090,0.1803,0.1803,0.6293,0.0011,0.0000
unfiltered/valid/010/676,6.4274845276160155,7,0.0000,0.0000,0.0000,0.0002,0.0115,0.1797,0.1797,0.6272,0.0018,0.0000
unfiltered/valid/010/504,6.229113110925957,7,0.0000,0.0000,0.0000,0.0003,0.0195,0.2376,0.2376,0.5031,0.0018,0.0000
unfiltered/valid/010/939,6.315438558796057,7,0.0000,0.0000,0.0000,0.0001,0.0126,0.1971,0.2531,0.5358,0.0012,0.0000
unfiltered/valid/010/621,6.338090338166594,7,0.0000,0.0000,0.0000,0.0001,0.0118,0.2091,0.2091,0.5684,0.0014,0.0000
unfiltered/valid/010/268,4.7900505774477935,5,0.0000,0.0000,0.0000,0.0141,0.2501,0.6799,0.0435,0.0125,0.0000,0.0000
unfiltered/valid/010/607,5.706843245242871,5,0.0000,0.0000,0.0000,0.0012,0.0506,0.4801,0.1766,0.2912,0.0003,0.0000
unfiltered/valid/010/526,6.623680684601742,7,0.0000,0.0000,0.0000,0.0001,0.0056,0.0989,0.1631,0.7308,0.0016,0.0000
unfiltered/valid/010/874,5.935584605922567,5,0.0000,0.0000,0.0000,0.0005,0.0321,0.3910,0.1847,0.3910,0.0007,0.0000
unfiltered/valid/010/763,6.691405912523013,7,0.0000,0.0000,0.0000,0.0000,0.0041,0.0819,0.1350,0.7766,0.0025,0.0000
unfiltered/valid/010/43,5.618638398743755,5,0.0000,0.0000,0.0000,0.0010,0.0541,0.5133,0.1888,0.2425,0.0003,0.0000
unfiltered/valid/010/573,6.628418528353179,7,0.0000,0.0000,0.0000,0.0000,0.0038,0.0991,0.1634,0.7321,0.0016,0.0000
unfiltered/valid/010/262,5.039287065514848,5,0.0000,0.0000,0.0000,0.0068,0.1538,0.6894,0.0933,0.0566,0.0001,0.0000
unfiltered/valid/010/446,5.33422526018037,5,0.0000,0.0000,0.0000,0.0016,0.0672,0.6376,0.1827,0.1108,0.0001,0.0000
unfiltered/valid/010/773,5.756169858655585,5,0.0000,0.0000,0.0000,0.0005,0.0357,0.4354,0.2641,0.2641,0.0002,0.0000
unfiltered/valid/010/516,6.340414353435639,7,0.0000,0.0000,0.0000,0.0001,0.0104,0.2095,0.2095,0.5695,0.0009,0.0000
unfiltered/valid/010/135,5.917749658324279,5,0.0000,0.0000,0.0000,0.0008,0.0408,0.3872,0.1829,0.3872,0.0010,0.0000
unfiltered/valid/011/293,5.332737447682352,5,0.0000,0.0000,0.0000,0.0023,0.0854,0.6307,0.1407,0.1407,0.0001,0.0000
unfiltered/valid/011/389,5.8166743284379265,5,0.0000,0.0000,0.0000,0.0007,0.0447,0.4236,0.2001,0.3299,0.0009,0.0000
unfiltered/valid/011/216,4.840202142274555,5,0.0000,0.0000,0.0000,0.0107,0.2444,0.6645,0.0545,0.0258,0.0000,0.0000
unfiltered/valid/011/227,5.63859941437875,5,0.0000,0.0000,0.0000,0.0007,0.0514,0.4873,0.2302,0.2302,0.0003,0.0000
unfiltered/valid/011/61,5.539209458770651,5,0.0000,0.0000,0.0000,0.0013,0.0572,0.5423,0.1995,0.1995,0.0002,0.0000
unfiltered/valid/011/721,6.259389126932488,7,0.0000,0.0000,0.0000,0.0002,0.0126,0.2531,0.1971,0.5358,0.0012,0.0000
unfiltered/valid/011/537,5.698254936089723,5,0.0000,0.0000,0.0000,0.0011,0.0610,0.4509,0.2130,0.2735,0.0005,0.0000
unfiltered/valid/011/112,6.32505869080397,7,0.0000,0.0000,0.0000,0.0003,0.0171,0.2080,0.2080,0.5653,0.0014,0.0000
unfiltered/valid/011/937,5.921992711845904,5,0.0000,0.0000,0.0000,0.0005,0.0388,0.3684,0.2234,0.3684,0.0006,0.0000
unfiltered/valid/011/148,6.141021031564631,7,0.0000,0.0000,0.0000,0.0002,0.0172,0.2691,0.2691,0.4437,0.0008,0.0000
unfiltered/valid/011/54,5.4456078837548585,5,0.0000,0.0000,0.0000,0.0017,0.0627,0.5947,0.1704,0.1704,0.0002,0.0000
unfiltered/valid/011/381,6.149946046703051,7,0.0000,0.0000,0.0000,0.0002,0.0183,0.2861,0.2228,0.4717,0.0008,0.0000
unfiltered/valid/011/637,5.9359215803835665,5,0.0000,0.0000,0.0000,0.0004,0.0321,0.3911,0.1847,0.3911,0.0007,0.0000
unfiltered/valid/011/500,6.419410251455903,7,0.0000,0.0000,0.0000,0.0002,0.0147,0.1791,0.1791,0.6251,0.0018,0.0000
unfiltered/valid/011/461,6.626089811014979,7,0.0000,0.0000,0.0000,0.0001,0.0049,0.0989,0.1631,0.7309,0.0021,0.0000
unfiltered/valid/011/429,6.139183711531746,7,0.0000,0.0000,0.0000,0.0003,0.0234,0.2845,0.2216,0.4691,0.0012,0.0000
unfiltered/valid/011/385,6.3253838476464574,7,0.0000,0.0000,0.0000,0.0002,0.0171,0.2080,0.2080,0.5654,0.0014,0.0000
unfiltered/valid/011/165,5.387630636377621,5,0.0000,0.0000,0.0000,0.0023,0.0992,0.5710,0.1636,0.1636,0.0002,0.0000
unfiltered/valid/011/889,6.238089704022388,7,0.0000,0.0000,0.0000,0.0002,0.0153,0.2388,0.2388,0.5056,0.0013,0.0000
unfiltered/valid/011/72,6.748816667002505,7,0.0000,0.0000,0.0000,0.0000,0.0033,0.0670,0.1104,0.8159,0.0033,0.0000
unfiltered/valid/012/550,6.240098302292765,7,0.0000,0.0000,0.0000,0.0003,0.0206,0.2511,0.1956,0.5316,0.0008,0.0000
unfiltered/valid/012/24,6.325107653795654,7,0.0000,0.0000,0.0000,0.0002,0.0171,0.2080,0.2080,0.5654,0.0012,0.0000
unfiltered/valid/012/320,5.419305201485464,5,0.0000,0.0000,0.0000,0.0021,0.0790,0.5840,0.1673,0.1673,0.0002,0.0000
unfiltered/valid/012/411,4.897076635263656,5,0.0000,0.0000,0.0000,0.0081,0.2374,0.6452,0.0680,0.0412,0.0001,0.0000
unfiltered/valid/012/857,5.949765664442625,5,0.0000,0.0000,0.0000,0.0004,0.0252,0.3939,0.1860,0.3939,0.0007,0.0000
unfiltered/valid/012/479,6.423693042551417,7,0.0000,0.0000,0.0000,0.0002,0.0130,0.1794,0.1794,0.6262,0.0018,0.0000
unfiltered/valid/012/895,6.22830590958138,7,0.0000,0.0000,0.0000,0.0005,0.0263,0.2493,0.1942,0.5278,0.0019,0.0000
unfiltered/valid/012/676,6.149465718622768,7,0.0000,0.0000,0.0000,0.0002,0.0134,0.2701,0.2701,0.4453,0.0009,0.0000
unfiltered/valid/012/961,5.279667110934566,5,0.0000,0.0000,0.0000,0.0021,0.0881,0.6512,0.1453,0.1132,0.0001,0.0000
unfiltered/valid/012/267,5.020803028465606,5,0.0000,0.0000,0.0000,0.0037,0.1563,0.7004,0.0948,0.0448,0.0000,0.0000
unfiltered/valid/012/901,6.487625737079277,7,0.0000,0.0000,0.0000,0.0001,0.0120,0.1457,0.1870,0.6529,0.0024,0.0000
unfiltered/valid/012/608,6.138707932184558,7,0.0000,0.0000,0.0000,0.0005,0.0234,0.2845,0.2215,0.4690,0.0012,0.0000
unfiltered/valid/012/836,6.747993402650254,7,0.0000,0.0000,0.0000,0.0001,0.0043,0.0668,0.1101,0.8139,0.0048,0.0000
unfiltered/valid/012/28,6.04075569026407,7,0.0000,0.0000,0.0000,0.0004,0.0276,0.3360,0.2038,0.4314,0.0008,0.0000
unfiltered/valid/013/773,6.138936733983733,7,0.0000,0.0000,0.0000,0.0003,0.0234,0.2846,0.2216,0.4692,0.0009,0.0000
unfiltered/valid/013/941,6.577454676811298,7,0.0000,0.0000,0.0000,0.0001,0.0061,0.1234,0.1585,0.7103,0.0016,0.0000
unfiltered/valid/013/802,6.3216796429669255,7,0.0000,0.0000,0.0000,0.0001,0.0098,0.1977,0.2539,0.5374,0.0010,0.0000
unfiltered/valid/013/14,6.0418409799966515,7,0.0000,0.0000,0.0000,0.0005,0.0289,0.3520,0.1662,0.4519,0.0005,0.0000
unfiltered/valid/013/120,5.419372817186576,5,0.0000,0.0000,0.0000,0.0021,0.0790,0.5840,0.1673,0.1673,0.0002,0.0000
unfiltered/valid/013/600,6.162507040125707,7,0.0000,0.0000,0.0000,0.0003,0.0170,0.3016,0.1829,0.4973,0.0008,0.0000
unfiltered/valid/013/452,5.843015845591096,5,0.0000,0.0000,0.0000,0.0005,0.0332,0.4050,0.2456,0.3154,0.0003,0.0000
unfiltered/valid/013/605,6.643934450980294,7,0.0000,0.0000,0.0000,0.0001,0.0074,0.1023,0.1314,0.7560,0.0027,0.0000
unfiltered/valid/013/705,6.55315713572005,7,0.0000,0.0000,0.0000,0.0001,0.0059,0.1181,0.1947,0.6794,0.0019,0.0000
unfiltered/valid/013/631,6.22654351033553,7,0.0000,0.0000,0.0000,0.0007,0.0263,0.2494,0.1943,0.5280,0.0013,0.0000
unfiltered/valid/013/848,6.340876543467717,7,0.0000,0.0000,0.0000,0.0001,0.0104,0.2095,0.2095,0.5694,0.0011,0.0000
unfiltered/valid/013/281,6.245027294856322,7,0.0000,0.0000,0.0000,0.0002,0.0119,0.2398,0.2398,0.5076,0.0008,0.0000
unfiltered/valid/013/572,6.573845412195415,7,0.0000,0.0000,0.0000,0.0001,0.0079,0.1231,0.1581,0.7085,0.0023,0.0000
unfiltered/valid/013/507,6.689869905728065,7,0.0000,0.0000,0.0000,0.0001,0.0046,0.0818,0.1349,0.7762,0.0025,0.0000
unfiltered/valid/013/783,6.341195020164105,7,0.0000,0.0000,0.0000,0.0002,0.0104,0.2094,0.2094,0.5692,0.0014,0.0000
unfiltered/valid/013/751,6.138630309046219,7,0.0000,0.0000,0.0000,0.0003,0.0234,0.2846,0.2217,0.4693,0.0008,0.0000
unfiltered/valid/014/489,6.024317106771367,7,0.0000,0.0000,0.0000,0.0008,0.0351,0.3331,0.2020,0.4277,0.0012,0.0000
unfiltered/valid/014/343,4.959754816760225,5,0.0000,0.0000,0.0000,0.0056,0.1623,0.7273,0.0767,0.0282,0.0000,0.0000
unfiltered/valid/014/311,6.250645383976496,7,0.0000,0.0000,0.0000,0.0003,0.0161,0.2522,0.1964,0.5339,0.0010,0.0000
unfiltered/valid/014/232,6.841391009053063,7,0.0000,0.0000,0.0000,0.0000,0.0019,0.0336,0.0914,0.8672,0.0058,0.0000
unfiltered/valid/014/421,4.809687903670631,5,0.0000,0.0000,0.0000,0.0142,0.2861,0.6056,0.0638,0.0302,0.0000,0.0000
unfiltered/valid/014/535,6.145855930063196,7,0.0000,0.0000,0.0000,0.0004,0.0246,0.2992,0.1815,0.4934,0.0010,0.0000
unfiltered/valid/014/593,6.240627771382797,7,0.0000,0.0000,0.0000,0.0004,0.0206,0.2510,0.1955,0.5313,0.0013,0.0000
unfiltered/valid/014/543,5.601919815625768,5,0.0000,0.0000,0.0000,0.0010,0.0565,0.5357,0.1535,0.2530,0.0003,0.0000
unfiltered/valid/014/349,5.938811553612363,5,0.0000,0.0000,0.0000,0.0004,0.0305,0.3716,0.2254,0.3716,0.0006,0.0000
unfiltered/valid/014/890,5.826131229383345,5,0.0000,0.0000,0.0000,0.0005,0.0423,0.4011,0.2433,0.3124,0.0004,0.0000
unfiltered/valid/014/690,6.250645343565695,7,0.0000,0.0000,0.0000,0.0003,0.0161,0.2522,0.1964,0.5339,0.0010,0.0000
unfiltered/valid/014/263,6.237440670170964,7,0.0000,0.0000,0.0000,0.0001,0.0153,0.2390,0.2390,0.5059,0.0008,0.0000
unfiltered/valid/014/538,6.240499181358088,7,0.0000,0.0000,0.0000,0.0003,0.0206,0.2510,0.1955,0.5314,0.0012,0.0000
unfiltered/valid/015/729,6.551979548055995,7,0.0000,0.0000,0.0000,0.0001,0.0067,0.1179,0.1944,0.6785,0.0024,0.0000
unfiltered/valid/015/196,4.324291783235249,4,0.0000,0.0000,0.0001,0.0883,0.5080,0.3956,0.0072,0.0009,0.0000,0.0000
unfiltered/valid/015/573,6.578334551622463,7,0.0000,0.0000,0.0000,0.0001,0.0061,0.1233,0.1584,0.7098,0.0023,0.0000
unfiltered/valid/015/284,5.280651319808993,5,0.0000,0.0000,0.0000,0.0016,0.0882,0.6515,0.1454,0.1132,0.0001,0.0000
unfiltered/valid/015/941,5.135342365431592,5,0.0000,0.0000,0.0000,0.0044,0.1450,0.6497,0.1129,0.0879,0.0001,0.0000
unfiltered/valid/015/868,5.280134441493525,5,0.0000,0.0000,0.0000,0.0018,0.0882,0.6514,0.1453,0.1132,0.0001,0.0000
unfiltered/valid/015/901,6.149849255441985,7,0.0000,0.0000,0.0000,0.0003,0.0183,0.2861,0.2228,0.4717,0.0008,0.0000
unfiltered/valid/015/951,6.138632729680507,7,0.0000,0.0000,0.0000,0.0004,0.0234,0.2845,0.2216,0.4691,0.0010,0.0000
unfiltered/valid/015/101,5.833998231546084,5,0.0000,0.0000,0.0000,0.0007,0.0351,0.4280,0.2022,0.3334,0.0006,0.0000
unfiltered/valid/015/707,6.138454761741995,7,0.0000,0.0000,0.0000,0.0003,0.0234,0.2846,0.2217,0.4693,0.0007,0.0000
unfiltered/valid/015/446,5.721285863340679,5,0.0000,0.0000,0.0000,0.0010,0.0482,0.4572,0.2160,0.2773,0.0003,0.0000
unfiltered/valid/015/89,6.139920513459072,7,0.0000,0.0000,0.0000,0.0003,0.0233,0.2844,0.2215,0.4689,0.0015,0.0000
unfiltered/valid/015/645,5.638440169398221,5,0.0000,0.0000,0.0000,0.0007,0.0514,0.4873,0.2302,0.2302,0.0002,0.0000
unfiltered/valid/016/924,6.3186953293235515,7,0.0000,0.0000,0.0000,0.0001,0.0111,0.1974,0.2535,0.5367,0.0010,0.0000
unfiltered/valid/016/126,5.515006936506935,5,0.0000,0.0000,0.0000,0.0013,0.0722,0.5336,0.1963,0.1963,0.0003,0.0000
unfiltered/valid/016/141,6.599857389139141,7,0.0000,0.0000,0.0000,0.0000,0.0042,0.0946,0.2003,0.6990,0.0020,0.0000
unfiltered/valid/016/761,6.131058145657299,7,0.0000,0.0000,0.0000,0.0003,0.0220,0.2677,0.2677,0.4413,0.0011,0.0000
unfiltered/valid/016/321,6.576656036495288,7,0.0000,0.0000,0.0000,0.0001,0.0070,0.1232,0.1582,0.7090,0.0026,0.0000
unfiltered/valid/016/884,5.843785808031746,5,0.0000,0.0000,0.0000,0.0004,0.0332,0.4049,0.2456,0.3153,0.0005,0.0000
unfiltered/valid/016/281,5.513878168326648,5,0.0000,0.0000,0.0000,0.0017,0.0722,0.5334,0.1962,0.1962,0.0003,0.0000
unfiltered/valid/016/755,5.8482542266793285,5,0.0000,0.0000,0.0000,0.0006,0.0276,0.4316,0.2039,0.3361,0.0003,0.0000
unfiltered/valid/016/812,5.834183537511953,5,0.0000,0.0000,0.0000,0.0006,0.0351,0.4282,0.2022,0.3334,0.0004,0.0000
unfiltered/valid/016/724,6.777181282337261,7,0.0000,0.0000,0.0000,0.0000,0.0023,0.0530,0.1123,0.8297,0.0026,0.0000
unfiltered/valid/016/229,6.053149718117561,7,0.0000,0.0000,0.0000,0.0003,0.0216,0.3382,0.2051,0.4342,0.0006,0.0000
unfiltered/valid/016/626,4.727293308358237,5,0.0000,0.0000,0.0000,0.0191,0.2981,0.6310,0.0403,0.0116,0.0000,0.0000
unfiltered/valid/016/640,6.025022143512373,7,0.0000,0.0000,0.0000,0.0005,0.0351,0.3333,0.2021,0.4279,0.0011,0.0000
unfiltered/valid/016/165,5.707499125969975,5,0.0000,0.0000,0.0000,0.0011,0.0506,0.4801,0.1766,0.2912,0.0004,0.0000
unfiltered/valid/017/70,6.340300255738284,7,0.0000,0.0000,0.0000,0.0004,0.0179,0.2180,0.1698,0.5926,0.0013,0.0000
unfiltered/valid/017/766,6.050525484619401,7,0.0000,0.0000,0.0000,0.0003,0.0204,0.3195,0.2488,0.4103,0.0007,0.0000
unfiltered/valid/017/874,6.0502606508770675,7,0.0000,0.0000,0.0000,0.0003,0.0204,0.3195,0.2489,0.4103,0.0006,0.0000
unfiltered/valid/017/968,5.952132872619301,5,0.0000,0.0000,0.0000,0.0004,0.0239,0.3741,0.2269,0.3741,0.0006,0.0000
unfiltered/valid/017/279,6.550583855289543,7,0.0000,0.0000,0.0000,0.0001,0.0067,0.1180,0.1946,0.6792,0.0015,0.0000
unfiltered/valid/017/746,5.6382571895872315,5,0.0000,0.0000,0.0000,0.0008,0.0514,0.4872,0.2302,0.2302,0.0003,0.0000
unfiltered/valid/017/80,6.333764122646889,7,0.0000,0.0000,0.0000,0.0002,0.0134,0.2088,0.2088,0.5677,0.0011,0.0000
unfiltered/valid/017/340,6.124416454095579,7,0.0000,0.0000,0.0000,0.0005,0.0298,0.2826,0.2201,0.4659,0.0012,0.0000
unfiltered/valid/017/691,5.952132820312125,5,0.0000,0.0000,0.0000,0.0004,0.0239,0.3741,0.2269,0.3741,0.0006,0.0000
unfiltered/valid/018/570,6.6489131243495105,7,0.0000,0.0000,0.0000,0.0001,0.0051,0.1027,0.1318,0.7587,0.0017,0.0000
unfiltered/valid/018/195,5.74120825199477,5,0.0000,0.0000,0.0000,0.0005,0.0380,0.4624,0.2184,0.2804,0.0003,0.0000
unfiltered/valid/018/509,5.306940600831691,5,0.0000,0.0000,0.0000,0.0013,0.0701,0.6647,0.1483,0.1155,0.0001,0.0000
unfiltered/valid/018/140,6.5180079543977945,7,0.0000,0.0000,0.0000,0.0001,0.0086,0.1526,0.1526,0.6839,0.0022,0.0000
unfiltered/valid/018/644,6.341278464219117,7,0.0000,0.0000,0.0000,0.0004,0.0179,0.2179,0.1697,0.5923,0.0019,0.0000
unfiltered/valid/018/83,6.3214402137212495,7,0.0000,0.0000,0.0000,0.0001,0.0098,0.1978,0.2539,0.5376,0.0008,0.0000
unfiltered/valid/018/929,6.691748346819871,7,0.0000,0.0000,0.0000,0.0000,0.0036,0.0820,0.1351,0.7776,0.0017,0.0000
unfiltered/valid/018/793,5.136377383020476,5,0.0000,0.0000,0.0000,0.0039,0.1450,0.6501,0.1130,0.0880,0.0001,0.0000
unfiltered/valid/018/669,5.619042926801134,5,0.0000,0.0000,0.0000,0.0008,0.0541,0.5134,0.1889,0.2425,0.0003,0.0000
unfiltered/valid/018/627,5.843311975855964,5,0.0000,0.0000,0.0000,0.0005,0.0332,0.4049,0.2456,0.3153,0.0005,0.0000
unfiltered/valid/018/942,6.406268637341739,7,0.0000,0.0000,0.0000,0.0001,0.0109,0.1710,0.2196,0.5970,0.0013,0.0000
unfiltered/valid/018/251,6.568418402039798,7,0.0000,0.0000,0.0000,0.0001,0.0101,0.1228,0.1577,0.7067,0.0025,0.0000
unfiltered/valid/018/289,6.507487660683071,7,0.0000,0.0000,0.0000,0.0002,0.0125,0.1520,0.1520,0.6813,0.0019,0.0000
unfiltered/valid/018/609,6.402222382835868,7,0.0000,0.0000,0.0000,0.0002,0.0124,0.1708,0.2193,0.5961,0.0012,0.0000
unfiltered/valid/018/23,6.594198413620507,7,0.0000,0.0000,0.0000,0.0001,0.0082,0.1276,0.1276,0.7344,0.0021,0.0000
unfiltered/valid/018/724,5.44680223149889,5,0.0000,0.0000,0.0000,0.0016,0.0755,0.5578,0.2052,0.1598,0.0002,0.0000
unfiltered/valid/018/253,6.227080722963183,7,0.0000,0.0000,0.0000,0.0004,0.0263,0.2496,0.1944,0.5284,0.0010,0.0000
unfiltered/valid/018/146,6.624339776470654,7,0.0000,0.0000,0.0000,0.0001,0.0056,0.0989,0.1630,0.7305,0.0021,0.0000
unfiltered/valid/018/87,5.385165765722774,5,0.0000,0.0000,0.0000,0.0015,0.0652,0.6181,0.1771,0.1379,0.0001,0.0000
unfiltered/valid/019/408,6.406726450950205,7,0.0000,0.0000,0.0000,0.0002,0.0109,0.1710,0.2195,0.5967,0.0017,0.0000
unfiltered/valid/019/386,6.251765958343484,7,0.0000,0.0000,0.0000,0.0002,0.0161,0.2521,0.1963,0.5337,0.0015,0.0000
unfiltered/valid/019/585,6.022573098796536,7,0.0000,0.0000,0.0000,0.0007,0.0332,0.3152,0.2455,0.4047,0.0008,0.0000
unfiltered/valid/019/609,6.51607462874449,7,0.0000,0.0000,0.0000,0.0001,0.0086,0.1528,0.1528,0.6848,0.0008,0.0000
unfiltered/valid/019/634,6.568103439026671,7,0.0000,0.0000,0.0000,0.0001,0.0101,0.1229,0.1577,0.7070,0.0023,0.0000
unfiltered/valid/019/209,6.242129596153245,7,0.0000,0.0000,0.0000,0.0004,0.0206,0.2507,0.1953,0.5308,0.0022,0.0000
unfiltered/valid/019/583,4.708999530061908,5,0.0000,0.0000,0.0000,0.0151,0.3039,0.6434,0.0320,0.0056,0.0000,0.0000
unfiltered/valid/019/884,5.592717151653991,5,0.0000,0.0000,0.0000,0.0016,0.0684,0.5052,0.1858,0.2386,0.0004,0.0000
unfiltered/valid/019/937,5.916695133299221,5,0.0000,0.0000,0.0000,0.0008,0.0408,0.3874,0.1830,0.3874,0.0005,0.0000
unfiltered/valid/019/996,5.613911630092929,5,0.0000,0.0000,0.0000,0.0012,0.0650,0.4800,0.2267,0.2267,0.0003,0.0000
unfiltered/valid/019/851,6.02459102489713,7,0.0000,0.0000,0.0000,0.0006,0.0351,0.3332,0.2021,0.4279,0.0011,0.0000
unfiltered/valid/019/915,5.815770274594093,5,0.0000,0.0000,0.0000,0.0008,0.0447,0.4237,0.2002,0.3300,0.0006,0.0000
unfiltered/valid/019/20,6.5535243881673,7,0.0000,0.0000,0.0000,0.0001,0.0059,0.1180,0.1946,0.6792,0.0022,0.0000
unfiltered/valid/020/54,6.340435168778476,7,0.0000,0.0000,0.0000,0.0003,0.0179,0.2181,0.1698,0.5928,0.0011,0.0000
unfiltered/valid/020/880,4.524143550217468,5,0.0000,0.0000,0.0000,0.0433,0.4107,0.5273,0.0159,0.0028,0.0000,0.0000
unfiltered/valid/020/655,5.81530025674151,5,0.0000,0.0000,0.0000,0.0009,0.0447,0.4237,0.2001,0.3300,0.0006,0.0000
unfiltered/valid/020/332,6.414709684885503,7,0.0000,0.0000,0.0000,0.0001,0.0075,0.1716,0.2204,0.5991,0.0013,0.0000
unfiltered/valid/020/914,6.250624117374962,7,0.0000,0.0000,0.0000,0.0002,0.0161,0.2523,0.1965,0.5341,0.0008,0.0000
unfiltered/valid/020/710,5.592602720896539,5,0.0000,0.0000,0.0000,0.0016,0.0684,0.5052,0.1858,0.2386,0.0004,0.0000
unfiltered/valid/020/962,5.619798537647761,5,0.0000,0.0000,0.0000,0.0007,0.0541,0.5134,0.1889,0.2425,0.0005,0.0000
unfiltered/valid/020/911,5.894461412693853,5,0.0000,0.0000,0.0000,0.0011,0.0518,0.3828,0.1808,0.3828,0.0007,0.0000
unfiltered/valid/020/974,6.492870651718421,7,0.0000,0.0000,0.0000,0.0001,0.0093,0.1462,0.1877,0.6552,0.0014,0.0000
unfiltered/valid/020/300,6.334081612163028,7,0.0000,0.0000,0.0000,0.0002,0.0133,0.2088,0.2088,0.5676,0.0012,0.0000
unfiltered/valid/020/433,6.624715342609367,7,0.0000,0.0000,0.0000,0.0001,0.0056,0.0988,0.1629,0.7303,0.0023,0.0000
unfiltered/valid/020/877,6.427672502447811,7,0.0000,0.0000,0.0000,0.0002,0.0115,0.1796,0.1796,0.6270,0.0020,0.0000
unfiltered/valid/020/114,6.227738085046434,7,0.0000,0.0000,0.0000,0.0003,0.0195,0.2378,0.2378,0.5035,0.0010,0.0000
unfiltered/valid/020/799,6.245465086228638,7,0.0000,0.0000,0.0000,0.0001,0.0119,0.2397,0.2397,0.5075,0.0010,0.0000
unfiltered/valid/020/794,6.688617266695945,7,0.0000,0.0000,0.0000,0.0001,0.0052,0.0817,0.1347,0.7754,0.0028,0.0000
unfiltered/valid/020/574,5.825971892863419,5,0.0000,0.0000,0.0000,0.0007,0.0368,0.4482,0.1649,0.3491,0.0004,0.0000
unfiltered/valid/020/387,5.814952616790056,5,0.0000,0.0000,0.0000,0.0011,0.0447,0.4237,0.2001,0.3299,0.0006,0.0000
unfiltered/valid/020/684,6.406546069925962,7,0.0000,0.0000,0.0000,0.0001,0.0109,0.1710,0.2196,0.5969,0.0015,0.0000
unfiltered/valid/021/464,6.580005414035171,7,0.0000,0.0000,0.0000,0.0001,0.0054,0.1235,0.1585,0.7105,0.0020,0.0000
unfiltered/valid/021/888,6.241122884520345,7,0.0000,0.0000,0.0000,0.0004,0.0206,0.2509,0.1954,0.5311,0.0017,0.0000
unfiltered/valid/021/775,4.84282616124892,5,0.0000,0.0000,0.0000,0.0081,0.2082,0.7268,0.0465,0.0104,0.0000,0.0000
unfiltered/valid/021/152,5.613243726709504,5,0.0000,0.0000,0.0000,0.0013,0.0650,0.4800,0.2267,0.2267,0.0002,0.0000
unfiltered/valid/021/668,6.340861370992497,7,0.0000,0.0000,0.0000,0.0003,0.0179,0.2180,0.1698,0.5926,0.0015,0.0000
unfiltered/valid/021/352,5.916813015925237,5,0.0000,0.0000,0.0000,0.0011,0.0408,0.3872,0.1829,0.3872,0.0008,0.0000
unfiltered/valid/021/402,6.227734100044436,7,0.0000,0.0000,0.0000,0.0002,0.0195,0.2379,0.2379,0.5036,0.0009,0.0000
unfiltered/valid/021/803,6.333764002542784,7,0.0000,0.0000,0.0000,0.0002,0.0134,0.2088,0.2088,0.5677,0.0011,0.0000
unfiltered/valid/021/219,6.039701135547588,7,0.0000,0.0000,0.0000,0.0006,0.0276,0.3360,0.2038,0.4315,0.0006,0.0000
unfiltered/valid/021/544,5.618703560249341,5,0.0000,0.0000,0.0000,0.0009,0.0541,0.5134,0.1889,0.2425,0.0002,0.0000
unfiltered/valid/021/533,6.468154702706715,7,0.0000,0.0000,0.0000,0.0001,0.0089,0.1388,0.2288,0.6219,0.0015,0.0000
unfiltered/valid/021/904,5.917420980772866,5,0.0000,0.0000,0.0000,0.0010,0.0408,0.3872,0.1829,0.3872,0.0010,0.0000
unfiltered/valid/021/456,6.465505864354216,7,0.0000,0.0000,0.0000,0.0001,0.0100,0.1386,0.2285,0.6210,0.0017,0.0000
unfiltered/valid/021/111,6.233350115597868,7,0.0000,0.0000,0.0000,0.0003,0.0173,0.2383,0.2383,0.5045,0.0013,0.0000
unfiltered/valid/022/59,6.227222847667716,7,0.0000,0.0000,0.0000,0.0003,0.0263,0.2496,0.1944,0.5284,0.0010,0.0000
unfiltered/valid/022/130,6.406323765350561,7,0.0000,0.0000,0.0000,0.0001,0.0109,0.1710,0.2196,0.5970,0.0013,0.0000
unfiltered/valid/022/678,6.426309078952145,7,0.0000,0.0000,0.0000,0.0002,0.0115,0.1798,0.1798,0.6276,0.0011,0.0000
unfiltered/valid/022/479,6.227738140069441,7,0.0000,0.0000,0.0000,0.0003,0.0195,0.2378,0.2378,0.5035,0.0010,0.0000
unfiltered/valid/022/456,6.038658357687739,7,0.0000,0.0000,0.0000,0.0003,0.0261,0.3176,0.2474,0.4078,0.0008,0.0000
unfiltered/valid/022/454,6.050315971712211,7,0.0000,0.0000,0.0000,0.0002,0.0204,0.3196,0.2489,0.4103,0.0005,0.0000
unfiltered/valid/022/481,6.050008327766237,7,0.0000,0.0000,0.0000,0.0004,0.0204,0.3195,0.2488,0.4103,0.0006,0.0000
unfiltered/valid/022/500,6.06316449611259,7,0.0000,0.0000,0.0000,0.0003,0.0169,0.3398,0.2061,0.4363,0.0007,0.0000
unfiltered/valid/022/585,5.65720192359997,5,0.0000,0.0000,0.0000,0.0007,0.0405,0.4929,0.2328,0.2328,0.0002,0.0000
unfiltered/valid/022/237,5.387630182528974,5,0.0000,0.0000,0.0000,0.0023,0.0992,0.5710,0.1636,0.1636,0.0002,0.0000
unfiltered/valid/022/998,5.638341944534752,5,0.0000,0.0000,0.0000,0.0008,0.0514,0.4872,0.2301,0.2301,0.0003,0.0000
unfiltered/valid/022/507,6.03881336291804,7,0.0000,0.0000,0.0000,0.0004,0.0261,0.3175,0.2473,0.4077,0.0010,0.0000
unfiltered/valid/022/922,5.8437774904211635,5,0.0000,0.0000,0.0000,0.0005,0.0332,0.4048,0.2455,0.3152,0.0007,0.0000
unfiltered/valid/022/183,5.446692376518549,5,0.0000,0.0000,0.0000,0.0013,0.0627,0.5949,0.1704,0.1704,0.0002,0.0000
unfiltered/valid/022/779,5.6388679823578745,5,0.0000,0.0000,0.0000,0.0006,0.0514,0.4874,0.2302,0.2302,0.0002,0.0000
unfiltered/valid/022/754,5.203872206679096,5,0.0000,0.0000,0.0000,0.0023,0.1131,0.6511,0.1453,0.0881,0.0001,0.0000
unfiltered/valid/022/411,5.935422532798497,5,0.0000,0.0000,0.0000,0.0005,0.0321,0.3910,0.1847,0.3910,0.0006,0.0000
unfiltered/valid/022/695,6.237559630057336,7,0.0000,0.0000,0.0000,0.0006,0.0275,0.2606,0.1581,0.5517,0.0015,0.0000
unfiltered/valid/022/796,5.949334554425092,5,0.0000,0.0000,0.0000,0.0004,0.0252,0.3939,0.1861,0.3939,0.0005,0.0000
unfiltered/valid/023/381,6.145354641418954,7,0.0000,0.0000,0.0000,0.0005,0.0246,0.2992,0.1815,0.4933,0.0010,0.0000
unfiltered/valid/023/657,5.618509863152486,5,0.0000,0.0000,0.0000,0.0011,0.0541,0.5132,0.1888,0.2424,0.0004,0.0000
unfiltered/valid/023/858,6.334206050365567,7,0.0000,0.0000,0.0000,0.0001,0.0133,0.2088,0.2088,0.5676,0.0012,0.0000
unfiltered/valid/023/963,6.1501435433233045,7,0.0000,0.0000,0.0000,0.0002,0.0183,0.2861,0.2228,0.4717,0.0009,0.0000
unfiltered/valid/023/79,6.342054638507596,7,0.0000,0.0000,0.0000,0.0004,0.0237,0.2252,0.1366,0.6121,0.0019,0.0000
unfiltered/valid/023/933,5.560539971213164,5,0.0000,0.0000,0.0000,0.0007,0.0451,0.5496,0.2022,0.2022,0.0002,0.0000
unfiltered/valid/023/178,6.023984738191848,7,0.0000,0.0000,0.0000,0.0009,0.0351,0.3331,0.2020,0.4277,0.0012,0.0000
unfiltered/valid/023/540,6.040973048455287,7,0.0000,0.0000,0.0000,0.0004,0.0276,0.3360,0.2038,0.4314,0.0009,0.0000
unfiltered/valid/023/890,6.138408096122332,7,0.0000,0.0000,0.0000,0.0004,0.0234,0.2846,0.2216,0.4691,0.0009,0.0000
unfiltered/valid/024/496,4.288573269879576,4,0.0000,0.0000,0.0001,0.0769,0.5683,0.3447,0.0092,0.0009,0.0000,0.0000
unfiltered/valid/024/141,6.349887225129601,7,0.0000,0.0000,0.0000,0.0004,0.0140,0.2188,0.1704,0.5949,0.0015,0.0000
unfiltered/valid/024/277,6.495654256258776,7,0.0000,0.0000,0.0000,0.0001,0.0083,0.1464,0.1879,0.6559,0.0014,0.0000
unfiltered/valid/024/161,5.951997491784317,5,0.0000,0.0000,0.0000,0.0004,0.0239,0.3741,0.2269,0.3741,0.0005,0.0000
unfiltered/valid/024/262,6.04081384686464,7,0.0000,0.0000,0.0000,0.0004,0.0276,0.3359,0.2038,0.4313,0.0009,0.0000
unfiltered/valid/024/74,6.145152339074434,7,0.0000,0.0000,0.0000,0.0004,0.0246,0.2993,0.1815,0.4934,0.0007,0.0000
unfiltered/valid/024/957,5.833514288591586,5,0.0000,0.0000,0.0000,0.0007,0.0351,0.4281,0.2022,0.3334,0.0003,0.0000
unfiltered/valid/024/110,6.594254396471998,7,0.0000,0.0000,0.0000,0.0001,0.0082,0.1276,0.1276,0.7344,0.0021,0.0000
unfiltered/valid/024/734,5.806747575566495,5,0.0000,0.0000,0.0000,0.0011,0.0467,0.4432,0.1630,0.3452,0.0008,0.0000
unfiltered/valid/024/257,6.3247687584007934,7,0.0000,0.0000,0.0000,0.0002,0.0171,0.2080,0.2080,0.5655,0.0011,0.0000
unfiltered/valid/024/270,6.139870464014025,7,0.0000,0.0000,0.0000,0.0004,0.0233,0.2843,0.2214,0.4688,0.0017,0.0000
unfiltered/valid/024/287,6.052907083119101,7,0.0000,0.0000,0.0000,0.0003,0.0216,0.3382,0.2051,0.4342,0.0005,0.0000
unfiltered/valid/024/60,6.629003977845218,7,0.0000,0.0000,0.0000,0.0000,0.0038,0.0990,0.1633,0.7317,0.0021,0.0000
unfiltered/valid/024/754,6.406859466879333,7,0.0000,0.0000,0.0000,0.0001,0.0109,0.1710,0.2195,0.5968,0.0017,0.0000
unfiltered/valid/025/114,6.138705236238768,7,0.0000,0.0000,0.0000,0.0003,0.0234,0.2846,0.2216,0.4692,0.0009,0.0000
unfiltered/valid/025/645,5.952384976443474,5,0.0000,0.0000,0.0000,0.0003,0.0239,0.3741,0.2269,0.3741,0.0006,0.0000
unfiltered/valid/025/356,6.3331199112822105,7,0.0000,0.0000,0.0000,0.0002,0.0134,0.2089,0.2089,0.5679,0.0007,0.0000
unfiltered/valid/025/862,6.341060367135628,7,0.0000,0.0000,0.0000,0.0001,0.0104,0.2094,0.2094,0.5693,0.0012,0.0000
unfiltered/valid/025/227,5.8258546367382165,5,0.0000,0.0000,0.0000,0.0008,0.0423,0.4009,0.2432,0.3122,0.0007,0.0000
unfiltered/valid/025/915,6.665808975807537,7,0.0000,0.0000,0.0000,0.0001,0.0039,0.0788,0.1669,0.7479,0.0024,0.0000
unfiltered/valid/025/834,6.567208083584566,7,0.0000,0.0000,0.0000,0.0002,0.0101,0.1229,0.1578,0.7073,0.0018,0.0000
unfiltered/valid/026/928,6.124705715467412,7,0.0000,0.0000,0.0000,0.0005,0.0298,0.2825,0.2200,0.4658,0.0013,0.0000
unfiltered/valid/026/632,6.158512522723506,7,0.0000,0.0000,0.0000,0.0002,0.0143,0.2873,0.2238,0.4738,0.0006,0.0000
unfiltered/valid/026/310,6.839938599562034,7,0.0000,0.0000,0.0000,0.0000,0.0015,0.0337,0.0917,0.8696,0.0036,0.0000
unfiltered/valid/026/880,5.842757841006934,5,0.0000,0.0000,0.0000,0.0007,0.0332,0.4048,0.2455,0.3153,0.0004,0.0000
unfiltered/valid/026/743,6.651114270581985,7,0.0000,0.0000,0.0000,0.0001,0.0045,0.1027,0.1319,0.7588,0.0021,0.0000
unfiltered/valid/026/652,6.038344823260422,7,0.0000,0.0000,0.0000,0.0004,0.0261,0.3176,0.2474,0.4079,0.0007,0.0000
unfiltered/valid/026/179,6.409954614943517,7,0.0000,0.0000,0.0000,0.0001,0.0097,0.1712,0.2198,0.5975,0.0017,0.0000
unfiltered/valid/026/987,5.492672115167103,5,0.0000,0.0000,0.0000,0.0010,0.0472,0.5752,0.2116,0.1648,0.0002,0.0000
unfiltered/valid/026/931,5.9213932330514405,5,0.0000,0.0000,0.0000,0.0008,0.0388,0.3682,0.2233,0.3682,0.0007,0.0000
unfiltered/valid/027/388,5.415822901853696,5,0.0000,0.0000,0.0000,0.0017,0.0949,0.5460,0.2008,0.1564,0.0002,0.0000
unfiltered/valid/027/897,5.9354908058593985,5,0.0000,0.0000,0.0000,0.0004,0.0321,0.3911,0.1848,0.3911,0.0005,0.0000
unfiltered/valid/027/520,6.050099052182371,7,0.0000,0.0000,0.0000,0.0003,0.0204,0.3196,0.2489,0.4104,0.0005,0.0000
unfiltered/valid/027/12,6.053188424321085,7,0.0000,0.0000,0.0000,0.0003,0.0216,0.3381,0.2051,0.4342,0.0007,0.0000
unfiltered/valid/027/507,5.934652763416398,5,0.0000,0.0000,0.0000,0.0010,0.0321,0.3908,0.1846,0.3908,0.0009,0.0000
unfiltered/valid/027/369,5.93845120136721,5,0.0000,0.0000,0.0000,0.0004,0.0305,0.3716,0.2254,0.3716,0.0004,0.0000
unfiltered/valid/027/725,6.545937823325733,7,0.0000,0.0000,0.0000,0.0001,0.0085,0.1178,0.1942,0.6777,0.0017,0.0000
unfiltered/valid/027/321,6.498322685401061,7,0.0000,0.0000,0.0000,0.0001,0.0073,0.1465,0.1881,0.6564,0.0016,0.0000
unfiltered/valid/027/613,6.053498841379677,7,0.0000,0.0000,0.0000,0.0004,0.0216,0.3380,0.2050,0.4340,0.0009,0.0000
unfiltered/valid/027/860,5.934779382396067,5,0.0000,0.0000,0.0000,0.0009,0.0321,0.3908,0.1846,0.3908,0.0008,0.0000
unfiltered/valid/027/434,6.495851094767606,7,0.0000,0.0000,0.0000,0.0001,0.0083,0.1463,0.1879,0.6558,0.0016,0.0000
unfiltered/valid/028/127,5.955239794971476,5,0.0000,0.0000,0.0000,0.0002,0.0225,0.3515,0.2738,0.3515,0.0005,0.0000
unfiltered/valid/028/482,6.004677984467322,7,0.0000,0.0000,0.0000,0.0009,0.0446,0.3297,0.2000,0.4233,0.0015,0.0000
unfiltered/valid/028/570,6.149616552781067,7,0.0000,0.0000,0.0000,0.0002,0.0183,0.2862,0.2229,0.4718,0.0006,0.0000
unfiltered/valid/028/150,5.8953327331784795,5,0.0000,0.0000,0.0000,0.0008,0.0518,0.3829,0.1809,0.3829,0.0007,0.0000
unfiltered/valid/028/139,4.92669518480275,5,0.0000,0.0000,0.0000,0.0087,0.1970,0.6876,0.0725,0.0342,0.0000,0.0000
unfiltered/valid/028/803,5.707394447192339,5,0.0000,0.0000,0.0000,0.0011,0.0506,0.4801,0.1766,0.2912,0.0003,0.0000
unfiltered/valid/028/715,6.627956222696636,7,0.0000,0.0000,0.0000,0.0001,0.0043,0.0990,0.1631,0.7312,0.0023,0.0000
unfiltered/valid/028/243,6.334007490508808,7,0.0000,0.0000,0.0000,0.0002,0.0133,0.2088,0.2088,0.5676,0.0012,0.0000
unfiltered/valid/028/811,6.038396166773629,7,0.0000,0.0000,0.0000,0.0003,0.0261,0.3177,0.2474,0.4080,0.0005,0.0000
unfiltered/valid/028/158,5.385892243125976,5,0.0000,0.0000,0.0000,0.0012,0.0652,0.6184,0.1772,0.1380,0.0001,0.0000
unfiltered/valid/028/952,6.650110275741631,7,0.0000,0.0000,0.0000,0.0001,0.0058,0.1024,0.1314,0.7564,0.0040,0.0000
unfiltered/valid/028/259,6.48791362242592,7,0.0000,0.0000,0.0000,0.0002,0.0120,0.1456,0.1870,0.6526,0.0027,0.0000
unfiltered/valid/028/889,5.000002741259679,5,0.0000,0.0000,0.0000,0.0035,0.1314,0.7561,0.0797,0.0293,0.0000,0.0000
unfiltered/valid/028/300,5.921548003599563,5,0.0000,0.0000,0.0000,0.0006,0.0388,0.3684,0.2234,0.3684,0.0004,0.0000
unfiltered/valid/028/615,6.498322451428566,7,0.0000,0.0000,0.0000,0.0001,0.0073,0.1465,0.1881,0.6564,0.0016,0.0000
unfiltered/valid/028/566,6.490338141579104,7,0.0000,0.0000,0.0000,0.0001,0.0106,0.1460,0.1874,0.6541,0.0018,0.0000
unfiltered/valid/029/703,6.427012279293921,7,0.0000,0.0000,0.0000,0.0001,0.0115,0.1798,0.1798,0.6275,0.0014,0.0000
unfiltered/valid/029/434,6.237398919047104,7,0.0000,0.0000,0.0000,0.0002,0.0153,0.2389,0.2389,0.5058,0.0009,0.0000
unfiltered/valid/029/81,6.337168272992509,7,0.0000,0.0000,0.0000,0.0001,0.0118,0.2092,0.2092,0.5687,0.0009,0.0000
unfiltered/valid/029/402,5.6577784357988605,5,0.0000,0.0000,0.0000,0.0006,0.0405,0.4930,0.2329,0.2329,0.0003,0.0000
unfiltered/valid/029/691,6.819765039613893,7,0.0000,0.0000,0.0000,0.0000,0.0024,0.0428,0.0907,0.8605,0.0035,0.0000
unfiltered/valid/029/735,6.023225170853991,7,0.0000,0.0000,0.0000,0.0005,0.0332,0.3152,0.2455,0.4048,0.0008,0.0000
unfiltered/valid/029/484,6.427928055595083,7,0.0000,0.0000,0.0000,0.0002,0.0115,0.1797,0.1797,0.6270,0.0020,0.0000
unfiltered/valid/029/213,6.024300694475998,7,0.0000,0.0000,0.0000,0.0009,0.0368,0.3489,0.1648,0.4480,0.0007,0.0000
unfiltered/valid/029/847,6.49044101901,7,0.0000,0.0000,0.0000,0.0002,0.0106,0.1459,0.1873,0.6539,0.0021,0.0000
unfiltered/valid/029/977,5.168105885047438,5,0.0000,0.0000,0.0000,0.0024,0.1154,0.6640,0.1482,0.0700,0.0000,0.0000
unfiltered/valid/029/808,6.426446856735218,7,0.0000,0.0000,0.0000,0.0001,0.0115,0.1799,0.1799,0.6277,0.0009,0.0000
unfiltered/valid/029/540,6.146346304328262,7,0.0000,0.0000,0.0000,0.0004,0.0246,0.2991,0.1814,0.4931,0.0014,0.0000
unfiltered/valid/029/802,6.025200137472687,7,0.0000,0.0000,0.0000,0.0004,0.0351,0.3333,0.2021,0.4279,0.0011,0.0000
unfiltered/valid/029/641,4.926716162809982,5,0.0000,0.0000,0.0000,0.0087,0.1970,0.6876,0.0725,0.0342,0.0000,0.0000
unfiltered/valid/029/903,6.433197542370479,7,0.0000,0.0000,0.0000,0.0001,0.0090,0.1802,0.1802,0.6291,0.0014,0.0000
unfiltered/valid/030/496,5.721852897824746,5,0.0000,0.0000,0.0000,0.0010,0.0482,0.4571,0.2159,0.2773,0.0005,0.0000
unfiltered/valid/030/878,5.333315344009671,5,0.0000,0.0000,0.0000,0.0020,0.0854,0.6309,0.1408,0.1408,0.0001,0.0000
unfiltered/valid/030/274,5.540757504727196,5,0.0000,0.0000,0.0000,0.0008,0.0572,0.5425,0.1996,0.1996,0.0003,0.0000
unfiltered/valid/030/527,6.25029320836207,7,0.0000,0.0000,0.0000,0.0002,0.0161,0.2523,0.1965,0.5341,0.0007,0.0000
unfiltered/valid/030/188,5.639071274325609,5,0.0000,0.0000,0.0000,0.0007,0.0427,0.5197,0.1912,0.2455,0.0003,0.0000
unfiltered/valid/030/167,6.724873385059615,7,0.0000,0.0000,0.0000,0.0000,0.0037,0.0649,0.1374,0.7907,0.0032,0.0000
unfiltered/valid/030/435,6.334283223554363,7,0.0000,0.0000,0.0000,0.0002,0.0133,0.2088,0.2088,0.5675,0.0014,0.0000
unfiltered/valid/030/490,5.938505901117836,5,0.0000,0.0000,0.0000,0.0005,0.0305,0.3716,0.2254,0.3716,0.0005,0.0000
unfiltered/valid/030/699,6.725562109786017,7,0.0000,0.0000,0.0000,0.0000,0.0032,0.0650,0.1375,0.7914,0.0029,0.0000
unfiltered/valid/030/737,5.7566852307528436,5,0.0000,0.0000,0.0000,0.0004,0.0357,0.4353,0.2640,0.2640,0.0004,0.0000
unfiltered/valid/030/658,5.540023983128851,5,0.0000,0.0000,0.0000,0.0010,0.0572,0.5425,0.1996,0.1996,0.0002,0.0000
unfiltered/valid/031/28,6.51729423732336,7,0.0000,0.0000,0.0000,0.0001,0.0086,0.1527,0.1527,0.6842,0.0017,0.0000
unfiltered/valid/031/590,5.921590001189344,5,0.0000,0.0000,0.0000,0.0008,0.0388,0.3681,0.2233,0.3681,0.0008,0.0000
unfiltered/valid/031/896,5.022534071877052,5,0.0000,0.0000,0.0000,0.0082,0.1861,0.6494,0.0879,0.0684,0.0001,0.0000
unfiltered/valid/031/147,5.445720809091706,5,0.0000,0.0000,0.0000,0.0017,0.0627,0.5947,0.1704,0.1704,0.0002,0.0000
unfiltered/valid/031/724,5.952657194423213,5,0.0000,0.0000,0.0000,0.0004,0.0239,0.3740,0.2269,0.3740,0.0008,0.0000
unfiltered/valid/031/461,5.722561327703665,5,0.0000,0.0000,0.0000,0.0007,0.0482,0.4573,0.2160,0.2774,0.0005,0.0000
unfiltered/valid/031/705,6.05048381251919,7,0.0000,0.0000,0.0000,0.0003,0.0204,0.3195,0.2488,0.4102,0.0008,0.0000
unfiltered/valid/031/866,5.601763070203732,5,0.0000,0.0000,0.0000,0.0010,0.0565,0.5357,0.1535,0.2531,0.0002,0.0000
unfiltered/valid/031/551,6.038580642673579,7,0.0000,0.0000,0.0000,0.0004,0.0261,0.3176,0.2473,0.4078,0.0009,0.0000
unfiltered/valid/031/165,5.043562528904625,5,0.0000,0.0000,0.0000,0.0047,0.1542,0.6909,0.0935,0.0567,0.0000,0.0000
unfiltered/valid/031/941,6.8232197512452375,7,0.0000,0.0000,0.0000,0.0000,0.0021,0.0428,0.0905,0.8588,0.0058,0.0000
unfiltered/valid/031/937,6.426758532707806,7,0.0000,0.0000,0.0000,0.0001,0.0115,0.1798,0.1798,0.6276,0.0012,0.0000
unfiltered/valid/031/127,6.4062059480853035,7,0.0000,0.0000,0.0000,0.0002,0.0109,0.1710,0.2196,0.5970,0.0013,0.0000
unfiltered/valid/031/110,5.385857920976513,5,0.0000,0.0000,0.0000,0.0012,0.0652,0.6184,0.1772,0.1380,0.0001,0.0000
unfiltered/valid/031/792,5.8892423075267795,5,0.0000,0.0000,0.0000,0.0016,0.0539,0.3984,0.1466,0.3984,0.0010,0.0000
unfiltered/valid/031/201,5.740923298082562,5,0.0000,0.0000,0.0000,0.0006,0.0380,0.4623,0.2184,0.2804,0.0003,0.0000
unfiltered/valid/031/94,6.727529260103055,7,0.0000,0.0000,0.0000,0.0000,0.0025,0.0650,0.1376,0.7920,0.0029,0.0000
unfiltered/valid/032/556,6.050602216375343,7,0.0000,0.0000,0.0000,0.0003,0.0204,0.3195,0.2488,0.4102,0.0008,0.0000
unfiltered/valid/032/551,6.506855659514398,7,0.0000,0.0000,0.0000,0.0002,0.0125,0.1521,0.1521,0.6816,0.0015,0.0000
unfiltered/valid/032/422,6.333838507168993,7,0.0000,0.0000,0.0000,0.0002,0.0134,0.2088,0.2088,0.5677,0.0011,0.0000
unfiltered/valid/032/162,6.475201941569135,7,0.0000,0.0000,0.0000,0.0001,0.0061,0.1392,0.2294,0.6237,0.0015,0.0000
unfiltered/valid/032/572,4.9899333718311905,5,0.0000,0.0000,0.0000,0.0094,0.1887,0.6586,0.0891,0.0541,0.0001,0.0000
unfiltered/valid/032/908,6.691383531067305,7,0.0000,0.0000,0.0000,0.0001,0.0041,0.0819,0.1350,0.7766,0.0025,0.0000
unfiltered/valid/032/298,6.023868927888085,7,0.0000,0.0000,0.0000,0.0007,0.0351,0.3333,0.2021,0.4279,0.0008,0.0000
unfiltered/valid/032/746,6.687296779928519,7,0.0000,0.0000,0.0000,0.0001,0.0059,0.0816,0.1346,0.7746,0.0032,0.0000
unfiltered/valid/032/878,5.540336980645342,5,0.0000,0.0000,0.0000,0.0009,0.0572,0.5425,0.1996,0.1996,0.0002,0.0000
unfiltered/valid/032/955,6.138565867190978,7,0.0000,0.0000,0.0000,0.0004,0.0234,0.2846,0.2216,0.4692,0.0009,0.0000
unfiltered/valid/032/415,6.241206957670874,7,0.0000,0.0000,0.0000,0.0003,0.0206,0.2509,0.1954,0.5312,0.0015,0.0000
unfiltered/valid/032/188,5.975191458153025,7,0.0000,0.0000,0.0000,0.0018,0.0591,0.3403,0.1607,0.4370,0.0011,0.0000
unfiltered/valid/032/905,6.4323909184422705,7,0.0000,0.0000,0.0000,0.0001,0.0090,0.1804,0.1804,0.6295,0.0007,0.0000
unfiltered/valid/032/578,5.741221350284295,5,0.0000,0.0000,0.0000,0.0006,0.0379,0.4623,0.2184,0.2804,0.0004,0.0000
unfiltered/valid/032/510,5.334021937271874,5,0.0000,0.0000,0.0000,0.0018,0.0854,0.6310,0.1408,0.1408,0.0002,0.0000
unfiltered/valid/033/121,6.050364987051933,7,0.0000,0.0000,0.0000,0.0003,0.0204,0.3195,0.2489,0.4103,0.0006,0.0000
unfiltered/valid/033/983,6.517293922021671,7,0.0000,0.0000,0.0000,0.0001,0.0086,0.1527,0.1527,0.6842,0.0017,0.0000
unfiltered/valid/033/760,5.565436859441709,5,0.0000,0.0000,0.0000,0.0007,0.0541,0.5135,0.2426,0.1889,0.0002,0.0000
unfiltered/valid/033/268,5.81495300453897,5,0.0000,0.0000,0.0000,0.0011,0.0447,0.4237,0.2001,0.3299,0.0006,0.0000
unfiltered/valid/033/412,5.490875203008737,5,0.0000,0.0000,0.0000,0.0023,0.0754,0.5573,0.1597,0.2050,0.0004,0.0000
unfiltered/valid/033/806,5.199865970609,5,0.0000,0.0000,0.0000,0.0019,0.0923,0.6818,0.1521,0.0719,0.0000,0.0000
unfiltered/valid/033/243,6.040211228612038,7,0.0000,0.0000,0.0000,0.0006,0.0276,0.3359,0.2038,0.4313,0.0008,0.0000
unfiltered/valid/033/946,6.500291696633913,7,0.0000,0.0000,0.0000,0.0001,0.0064,0.1466,0.1883,0.6571,0.0014,0.0000
unfiltered/valid/034/883,5.618510355733673,5,0.0000,0.0000,0.0000,0.0011,0.0541,0.5132,0.1888,0.2424,0.0004,0.0000
unfiltered/valid/034/930,6.406859466879333,7,0.0000,0.0000,0.0000,0.0001,0.0109,0.1710,0.2195,0.5968,0.0017,0.0000
unfiltered/valid/034/923,5.921865986085111,5,0.0000,0.0000,0.0000,0.0007,0.0388,0.3682,0.2233,0.3682,0.0008,0.0000
unfiltered/valid/034/947,6.239902744416274,7,0.0000,0.0000,0.0000,0.0004,0.0206,0.2511,0.1955,0.5315,0.0009,0.0000
unfiltered/valid/034/218,5.708236668996795,5,0.0000,0.0000,0.0000,0.0009,0.0506,0.4801,0.1766,0.2912,0.0006,0.0000
unfiltered/valid/034/272,5.070431046945392,5,0.0000,0.0000,0.0000,0.0035,0.1503,0.6737,0.1171,0.0553,0.0001,0.0000
unfiltered/valid/034/638,6.666567095456776,7,0.0000,0.0000,0.0000,0.0000,0.0044,0.0787,0.1665,0.7464,0.0039,0.0000
unfiltered/valid/034/546,5.848682227346572,5,0.0000,0.0000,0.0000,0.0006,0.0276,0.4315,0.2038,0.3360,0.0005,0.0000
unfiltered/valid/034/144,6.514807310619532,7,0.0000,0.0000,0.0000,0.0002,0.0097,0.1524,0.1524,0.6830,0.0022,0.0000
unfiltered/valid/034/828,6.237684220342522,7,0.0000,0.0000,0.0000,0.0002,0.0153,0.2389,0.2389,0.5058,0.0010,0.0000
unfiltered/valid/034/911,6.338176583659783,7,0.0000,0.0000,0.0000,0.0002,0.0118,0.2091,0.2091,0.5683,0.0016,0.0000
unfiltered/valid/034/681,4.558139319652981,5,0.0000,0.0000,0.0000,0.0266,0.4157,0.5338,0.0207,0.0032,0.0000,0.0000
unfiltered/valid/034/140,5.359526360736958,5,0.0000,0.0000,0.0000,0.0017,0.0821,0.6068,0.1738,0.1354,0.0001,0.0000
unfiltered/valid/034/547,6.3296865338169175,7,0.0000,0.0000,0.0000,0.0002,0.0151,0.2084,0.2084,0.5666,0.0012,0.0000
unfiltered/valid/035/163,5.70737163599066,5,0.0000,0.0000,0.0000,0.0012,0.0506,0.4800,0.1766,0.2911,0.0005,0.0000
unfiltered/valid/035/622,6.251270120899674,7,0.0000,0.0000,0.0000,0.0003,0.0161,0.2521,0.1964,0.5338,0.0013,0.0000
unfiltered/valid/035/421,5.446423937752446,5,0.0000,0.0000,0.0000,0.0013,0.0627,0.5950,0.1705,0.1705,0.0001,0.0000
unfiltered/valid/035/925,6.493158320639194,7,0.0000,0.0000,0.0000,0.0001,0.0093,0.1462,0.1877,0.6551,0.0016,0.0000
unfiltered/valid/035/958,6.040755683341544,7,0.0000,0.0000,0.0000,0.0004,0.0276,0.3360,0.2038,0.4314,0.0008,0.0000
unfiltered/valid/035/63,5.247366561118952,5,0.0000,0.0000,0.0000,0.0026,0.1103,0.6349,0.1417,0.1103,0.0002,0.0000
unfiltered/valid/035/603,6.628380492132661,7,0.0000,0.0000,0.0000,0.0000,0.0038,0.0991,0.1633,0.7321,0.0016,0.0000
unfiltered/valid/035/236,5.681879856765339,5,0.0000,0.0000,0.0000,0.0019,0.0640,0.4727,0.1739,0.2867,0.0008,0.0000
unfiltered/valid/035/589,5.7411098752609515,5,0.0000,0.0000,0.0000,0.0006,0.0379,0.4623,0.2184,0.2804,0.0004,0.0000
unfiltered/valid/035/419,5.72170936761747,5,0.0000,0.0000,0.0000,0.0010,0.0482,0.4571,0.2159,0.2773,0.0005,0.0000
unfiltered/valid/035/692,4.919349456491606,5,0.0000,0.0000,0.0000,0.0091,0.2344,0.6371,0.0671,0.0523,0.0001,0.0000
unfiltered/valid/035/656,5.098235783765617,5,0.0000,0.0000,0.0000,0.0045,0.1479,0.6626,0.1151,0.0698,0.0001,0.0000
unfiltered/valid/035/639,6.130355665325129,7,0.0000,0.0000,0.0000,0.0002,0.0220,0.2678,0.2678,0.4415,0.0007,0.0000
unfiltered/valid/035/353,6.158079172335145,7,0.0000,0.0000,0.0000,0.0004,0.0192,0.3008,0.1824,0.4959,0.0012,0.0000
unfiltered/valid/035/469,6.245027154110835,7,0.0000,0.0000,0.0000,0.0002,0.0119,0.2398,0.2398,0.5076,0.0008,0.0000
unfiltered/valid/035/947,5.343511383489849,5,0.0000,0.0000,0.0000,0.0048,0.1236,0.5540,0.1587,0.1587,0.0002,0.0000
unfiltered/valid/035/534,6.4339199590131955,7,0.0000,0.0000,0.0000,0.0001,0.0090,0.1802,0.1802,0.6288,0.0018,0.0000
unfiltered/valid/036/421,6.2515779436540395,7,0.0000,0.0000,0.0000,0.0003,0.0161,0.2521,0.1963,0.5337,0.0015,0.0000
unfiltered/valid/036/705,6.038292797448117,7,0.0000,0.0000,0.0000,0.0003,0.0261,0.3177,0.2474,0.4079,0.0005,0.0000
unfiltered/valid/036/297,5.246386664584099,5,0.0000,0.0000,0.0000,0.0029,0.1103,0.6347,0.1416,0.1103,0.0001,0.0000
unfiltered/valid/036/625,5.069439674104739,5,0.0000,0.0000,0.0000,0.0040,0.1503,0.6734,0.1170,0.0553,0.0000,0.0000
unfiltered/valid/036/613,6.492822102466127,7,0.0000,0.0000,0.0000,0.0001,0.0093,0.1462,0.1877,0.6552,0.0014,0.0000
unfiltered/valid/036/600,6.4978244460521974,7,0.0000,0.0000,0.0000,0.0001,0.0073,0.1465,0.1881,0.6567,0.0013,0.0000
unfiltered/valid/036/478,6.690788608035468,7,0.0000,0.0000,0.0000,0.0001,0.0046,0.0817,0.1348,0.7756,0.0032,0.0000
unfiltered/valid/036/873,6.150046933715995,7,0.0000,0.0000,0.0000,0.0003,0.0183,0.2861,0.2228,0.4717,0.0009,0.0000
unfiltered/valid/036/411,5.792630560594279,5,0.0000,0.0000,0.0000,0.0012,0.0566,0.4181,0.1975,0.3257,0.0009,0.0000
unfiltered/valid/036/762,6.319135628534427,7,0.0000,0.0000,0.0000,0.0001,0.0111,0.1974,0.2535,0.5366,0.0013,0.0000
unfiltered/valid/036/83,6.130664682052956,7,0.0000,0.0000,0.0000,0.0004,0.0220,0.2676,0.2676,0.4413,0.0011,0.0000
unfiltered/valid/036/485,6.227936788989382,7,0.0000,0.0000,0.0000,0.0002,0.0195,0.2379,0.2379,0.5036,0.0010,0.0000
unfiltered/valid/036/350,5.026273675727296,5,0.0000,0.0000,0.0000,0.0064,0.1864,0.6505,0.0880,0.0686,0.0001,0.0000
unfiltered/valid/036/77,5.446802139098422,5,0.0000,0.0000,0.0000,0.0016,0.0755,0.5578,0.2052,0.1598,0.0002,0.0000
unfiltered/valid/036/915,5.721791214431554,5,0.0000,0.0000,0.0000,0.0009,0.0482,0.4572,0.2160,0.2773,0.0004,0.0000
unfiltered/valid/036/766,6.57307994718091,7,0.0000,0.0000,0.0000,0.0001,0.0079,0.1232,0.1582,0.7089,0.0018,0.0000
unfiltered/valid/036/445,6.692301957358312,7,0.0000,0.0000,0.0000,0.0001,0.0041,0.0818,0.1349,0.7761,0.0032,0.0000
unfiltered/valid/037/477,6.334357242634388,7,0.0000,0.0000,0.0000,0.0002,0.0133,0.2088,0.2088,0.5675,0.0014,0.0000
unfiltered/valid/037/850,6.240355506988494,7,0.0000,0.0000,0.0000,0.0004,0.0206,0.2510,0.1955,0.5314,0.0012,0.0000
unfiltered/valid/037/158,6.334147544862179,7,0.0000,0.0000,0.0000,0.0001,0.0133,0.2088,0.2088,0.5676,0.0012,0.0000
unfiltered/valid/037/969,5.917594271686654,5,0.0000,0.0000,0.0000,0.0006,0.0408,0.3875,0.1830,0.3875,0.0005,0.0000
unfiltered/valid/037/374,6.038375711170917,7,0.0000,0.0000,0.0000,0.0004,0.0261,0.3176,0.2473,0.4078,0.0008,0.0000
unfiltered/valid/037/277,6.627305944543655,7,0.0000,0.0000,0.0000,0.0001,0.0043,0.0990,0.1632,0.7315,0.0018,0.0000
unfiltered/valid/037/407,6.124705474078025,7,0.0000,0.0000,0.0000,0.0005,0.0298,0.2825,0.2200,0.4658,0.0013,0.0000
unfiltered/valid/037/373,5.564760617188537,5,0.0000,0.0000,0.0000,0.0010,0.0541,0.5133,0.2425,0.1888,0.0002,0.0000
unfiltered/valid/037/634,5.618249901651673,5,0.0000,0.0000,0.0000,0.0013,0.0541,0.5131,0.1887,0.2424,0.0005,0.0000
unfiltered/valid/037/488,6.493055152163673,7,0.0000,0.0000,0.0000,0.0001,0.0093,0.1462,0.1877,0.6551,0.0016,0.0000
unfiltered/valid/037/442,6.723545356167018,7,0.0000,0.0000,0.0000,0.0000,0.0037,0.0650,0.1375,0.7915,0.0022,0.0000
unfiltered/valid/037/249,5.064266625066062,5,0.0000,0.0000,0.0000,0.0096,0.1509,0.6764,0.0915,0.0713,0.0001,0.0000
unfiltered/valid/038/339,6.42972845502052,7,0.0000,0.0000,0.0000,0.0001,0.0102,0.1801,0.1801,0.6286,0.0009,0.0000
unfiltered/valid/038/115,5.78292773562445,5,0.0000,0.0000,0.0000,0.0010,0.0592,0.4376,0.1610,0.3408,0.0005,0.0000
unfiltered/valid/038/9,5.63738470818826,5,0.0000,0.0000,0.0000,0.0011,0.0513,0.4872,0.2301,0.2301,0.0002,0.0000
unfiltered/valid/038/216,5.9389650765105,5,0.0000,0.0000,0.0000,0.0004,0.0305,0.3715,0.2254,0.3715,0.0006,0.0000
unfiltered/valid/038/913,6.427484523913914,7,0.0000,0.0000,0.0000,0.0002,0.0115,0.1797,0.1797,0.6272,0.0018,0.0000
unfiltered/valid/038/258,6.241010243676011,7,0.0000,0.0000,0.0000,0.0003,0.0206,0.2510,0.1955,0.5314,0.0013,0.0000
unfiltered/valid/038/598,6.645863791915053,7,0.0000,0.0000,0.0000,0.0001,0.0065,0.1024,0.1315,0.7569,0.0024,0.0000
unfiltered/valid/038/672,6.713116953715815,7,0.0000,0.0000,0.0000,0.0000,0.0042,0.0843,0.1083,0.8002,0.0029,0.0000
unfiltered/valid/038/788,5.921802673292371,5,0.0000,0.0000,0.0000,0.0006,0.0388,0.3683,0.2234,0.3683,0.0006,0.0000
unfiltered/valid/038/527,6.822007484342658,7,0.0000,0.0000,0.0000,0.0000,0.0015,0.0429,0.0908,0.8617,0.0031,0.0000
unfiltered/valid/038/969,6.5541240063758455,7,0.0000,0.0000,0.0000,0.0001,0.0052,0.1182,0.1949,0.6803,0.0013,0.0000
unfiltered/valid/038/884,6.4060239651725235,7,0.0000,0.0000,0.0000,0.0001,0.0109,0.1711,0.2196,0.5971,0.0012,0.0000
unfiltered/valid/038/933,6.468102854181019,7,0.0000,0.0000,0.0000,0.0001,0.0089,0.1388,0.2288,0.6219,0.0015,0.0000
unfiltered/valid/038/94,5.2079611021035355,5,0.0000,0.0000,0.0000,0.0028,0.0934,0.6903,0.1200,0.0934,0.0001,0.0000
unfiltered/valid/038/324,5.698112560533777,5,0.0000,0.0000,0.0000,0.0011,0.0610,0.4509,0.2130,0.2735,0.0005,0.0000
unfiltered/valid/038/974,6.227236966221175,7,0.0000,0.0000,0.0000,0.0003,0.0195,0.2379,0.2379,0.5036,0.0008,0.0000
unfiltered/valid/038/529,6.495357644021569,7,0.0000,0.0000,0.0000,0.0001,0.0083,0.1464,0.1880,0.6560,0.0013,0.0000
unfiltered/valid/038/833,6.154859601698039,7,0.0000,0.0000,0.0000,0.0002,0.0162,0.2867,0.2233,0.4727,0.0009,0.0000
unfiltered/valid/038/792,5.386358815893695,5,0.0000,0.0000,0.0000,0.0011,0.0652,0.6184,0.1772,0.1380,0.0002,0.0000
unfiltered/valid/038/548,5.040910372999389,5,0.0000,0.0000,0.0000,0.0060,0.1540,0.6900,0.0934,0.0566,0.0001,0.0000
unfiltered/valid/038/175,5.707394515041836,5,0.0000,0.0000,0.0000,0.0011,0.0506,0.4801,0.1766,0.2912,0.0003,0.0000
unfiltered/valid/038/256,6.405961291295014,7,0.0000,0.0000,0.0000,0.0002,0.0109,0.1711,0.2196,0.5971,0.0012,0.0000
unfiltered/valid/039/195,5.715214735433953,5,0.0000,0.0000,0.0000,0.0011,0.0575,0.4252,0.2579,0.2579,0.0004,0.0000
unfiltered/valid/039/862,5.170121782614848,5,0.0000,0.0000,0.0000,0.0029,0.0954,0.7049,0.1225,0.0743,0.0001,0.0000
unfiltered/valid/039/900,6.149616586969722,7,0.0000,0.0000,0.0000,0.0002,0.0183,0.2862,0.2229,0.4718,0.0006,0.0000
unfiltered/valid/039/882,6.489607449139312,7,0.0000,0.0000,0.0000,0.0002,0.0106,0.1460,0.1875,0.6544,0.0014,0.0000
unfiltered/valid/039/930,6.149474954923489,7,0.0000,0.0000,0.0000,0.0004,0.0183,0.2861,0.2228,0.4717,0.0008,0.0000
unfiltered/valid/039/66,5.5395982325295305,5,0.0000,0.0000,0.0000,0.0013,0.0571,0.5422,0.1995,0.1995,0.0003,0.0000
unfiltered/valid/039/584,5.74130734901622,5,0.0000,0.0000,0.0000,0.0005,0.0380,0.4623,0.2184,0.2804,0.0004,0.0000
unfiltered/valid/039/828,6.493055489701532,7,0.0000,0.0000,0.0000,0.0001,0.0093,0.1462,0.1877,0.6551,0.0016,0.0000
unfiltered/valid/039/435,5.280302029155465,5,0.0000,0.0000,0.0000,0.0018,0.0882,0.6514,0.1453,0.1132,0.0001,0.0000
unfiltered/valid/039/750,6.575938891754259,7,0.0000,0.0000,0.0000,0.0001,0.0070,0.1233,0.1583,0.7094,0.0020,0.0000
unfiltered/valid/039/194,6.324948302677964,7,0.0000,0.0000,0.0000,0.0002,0.0171,0.2081,0.2081,0.5655,0.0011,0.0000
unfiltered/valid/039/716,5.921914015147033,5,0.0000,0.0000,0.0000,0.0006,0.0388,0.3682,0.2234,0.3682,0.0007,0.0000
unfiltered/valid/039/714,6.646840987447008,7,0.0000,0.0000,0.0000,0.0001,0.0065,0.1024,0.1314,0.7564,0.0031,0.0000
unfiltered/valid/039/310,5.601697428956101,5,0.0000,0.0000,0.0000,0.0010,0.0565,0.5357,0.1535,0.2531,0.0002,0.0000
unfiltered/valid/040/919,6.549230073246609,7,0.0000,0.0000,0.0000,0.0001,0.0075,0.1178,0.1943,0.6781,0.0022,0.0000
unfiltered/valid/040/748,6.145192338115779,7,0.0000,0.0000,0.0000,0.0002,0.0152,0.2697,0.2697,0.4446,0.0007,0.0000
unfiltered/valid/040/494,5.618910732355546,5,0.0000,0.0000,0.0000,0.0008,0.0541,0.5135,0.1889,0.2425,0.0002,0.0000
unfiltered/valid/040/921,5.834404561042454,5,0.0000,0.0000,0.0000,0.0006,0.0351,0.4280,0.2022,0.3334,0.0006,0.0000
unfiltered/valid/040/647,5.698416714388472,5,0.0000,0.0000,0.0000,0.0011,0.0610,0.4508,0.2130,0.2735,0.0006,0.0000
unfiltered/valid/040/498,5.618202233464589,5,0.0000,0.0000,0.0000,0.0011,0.0541,0.5132,0.1888,0.2424,0.0003,0.0000
unfiltered/valid/040/937,5.618118889187215,5,0.0000,0.0000,0.0000,0.0013,0.0541,0.5131,0.1888,0.2424,0.0004,0.0000
unfiltered/valid/040/46,6.2288552324188275,7,0.0000,0.0000,0.0000,0.0003,0.0195,0.2377,0.2377,0.5032,0.0016,0.0000
unfiltered/valid/040/816,5.857446124884024,5,0.0000,0.0000,0.0000,0.0004,0.0261,0.4079,0.2474,0.3177,0.0005,0.0000
unfiltered/valid/040/546,6.334509835393908,7,0.0000,0.0000,0.0000,0.0002,0.0133,0.2087,0.2087,0.5674,0.0016,0.0000
unfiltered/valid/040/979,6.228166199087447,7,0.0000,0.0000,0.0000,0.0002,0.0195,0.2378,0.2378,0.5035,0.0011,0.0000
unfiltered/valid/040/149,5.518486062898328,5,0.0000,0.0000,0.0000,0.0012,0.0598,0.5674,0.1626,0.2087,0.0002,0.0000
unfiltered/valid/040/104,6.556619158875794,7,0.0000,0.0000,0.0000,0.0000,0.0046,0.1182,0.1949,0.6803,0.0019,0.0000
unfiltered/valid/040/276,6.149813423075747,7,0.0000,0.0000,0.0000,0.0003,0.0183,0.2861,0.2228,0.4716,0.0009,0.0000
unfiltered/valid/040/228,4.647753910666733,5,0.0000,0.0000,0.0000,0.0178,0.3576,0.5895,0.0293,0.0058,0.0000,0.0000
unfiltered/valid/040/121,6.314152968776587,7,0.0000,0.0000,0.0000,0.0003,0.0218,0.2069,0.2069,0.5625,0.0016,0.0000
unfiltered/valid/040/605,6.426946130916496,7,0.0000,0.0000,0.0000,0.0002,0.0115,0.1798,0.1798,0.6274,0.0014,0.0000
unfiltered/valid/040/966,5.922319569032727,5,0.0000,0.0000,0.0000,0.0005,0.0388,0.3683,0.2234,0.3683,0.0007,0.0000
unfiltered/valid/041/63,5.359039774705485,5,0.0000,0.0000,0.0000,0.0019,0.0821,0.6066,0.1738,0.1354,0.0002,0.0000
unfiltered/valid/041/427,6.3410137541330105,7,0.0000,0.0000,0.0000,0.0006,0.0237,0.2252,0.1366,0.6121,0.0017,0.0000
unfiltered/valid/041/282,6.0233581054791365,7,0.0000,0.0000,0.0000,0.0007,0.0351,0.3334,0.2022,0.4280,0.0006,0.0000
unfiltered/valid/041/676,5.939138566772333,5,0.0000,0.0000,0.0000,0.0004,0.0305,0.3715,0.2253,0.3715,0.0007,0.0000
unfiltered/valid/041/184,5.333866326424287,5,0.0000,0.0000,0.0000,0.0018,0.0854,0.6311,0.1408,0.1408,0.0001,0.0000
unfiltered/valid/041/779,5.358489190812993,5,0.0000,0.0000,0.0000,0.0022,0.0821,0.6065,0.1738,0.1353,0.0002,0.0000
unfiltered/valid/041/783,6.573467349609985,7,0.0000,0.0000,0.0000,0.0001,0.0079,0.1232,0.1581,0.7087,0.0020,0.0000
unfiltered/valid/041/395,6.555511543697707,7,0.0000,0.0000,0.0000,0.0001,0.0046,0.1183,0.1951,0.6808,0.0012,0.0000
unfiltered/valid/041/959,5.328022595391236,5,0.0000,0.0000,0.0000,0.0019,0.1030,0.5928,0.1698,0.1323,0.0001,0.0000
unfiltered/valid/041/693,5.922871553013465,5,0.0000,0.0000,0.0000,0.0006,0.0388,0.3681,0.2233,0.3681,0.0012,0.0000
unfiltered/valid/041/369,6.644983918519595,7,0.0000,0.0000,0.0000,0.0001,0.0074,0.1022,0.1313,0.7554,0.0035,0.0000
unfiltered/valid/041/215,6.664870212005304,7,0.0000,0.0000,0.0000,0.0001,0.0050,0.0786,0.1664,0.7459,0.0039,0.0000
unfiltered/valid/042/859,6.050001319459325,7,0.0000,0.0000,0.0000,0.0003,0.0204,0.3195,0.2489,0.4103,0.0005,0.0000
unfiltered/valid/042/438,5.515137930049069,5,0.0000,0.0000,0.0000,0.0012,0.0722,0.5337,0.1963,0.1963,0.0002,0.0000
unfiltered/valid/042/886,5.279075671894439,5,0.0000,0.0000,0.0000,0.0023,0.0881,0.6510,0.1453,0.1131,0.0001,0.0000
unfiltered/valid/042/867,6.647690321341669,7,0.0000,0.0000,0.0000,0.0001,0.0058,0.1026,0.1317,0.7578,0.0021,0.0000
unfiltered/valid/042/89,5.708388910414694,5,0.0000,0.0000,0.0000,0.0007,0.0506,0.4803,0.1767,0.2913,0.0004,0.0000
unfiltered/valid/042/150,5.387070830057422,5,0.0000,0.0000,0.0000,0.0026,0.0992,0.5708,0.1635,0.1635,0.0003,0.0000
unfiltered/valid/042/49,4.468015421746668,4,0.0000,0.0000,0.0000,0.0388,0.4725,0.4725,0.0143,0.0019,0.0000,0.0000
unfiltered/valid/042/815,5.938602116547559,5,0.0000,0.0000,0.0000,0.0006,0.0305,0.3715,0.2253,0.3715,0.0006,0.0000
unfiltered/valid/042/387,6.255006969067706,7,0.0000,0.0000,0.0000,0.0002,0.0143,0.2527,0.1968,0.5351,0.0009,0.0000
unfiltered/valid/042/261,5.9214963431139935,5,0.0000,0.0000,0.0000,0.0007,0.0388,0.3682,0.2234,0.3682,0.0006,0.0000
unfiltered/valid/042/894,4.627332325518324,5,0.0000,0.0000,0.0000,0.0290,0.3537,0.5832,0.0290,0.0050,0.0000,0.0000
unfiltered/valid/042/969,5.3061553071396945,5,0.0000,0.0000,0.0000,0.0016,0.0700,0.6645,0.1483,0.1155,0.0001,0.0000
unfiltered/valid/042/536,6.33716813903942,7,0.0000,0.0000,0.0000,0.0001,0.0118,0.2092,0.2092,0.5687,0.0009,0.0000
unfiltered/valid/042/202,5.83497559233075,5,0.0000,0.0000,0.0000,0.0004,0.0351,0.4281,0.2022,0.3334,0.0006,0.0000
unfiltered/valid/042/773,5.935154073273541,5,0.0000,0.0000,0.0000,0.0005,0.0321,0.3911,0.1847,0.3911,0.0005,0.0000
unfiltered/valid/042/585,4.5326962337214605,5,0.0000,0.0000,0.0000,0.0431,0.4085,0.5245,0.0203,0.0035,0.0000,0.0000
unfiltered/valid/042/226,5.419971275617947,5,0.0000,0.0000,0.0000,0.0019,0.0791,0.5841,0.1674,0.1674,0.0002,0.0000
unfiltered/valid/042/614,6.24077174375927,7,0.0000,0.0000,0.0000,0.0003,0.0206,0.2510,0.1955,0.5313,0.0013,0.0000
unfiltered/valid/042/327,5.83416104378816,5,0.0000,0.0000,0.0000,0.0005,0.0352,0.4282,0.2023,0.3335,0.0003,0.0000
unfiltered/valid/042/136,5.938448216083503,5,0.0000,0.0000,0.0000,0.0006,0.0305,0.3715,0.2253,0.3715,0.0006,0.0000
unfiltered/valid/042/110,6.727629596915413,7,0.0000,0.0000,0.0000,0.0000,0.0029,0.0649,0.1375,0.7911,0.0037,0.0000
unfiltered/valid/043/169,5.697710860778447,5,0.0000,0.0000,0.0000,0.0013,0.0610,0.4508,0.2130,0.2734,0.0005,0.0000
unfiltered/valid/043/390,6.325847282385828,7,0.0000,0.0000,0.0000,0.0003,0.0171,0.2079,0.2079,0.5651,0.0018,0.0000
unfiltered/valid/043/652,5.657779067152203,5,0.0000,0.0000,0.0000,0.0006,0.0405,0.4930,0.2329,0.2329,0.0003,0.0000
unfiltered/valid/043/568,5.35855250867009,5,0.0000,0.0000,0.0000,0.0022,0.0821,0.6065,0.1738,0.1353,0.0002,0.0000
unfiltered/valid/043/306,6.627637116527712,7,0.0000,0.0000,0.0000,0.0001,0.0043,0.0990,0.1632,0.7314,0.0021,0.0000
unfiltered/valid/043/142,6.4978621461181065,7,0.0000,0.0000,0.0000,0.0001,0.0073,0.1465,0.1881,0.6567,0.0013,0.0000
unfiltered/valid/043/581,6.237219477412055,7,0.0000,0.0000,0.0000,0.0002,0.0153,0.2390,0.2390,0.5059,0.0007,0.0000
unfiltered/valid/043/210,6.409174568319873,7,0.0000,0.0000,0.0000,0.0001,0.0097,0.1713,0.2199,0.5978,0.0012,0.0000
unfiltered/valid/043/250,5.0683204751996485,5,0.0000,0.0000,0.0000,0.0045,0.1502,0.6730,0.1170,0.0552,0.0000,0.0000
unfiltered/valid/043/413,6.576744558492429,7,0.0000,0.0000,0.0000,0.0001,0.0070,0.1232,0.1582,0.7090,0.0026,0.0000
unfiltered/valid/043/445,5.614020933274359,5,0.0000,0.0000,0.0000,0.0012,0.0650,0.4800,0.2267,0.2267,0.0004,0.0000
unfiltered/valid/043/40,5.7085313909278925,5,0.0000,0.0000,0.0000,0.0008,0.0506,0.4801,0.1766,0.2912,0.0006,0.0000
unfiltered/valid/043/875,4.864061861117345,5,0.0000,0.0000,0.0000,0.0073,0.2415,0.6565,0.0692,0.0255,0.0000,0.0000
unfiltered/valid/043/712,6.496428032122887,7,0.0000,0.0000,0.0000,0.0002,0.0083,0.1463,0.1878,0.6555,0.0021,0.0000
unfiltered/valid/043/997,5.176625532371748,5,0.0000,0.0000,0.0000,0.0062,0.1412,0.6326,0.1099,0.1099,0.0001,0.0000
unfiltered/valid/043/134,6.626826195052361,7,0.0000,0.0000,0.0000,0.0001,0.0049,0.0989,0.1630,0.7305,0.0026,0.0000
unfiltered/valid/044/421,6.433053992749711,7,0.0000,0.0000,0.0000,0.0001,0.0090,0.1803,0.1803,0.6292,0.0012,0.0000
unfiltered/valid/044/759,5.893435857542377,5,0.0000,0.0000,0.0000,0.0016,0.0518,0.3826,0.1807,0.3826,0.0008,0.0000
unfiltered/valid/044/610,6.841449589248476,7,0.0000,0.0000,0.0000,0.0000,0.0012,0.0337,0.0916,0.8695,0.0040,0.0000
unfiltered/valid/044/147,5.334312066405673,5,0.0000,0.0000,0.0000,0.0016,0.0854,0.6312,0.1408,0.1408,0.0001,0.0000
unfiltered/valid/044/159,6.498599388910668,7,0.0000,0.0000,0.0000,0.0001,0.0073,0.1464,0.1880,0.6563,0.0018,0.0000
unfiltered/valid/044/45,4.792415170578579,5,0.0000,0.0000,0.0000,0.0110,0.2513,0.6830,0.0437,0.0110,0.0000,0.0000
unfiltered/valid/044/869,6.548766326561462,7,0.0000,0.0000,0.0000,0.0001,0.0075,0.1179,0.1943,0.6783,0.0019,0.0000
unfiltered/valid/044/253,5.756281592026141,5,0.0000,0.0000,0.0000,0.0004,0.0298,0.4663,0.2203,0.2828,0.0003,0.0000
unfiltered/valid/044/44,5.446632955728697,5,0.0000,0.0000,0.0000,0.0016,0.0755,0.5578,0.2052,0.1598,0.0001,0.0000
unfiltered/valid/044/550,6.725383599197425,7,0.0000,0.0000,0.0000,0.0000,0.0037,0.0649,0.1374,0.7904,0.0037,0.0000
unfiltered/valid/044/640,5.921496313117521,5,0.0000,0.0000,0.0000,0.0007,0.0388,0.3682,0.2234,0.3682,0.0006,0.0000
unfiltered/valid/044/722,6.692334030804143,7,0.0000,0.0000,0.0000,0.0000,0.0036,0.0819,0.1351,0.7772,0.0022,0.0000
unfiltered/valid/044/316,6.626464939552153,7,0.0000,0.0000,0.0000,0.0001,0.0049,0.0989,0.1631,0.7307,0.0023,0.0000
unfiltered/valid/045/975,6.250885422314562,7,0.0000,0.0000,0.0000,0.0003,0.0161,0.2522,0.1964,0.5339,0.0012,0.0000
unfiltered/valid/045/239,6.340357385607066,7,0.0000,0.0000,0.0000,0.0001,0.0104,0.2095,0.2095,0.5696,0.0008,0.0000
unfiltered/valid/045/650,6.516361326903359,7,0.0000,0.0000,0.0000,0.0001,0.0086,0.1528,0.1528,0.6847,0.0010,0.0000
unfiltered/valid/045/933,6.149937411763989,7,0.0000,0.0000,0.0000,0.0003,0.0183,0.2861,0.2228,0.4716,0.0009,0.0000
unfiltered/valid/045/954,5.834372800847511,5,0.0000,0.0000,0.0000,0.0005,0.0351,0.4282,0.2023,0.3335,0.0004,0.0000
unfiltered/valid/045/478,5.815463133383325,5,0.0000,0.0000,0.0000,0.0008,0.0447,0.4238,0.2002,0.3300,0.0005,0.0000
unfiltered/valid/045/256,6.3331933147058255,7,0.0000,0.0000,0.0000,0.0002,0.0134,0.2089,0.2089,0.5679,0.0008,0.0000
unfiltered/valid/045/683,6.3409276457661745,7,0.0000,0.0000,0.0000,0.0001,0.0104,0.2095,0.2095,0.5694,0.0011,0.0000
unfiltered/valid/045/57,5.9385059477821285,5,0.0000,0.0000,0.0000,0.0005,0.0305,0.3716,0.2254,0.3716,0.0005,0.0000
unfiltered/valid/045/911,6.777584164742703,7,0.0000,0.0000,0.0000,0.0000,0.0023,0.0530,0.1122,0.8294,0.0030,0.0000
unfiltered/valid/045/404,5.738676696777835,5,0.0000,0.0000,0.0000,0.0005,0.0454,0.4310,0.2614,0.2614,0.0003,0.0000
unfiltered/valid/045/603,5.80691565531567,5,0.0000,0.0000,0.0000,0.0010,0.0467,0.4433,0.1631,0.3452,0.0007,0.0000
unfiltered/valid/045/449,6.0245742135241,7,0.0000,0.0000,0.0000,0.0006,0.0351,0.3333,0.2021,0.4279,0.0009,0.0000
unfiltered/valid/046/57,6.138705148647728,7,0.0000,0.0000,0.0000,0.0003,0.0234,0.2846,0.2216,0.4692,0.0009,0.0000
unfiltered/valid/046/375,6.258441029813493,7,0.0000,0.0000,0.0000,0.0002,0.0126,0.2532,0.1972,0.5361,0.0006,0.0000
unfiltered/valid/046/913,5.175940600398173,5,0.0000,0.0000,0.0000,0.0031,0.1168,0.6722,0.1168,0.0910,0.0001,0.0000
unfiltered/valid/046/543,6.12409803138058,7,0.0000,0.0000,0.0000,0.0004,0.0298,0.2827,0.2202,0.4662,0.0007,0.0000
unfiltered/valid/046/843,5.334659172048157,5,0.0000,0.0000,0.0000,0.0014,0.0672,0.6377,0.1827,0.1108,0.0001,0.0000
unfiltered/valid/046/740,5.9427787974591775,5,0.0000,0.0000,0.0000,0.0004,0.0287,0.3492,0.2720,0.3492,0.0006,0.0000
unfiltered/valid/046/300,6.040535285217415,7,0.0000,0.0000,0.0000,0.0003,0.0276,0.3361,0.2038,0.4315,0.0006,0.0000
unfiltered/valid/046/98,6.443672161944541,7,0.0000,0.0000,0.0000,0.0002,0.0120,0.1873,0.1459,0.6538,0.0009,0.0000
unfiltered/valid/046/419,6.728272708837065,7,0.0000,0.0000,0.0000,0.0000,0.0020,0.0651,0.1378,0.7929,0.0022,0.0000
unfiltered/valid/046/246,5.244860500134494,5,0.0000,0.0000,0.0000,0.0038,0.1102,0.6341,0.1415,0.1102,0.0002,0.0000
unfiltered/valid/046/821,6.138886461598832,7,0.0000,0.0000,0.0000,0.0004,0.0234,0.2845,0.2216,0.4690,0.0012,0.0000
unfiltered/valid/046/248,5.938826401932697,5,0.0000,0.0000,0.0000,0.0004,0.0305,0.3716,0.2254,0.3716,0.0005,0.0000
unfiltered/valid/046/700,6.39934846309461,7,0.0000,0.0000,0.0000,0.0002,0.0140,0.1704,0.2188,0.5949,0.0017,0.0000
unfiltered/valid/046/610,6.499546837410381,7,0.0000,0.0000,0.0000,0.0001,0.0073,0.1464,0.1879,0.6560,0.0024,0.0000
unfiltered/valid/046/139,6.158765531222079,7,0.0000,0.0000,0.0000,0.0002,0.0143,0.2873,0.2237,0.4737,0.0008,0.0000
unfiltered/valid/046/212,5.682633204525567,5,0.0000,0.0000,0.0000,0.0013,0.0640,0.4732,0.1741,0.2870,0.0004,0.0000
unfiltered/valid/046/210,5.275568613009355,5,0.0000,0.0000,0.0000,0.0028,0.1060,0.6102,0.1748,0.1060,0.0001,0.0000
unfiltered/valid/046/203,6.1382296906192595,7,0.0000,0.0000,0.0000,0.0005,0.0234,0.2845,0.2216,0.4691,0.0009,0.0000
unfiltered/valid/046/515,5.740344589748918,5,0.0000,0.0000,0.0000,0.0009,0.0379,0.4622,0.2183,0.2803,0.0004,0.0000
unfiltered/valid/046/90,5.833722795739267,5,0.0000,0.0000,0.0000,0.0008,0.0351,0.4280,0.2022,0.3333,0.0006,0.0000
unfiltered/valid/046/432,5.721791147400321,5,0.0000,0.0000,0.0000,0.0009,0.0482,0.4572,0.2160,0.2773,0.0004,0.0000
unfiltered/valid/047/784,6.227321575916243,7,0.0000,0.0000,0.0000,0.0004,0.0263,0.2495,0.1943,0.5283,0.0012,0.0000
unfiltered/valid/047/467,5.94926244699486,5,0.0000,0.0000,0.0000,0.0005,0.0252,0.3938,0.1860,0.3938,0.0006,0.0000
unfiltered/valid/047/198,6.495357647463166,7,0.0000,0.0000,0.0000,0.0001,0.0083,0.1464,0.1880,0.6560,0.0013,0.0000
unfiltered/valid/047/142,6.251185709846167,7,0.0000,0.0000,0.0000,0.0002,0.0161,0.2522,0.1964,0.5339,0.0012,0.0000
unfiltered/valid/047/446,5.1096147767171125,5,0.0000,0.0000,0.0000,0.0025,0.1212,0.6977,0.1212,0.0573,0.0000,0.0000
unfiltered/valid/047/688,6.228401786594039,7,0.0000,0.0000,0.0000,0.0003,0.0195,0.2377,0.2377,0.5033,0.0014,0.0000
unfiltered/valid/047/905,5.657659854029829,5,0.0000,0.0000,0.0000,0.0007,0.0405,0.4929,0.2328,0.2328,0.0003,0.0000
unfiltered/valid/047/777,6.040564130409334,7,0.0000,0.0000,0.0000,0.0004,0.0276,0.3360,0.2038,0.4315,0.0007,0.0000
unfiltered/valid/047/128,5.521017405856829,5,0.0000,0.0000,0.0000,0.0033,0.1077,0.4828,0.1776,0.2281,0.0005,0.0000
unfiltered/valid/047/780,6.1390440313570895,7,0.0000,0.0000,0.0000,0.0004,0.0234,0.2845,0.2216,0.4691,0.0012,0.0000
unfiltered/valid/047/429,5.307641098645664,5,0.0000,0.0000,0.0000,0.0023,0.0846,0.6252,0.1791,0.1086,0.0001,0.0000
unfiltered/valid/047/987,6.251270201509942,7,0.0000,0.0000,0.0000,0.0003,0.0161,0.2521,0.1964,0.5338,0.0013,0.0000
unfiltered/valid/047/352,5.917514896585904,5,0.0000,0.0000,0.0000,0.0008,0.0408,0.3873,0.1829,0.3873,0.0008,0.0000
unfiltered/valid/047/832,5.942639707530182,5,0.0000,0.0000,0.0000,0.0005,0.0287,0.3491,0.2719,0.3491,0.0007,0.0000
unfiltered/valid/047/291,6.69229257615011,7,0.0000,0.0000,0.0000,0.0001,0.0036,0.0819,0.1351,0.7772,0.0022,0.0000
unfiltered/valid/047/888,6.486456801231699,7,0.0000,0.0000,0.0000,0.0001,0.0120,0.1458,0.1872,0.6533,0.0016,0.0000
unfiltered/valid/047/100,6.038033779918936,7,0.0000,0.0000,0.0000,0.0004,0.0261,0.3176,0.2474,0.4079,0.0006,0.0000
unfiltered/valid/047/779,6.399634313740461,7,0.0000,0.0000,0.0000,0.0002,0.0140,0.1704,0.2188,0.5947,0.0019,0.0000
unfiltered/valid/048/119,6.325180735085358,7,0.0000,0.0000,0.0000,0.0003,0.0171,0.2080,0.2080,0.5653,0.0014,0.0000
unfiltered/valid/048/689,5.307681174147266,5,0.0000,0.0000,0.0000,0.0023,0.0846,0.6252,0.1791,0.1086,0.0001,0.0000
unfiltered/valid/048/84,5.834241178183893,5,0.0000,0.0000,0.0000,0.0006,0.0351,0.4281,0.2022,0.3334,0.0006,0.0000
unfiltered/valid/048/105,6.340876603268231,7,0.0000,0.0000,0.0000,0.0001,0.0104,0.2095,0.2095,0.5694,0.0011,0.0000
unfiltered/valid/048/181,6.802461790685935,7,0.0000,0.0000,0.0000,0.0000,0.0016,0.0418,0.1135,0.8387,0.0044,0.0000
unfiltered/valid/048/407,5.93521980891026,5,0.0000,0.0000,0.0000,0.0006,0.0321,0.3910,0.1847,0.3910,0.0006,0.0000
unfiltered/valid/048/460,5.921589936760216,5,0.0000,0.0000,0.0000,0.0008,0.0388,0.3681,0.2233,0.3681,0.0008,0.0000
unfiltered/valid/048/92,6.84059529216131,7,0.0000,0.0000,0.0000,0.0000,0.0019,0.0336,0.0915,0.8678,0.0052,0.0000
unfiltered/valid/048/298,6.149937407175282,7,0.0000,0.0000,0.0000,0.0003,0.0183,0.2861,0.2228,0.4716,0.0009,0.0000
unfiltered/valid/048/595,6.237830320960413,7,0.0000,0.0000,0.0000,0.0002,0.0153,0.2389,0.2389,0.5057,0.0011,0.0000
unfiltered/valid/048/541,5.9522496580993,5,0.0000,0.0000,0.0000,0.0003,0.0239,0.3742,0.2269,0.3742,0.0005,0.0000
unfiltered/valid/048/432,6.138332081366777,7,0.0000,0.0000,0.0000,0.0003,0.0234,0.2846,0.2217,0.4693,0.0007,0.0000
unfiltered/valid/048/410,6.777598318514616,7,0.0000,0.0000,0.0000,0.0000,0.0023,0.0530,0.1122,0.8294,0.0030,0.0000
unfiltered/valid/048/30,6.237456046174526,7,0.0000,0.0000,0.0000,0.0005,0.0275,0.2607,0.1581,0.5519,0.0014,0.0000
unfiltered/valid/048/121,5.204507432932025,5,0.0000,0.0000,0.0000,0.0021,0.1132,0.6512,0.1453,0.0881,0.0001,0.0000
unfiltered/valid/048/411,5.619043113222596,5,0.0000,0.0000,0.0000,0.0008,0.0541,0.5134,0.1889,0.2425,0.0003,0.0000
unfiltered/valid/048/596,5.4181858619625425,5,0.0000,0.0000,0.0000,0.0027,0.0790,0.5836,0.1672,0.1672,0.0003,0.0000
unfiltered/valid/049/80,6.325780161070944,7,0.0000,0.0000,0.0000,0.0002,0.0171,0.2079,0.2079,0.5653,0.0016,0.0000
unfiltered/valid/049/251,5.843244472300484,5,0.0000,0.0000,0.0000,0.0006,0.0332,0.4048,0.2455,0.3153,0.0005,0.0000
unfiltered/valid/049/926,6.325058690805589,7,0.0000,0.0000,0.0000,0.0003,0.0171,0.2080,0.2080,0.5653,0.0014,0.0000
unfiltered/valid/049/76,6.62235810347216,7,0.0000,0.0000,0.0000,0.0001,0.0063,0.0988,0.1629,0.7299,0.0021,0.0000
unfiltered/valid/049/123,5.833722886871201,5,0.0000,0.0000,0.0000,0.0008,0.0351,0.4280,0.2022,0.3333,0.0006,0.0000
unfiltered/valid/049/336,6.350378780931137,7,0.0000,0.0000,0.0000,0.0002,0.0140,0.2189,0.1705,0.5950,0.0015,0.0000
unfiltered/valid/049/217,6.495400503121629,7,0.0000,0.0000,0.0000,0.0001,0.0083,0.1464,0.1880,0.6560,0.0013,0.0000
unfiltered/valid/049/618,6.040534850463538,7,0.0000,0.0000,0.0000,0.0003,0.0276,0.3361,0.2038,0.4315,0.0006,0.0000
unfiltered/valid/049/608,5.561970511572635,5,0.0000,0.0000,0.0000,0.0018,0.0861,0.4954,0.1823,0.2340,0.0005,0.0000
unfiltered/valid/049/482,4.89495070408446,5,0.0000,0.0000,0.0000,0.0092,0.2371,0.6445,0.0679,0.0412,0.0000,0.0000
unfiltered/valid/049/299,5.5404046898445625,5,0.0000,0.0000,0.0000,0.0009,0.0572,0.5425,0.1996,0.1996,0.0002,0.0000
unfiltered/valid/049/680,6.040633250266119,7,0.0000,0.0000,0.0000,0.0005,0.0276,0.3359,0.2037,0.4313,0.0009,0.0000
unfiltered/valid/049/610,6.574320364458869,7,0.0000,0.0000,0.0000,0.0001,0.0079,0.1231,0.1581,0.7083,0.0026,0.0000
unfiltered/valid/049/268,6.237376732635838,7,0.0000,0.0000,0.0000,0.0002,0.0153,0.2390,0.2390,0.5059,0.0008,0.0000
unfiltered/valid/049/16,6.237619294271963,7,0.0000,0.0000,0.0000,0.0001,0.0153,0.2389,0.2389,0.5058,0.0009,0.0000
unfiltered/valid/049/770,5.308833158742988,5,0.0000,0.0000,0.0000,0.0018,0.0847,0.6255,0.1792,0.1087,0.0001,0.0000
unfiltered/valid/049/636,6.139183822483745,7,0.0000,0.0000,0.0000,0.0003,0.0234,0.2845,0.2216,0.4691,0.0012,0.0000
unfiltered/valid/049/958,6.7111145999029,7,0.0000,0.0000,0.0000,0.0001,0.0048,0.0843,0.1083,0.8000,0.0025,0.0000
unfiltered/valid/050/702,6.040564176506604,7,0.0000,0.0000,0.0000,0.0004,0.0276,0.3360,0.2038,0.4315,0.0007,0.0000
unfiltered/valid/050/834,5.8345004958649795,5,0.0000,0.0000,0.0000,0.0005,0.0351,0.4282,0.2022,0.3334,0.0005,0.0000
unfiltered/valid/050/73,6.690977789473525,7,0.0000,0.0000,0.0000,0.0001,0.0041,0.0819,0.1350,0.7768,0.0022,0.0000
unfiltered/valid/050/572,6.315999251769151,7,0.0000,0.0000,0.0000,0.0001,0.0126,0.1971,0.2530,0.5357,0.0015,0.0000
unfiltered/valid/050/894,5.205044649888023,5,0.0000,0.0000,0.0000,0.0018,0.1132,0.6514,0.1453,0.0882,0.0001,0.0000
unfiltered/valid/050/117,6.259321075748231,7,0.0000,0.0000,0.0000,0.0002,0.0126,0.2531,0.1971,0.5358,0.0012,0.0000
unfiltered/valid/050/470,6.595241565913076,7,0.0000,0.0000,0.0000,0.0001,0.0060,0.0944,0.1998,0.6975,0.0022,0.0000
unfiltered/valid/050/212,5.834070564138584,5,0.0000,0.0000,0.0000,0.0006,0.0351,0.4282,0.2023,0.3335,0.0004,0.0000
unfiltered/valid/050/966,6.625106439257709,7,0.0000,0.0000,0.0000,0.0001,0.0056,0.0988,0.1629,0.7300,0.0026,0.0000
unfiltered/valid/050/642,6.6452385275573755,7,0.0000,0.0000,0.0000,0.0001,0.0066,0.1025,0.1316,0.7574,0.0019,0.0000
unfiltered/valid/050/46,5.301240889311562,5,0.0000,0.0000,0.0000,0.0022,0.1070,0.6158,0.1374,0.1374,0.0002,0.0000
unfiltered/valid/050/543,6.040659186641079,7,0.0000,0.0000,0.0000,0.0003,0.0276,0.3361,0.2038,0.4315,0.0006,0.0000
unfiltered/valid/050/531,6.141328432268077,7,0.0000,0.0000,0.0000,0.0002,0.0172,0.2690,0.2690,0.4435,0.0010,0.0000
unfiltered/valid/050/486,5.131179285160807,5,0.0000,0.0000,0.0000,0.0064,0.1447,0.6484,0.1127,0.0878,0.0001,0.0000
unfiltered/valid/050/612,6.427159090714182,7,0.0000,0.0000,0.0000,0.0002,0.0115,0.1797,0.1797,0.6273,0.0016,0.0000
unfiltered/valid/050/917,6.040386062087181,7,0.0000,0.0000,0.0000,0.0003,0.0276,0.3361,0.2038,0.4316,0.0006,0.0000
unfiltered/valid/051/897,5.741481678998842,5,0.0000,0.0000,0.0000,0.0005,0.0380,0.4624,0.2184,0.2804,0.0004,0.0000
unfiltered/valid/051/502,5.843014093674017,5,0.0000,0.0000,0.0000,0.0007,0.0332,0.4048,0.2455,0.3152,0.0005,0.0000
unfiltered/valid/051/433,5.74120827826577,5,0.0000,0.0000,0.0000,0.0005,0.0380,0.4624,0.2184,0.2804,0.0003,0.0000
unfiltered/valid/051/575,6.245407385582635,7,0.0000,0.0000,0.0000,0.0002,0.0119,0.2397,0.2397,0.5075,0.0010,0.0000
unfiltered/valid/051/349,6.158079764195423,7,0.0000,0.0000,0.0000,0.0004,0.0192,0.3008,0.1824,0.4959,0.0012,0.0000
unfiltered/valid/051/244,5.447144046080231,5,0.0000,0.0000,0.0000,0.0011,0.0627,0.5950,0.1705,0.1705,0.0003,0.0000
unfiltered/valid/051/772,6.050421210022755,7,0.0000,0.0000,0.0000,0.0003,0.0204,0.3195,0.2488,0.4103,0.0007,0.0000
unfiltered/valid/051/252,5.618547556073708,5,0.0000,0.0000,0.0000,0.0010,0.0541,0.5133,0.1888,0.2425,0.0003,0.0000
unfiltered/valid/051/916,6.350601268461019,7,0.0000,0.0000,0.0000,0.0003,0.0140,0.2188,0.1704,0.5948,0.0017,0.0000
unfiltered/valid/051/767,6.333764066377474,7,0.0000,0.0000,0.0000,0.0002,0.0134,0.2088,0.2088,0.5677,0.0011,0.0000
unfiltered/valid/051/877,6.105234862633465,7,0.0000,0.0000,0.0000,0.0013,0.0379,0.2798,0.2179,0.4614,0.0017,0.0000
unfiltered/valid/051/569,6.402463064717775,7,0.0000,0.0000,0.0000,0.0002,0.0124,0.1708,0.2193,0.5962,0.0012,0.0000
unfiltered/valid/051/312,6.138332115240446,7,0.0000,0.0000,0.0000,0.0003,0.0234,0.2846,0.2217,0.4693,0.0007,0.0000
unfiltered/valid/051/182,4.6487641635651045,5,0.0000,0.0000,0.0000,0.0287,0.3493,0.5759,0.0368,0.0093,0.0000,0.0000
unfiltered/valid/051/823,6.31864081968698,7,0.0000,0.0000,0.0000,0.0001,0.0111,0.1974,0.2535,0.5367,0.0010,0.0000
unfiltered/valid/051/806,5.93484728576546,5,0.0000,0.0000,0.0000,0.0007,0.0321,0.3910,0.1847,0.3910,0.0005,0.0000
unfiltered/valid/051/449,5.279075606175146,5,0.0000,0.0000,0.0000,0.0023,0.0881,0.6510,0.1453,0.1131,0.0001,0.0000
unfiltered/valid/052/941,6.419875542471525,7,0.0000,0.0000,0.0000,0.0002,0.0147,0.1791,0.1791,0.6250,0.0020,0.0000
unfiltered/valid/052/925,6.777374826170626,7,0.0000,0.0000,0.0000,0.0000,0.0030,0.0529,0.1120,0.8277,0.0043,0.0000
unfiltered/valid/052/397,6.722594826943467,7,0.0000,0.0000,0.0000,0.0000,0.0042,0.0649,0.1374,0.7909,0.0025,0.0000
unfiltered/valid/052/640,5.696157153278045,5,0.0000,0.0000,0.0000,0.0018,0.0610,0.4506,0.2128,0.2733,0.0005,0.0000
unfiltered/valid/052/490,5.938811602119806,5,0.0000,0.0000,0.0000,0.0004,0.0305,0.3716,0.2254,0.3716,0.0006,0.0000
unfiltered/valid/052/970,5.755748739893138,5,0.0000,0.0000,0.0000,0.0006,0.0298,0.4662,0.2202,0.2828,0.0003,0.0000
unfiltered/valid/052/8,5.073486257010573,5,0.0000,0.0000,0.0000,0.0052,0.1516,0.6795,0.0920,0.0716,0.0001,0.0000
unfiltered/valid/052/942,6.2407379560383145,7,0.0000,0.0000,0.0000,0.0003,0.0206,0.2510,0.1955,0.5314,0.0012,0.0000
unfiltered/valid/052/34,6.315438497199446,7,0.0000,0.0000,0.0000,0.0001,0.0126,0.1971,0.2531,0.5358,0.0012,0.0000
unfiltered/valid/052/532,5.324262301889473,5,0.0000,0.0000,0.0000,0.0035,0.1028,0.5918,0.1696,0.1321,0.0002,0.0000
unfiltered/valid/053/357,5.017440200515763,5,0.0000,0.0000,0.0000,0.0053,0.1560,0.6993,0.0946,0.0447,0.0000,0.0000
unfiltered/valid/053/823,6.498403286379666,7,0.0000,0.0000,0.0000,0.0001,0.0073,0.1465,0.1881,0.6564,0.0016,0.0000
unfiltered/valid/053/74,5.848852196718189,5,0.0000,0.0000,0.0000,0.0004,0.0276,0.4316,0.2039,0.3362,0.0003,0.0000
unfiltered/valid/053/349,6.514113819003044,7,0.0000,0.0000,0.0000,0.0001,0.0098,0.1525,0.1525,0.6836,0.0015,0.0000
unfiltered/valid/053/98,5.657634378349476,5,0.0000,0.0000,0.0000,0.0007,0.0405,0.4928,0.2328,0.2328,0.0004,0.0000
unfiltered/valid/053/413,5.310027341005723,5,0.0000,0.0000,0.0000,0.0012,0.0847,0.6259,0.1793,0.1088,0.0001,0.0000
unfiltered/valid/053/594,4.96449067699841,5,0.0000,0.0000,0.0000,0.0113,0.2261,0.6146,0.0832,0.0648,0.0001,0.0000
unfiltered/valid/053/254,6.350378629891844,7,0.0000,0.0000,0.0000,0.0002,0.0140,0.2189,0.1705,0.5950,0.0015,0.0000
unfiltered/valid/053/901,5.9385568801938025,5,0.0000,0.0000,0.0000,0.0004,0.0305,0.3716,0.2254,0.3716,0.0004,0.0000
unfiltered/valid/053/512,5.815222542203133,5,0.0000,0.0000,0.0000,0.0008,0.0447,0.4238,0.2002,0.3301,0.0004,0.0000
unfiltered/valid/053/659,5.740885808772499,5,0.0000,0.0000,0.0000,0.0007,0.0379,0.4623,0.2184,0.2804,0.0004,0.0000
unfiltered/valid/053/131,6.688648651688671,7,0.0000,0.0000,0.0000,0.0001,0.0052,0.0817,0.1347,0.7754,0.0028,0.0000
unfiltered/valid/053/695,5.491911313870587,5,0.0000,0.0000,0.0000,0.0018,0.0755,0.5576,0.1598,0.2051,0.0003,0.0000
unfiltered/valid/053/255,5.181021891340101,5,0.0000,0.0000,0.0000,0.0043,0.1414,0.6338,0.1101,0.1101,0.0002,0.0000
unfiltered/valid/053/86,5.307606072022498,5,0.0000,0.0000,0.0000,0.0023,0.0846,0.6252,0.1791,0.1087,0.0001,0.0000
unfiltered/valid/053/245,4.781293091225554,5,0.0000,0.0000,0.0000,0.0126,0.2530,0.6876,0.0342,0.0126,0.0000,0.0000
unfiltered/valid/053/492,4.765667060773561,5,0.0000,0.0000,0.0000,0.0146,0.2937,0.6218,0.0510,0.0188,0.0000,0.0000
unfiltered/valid/053/540,5.834539693681452,5,0.0000,0.0000,0.0000,0.0004,0.0351,0.4282,0.2023,0.3335,0.0004,0.0000
unfiltered/valid/053/599,6.334147314321938,7,0.0000,0.0000,0.0000,0.0001,0.0133,0.2088,0.2088,0.5676,0.0012,0.0000
unfiltered/valid/054/317,6.242009667042118,7,0.0000,0.0000,0.0000,0.0002,0.0135,0.2393,0.2393,0.5066,0.0011,0.0000
unfiltered/valid/054/705,6.4196710983445175,7,0.0000,0.0000,0.0000,0.0003,0.0147,0.1790,0.1790,0.6249,0.0020,0.0000
unfiltered/valid/054/650,5.539078337011675,5,0.0000,0.0000,0.0000,0.0018,0.0684,0.5051,0.2386,0.1858,0.0003,0.0000
unfiltered/valid/054/413,5.5401687939746465,5,0.0000,0.0000,0.0000,0.0010,0.0572,0.5424,0.1995,0.1995,0.0003,0.0000
unfiltered/valid/054/759,5.922129544651887,5,0.0000,0.0000,0.0000,0.0006,0.0388,0.3683,0.2234,0.3683,0.0007,0.0000
unfiltered/valid/054/699,5.358489605940565,5,0.0000,0.0000,0.0000,0.0022,0.0821,0.6065,0.1738,0.1353,0.0002,0.0000
unfiltered/valid/054/94,5.793015921446389,5,0.0000,0.0000,0.0000,0.0010,0.0566,0.4182,0.1975,0.3257,0.0009,0.0000
unfiltered/valid/054/522,6.495899225919051,7,0.0000,0.0000,0.0000,0.0001,0.0083,0.1463,0.1879,0.6558,0.0016,0.0000
unfiltered/valid/054/460,5.938961584291592,5,0.0000,0.0000,0.0000,0.0004,0.0305,0.3716,0.2254,0.3716,0.0006,0.0000
unfiltered/valid/054/663,6.34987731260777,7,0.0000,0.0000,0.0000,0.0003,0.0140,0.2189,0.1705,0.5950,0.0013,0.0000
unfiltered/valid/054/838,6.258869340691028,7,0.0000,0.0000,0.0000,0.0002,0.0126,0.2532,0.1972,0.5360,0.0009,0.0000
unfiltered/valid/054/814,5.447938275705278,5,0.0000,0.0000,0.0000,0.0011,0.0755,0.5580,0.2053,0.1599,0.0002,0.0000
unfiltered/valid/054/376,6.775523401476814,7,0.0000,0.0000,0.0000,0.0000,0.0020,0.0405,0.1412,0.8125,0.0038,0.0000
unfiltered/valid/054/967,5.815300280474663,5,0.0000,0.0000,0.0000,0.0009,0.0447,0.4237,0.2001,0.3300,0.0006,0.0000
unfiltered/valid/054/919,5.4193051787548585,5,0.0000,0.0000,0.0000,0.0021,0.0790,0.5840,0.1673,0.1673,0.0002,0.0000
unfiltered/valid/054/506,6.495692185209151,7,0.0000,0.0000,0.0000,0.0001,0.0083,0.1464,0.1879,0.6559,0.0014,0.0000
unfiltered/valid/054/190,6.498403374906041,7,0.0000,0.0000,0.0000,0.0001,0.0073,0.1465,0.1881,0.6564,0.0016,0.0000
unfiltered/valid/054/261,6.325725276642413,7,0.0000,0.0000,0.0000,0.0003,0.0171,0.2079,0.2079,0.5651,0.0018,0.0000
unfiltered/valid/054/122,5.815334970231459,5,0.0000,0.0000,0.0000,0.0008,0.0447,0.4238,0.2002,0.3301,0.0004,0.0000
unfiltered/valid/054/655,6.241307439628477,7,0.0000,0.0000,0.0000,0.0002,0.0135,0.2394,0.2394,0.5068,0.0007,0.0000
unfiltered/valid/054/661,5.806915715734158,5,0.0000,0.0000,0.0000,0.0010,0.0467,0.4433,0.1631,0.3452,0.0007,0.0000
unfiltered/valid/055/612,6.240385552787339,7,0.0000,0.0000,0.0000,0.0003,0.0206,0.2511,0.1955,0.5315,0.0010,0.0000
unfiltered/valid/055/118,6.498647755200982,7,0.0000,0.0000,0.0000,0.0001,0.0073,0.1464,0.1880,0.6563,0.0018,0.0000
unfiltered/valid/055/67,5.561626014720542,5,0.0000,0.0000,0.0000,0.0018,0.0861,0.4955,0.1823,0.2340,0.0003,0.0000
unfiltered/valid/055/165,6.419505952163714,7,0.0000,0.0000,0.0000,0.0002,0.0147,0.1791,0.1791,0.6251,0.0018,0.0000
unfiltered/valid/055/233,5.369753802722686,5,0.0000,0.0000,0.0000,0.0044,0.1469,0.5127,0.1469,0.1886,0.0005,0.0000
unfiltered/valid/055/823,6.406726450949789,7,0.0000,0.0000,0.0000,0.0002,0.0109,0.1710,0.2195,0.5967,0.0017,0.0000
unfiltered/valid/055/572,5.921857705206733,5,0.0000,0.0000,0.0000,0.0005,0.0388,0.3684,0.2234,0.3684,0.0005,0.0000
unfiltered/valid/055/316,6.228735452453941,7,0.0000,0.0000,0.0000,0.0003,0.0195,0.2377,0.2377,0.5032,0.0016,0.0000
unfiltered/valid/055/660,5.447481061379634,5,0.0000,0.0000,0.0000,0.0012,0.0755,0.5580,0.2053,0.1599,0.0001,0.0000
unfiltered/valid/055/632,6.411789385566966,7,0.0000,0.0000,0.0000,0.0001,0.0085,0.1715,0.2202,0.5986,0.0010,0.0000
unfiltered/valid/055/897,5.825234619308209,5,0.0000,0.0000,0.0000,0.0009,0.0423,0.4009,0.2432,0.3122,0.0005,0.0000
unfiltered/valid/055/318,6.038175901308151,7,0.0000,0.0000,0.0000,0.0003,0.0261,0.3177,0.2474,0.4079,0.0005,0.0000
unfiltered/valid/056/82,5.22111653447865,5,0.0000,0.0000,0.0000,0.0034,0.1138,0.6550,0.1138,0.1138,0.0001,0.0000
unfiltered/valid/056/860,6.04002017893232,7,0.0000,0.0000,0.0000,0.0006,0.0276,0.3360,0.2038,0.4314,0.0007,0.0000
unfiltered/valid/056/337,5.802761333760533,5,0.0000,0.0000,0.0000,0.0014,0.0536,0.3958,0.2401,0.3083,0.0009,0.0000
unfiltered/valid/056/358,6.692276637173701,7,0.0000,0.0000,0.0000,0.0001,0.0041,0.0818,0.1349,0.7760,0.0032,0.0000
unfiltered/valid/056/57,6.426946194266799,7,0.0000,0.0000,0.0000,0.0002,0.0115,0.1798,0.1798,0.6274,0.0014,0.0000
unfiltered/valid/056/681,6.1393319860409905,7,0.0000,0.0000,0.0000,0.0004,0.0233,0.2844,0.2215,0.4690,0.0013,0.0000
unfiltered/valid/056/164,6.398166727650502,7,0.0000,0.0000,0.0000,0.0001,0.0140,0.1706,0.2190,0.5954,0.0009,0.0000
unfiltered/valid/056/330,6.4062688223909925,7,0.0000,0.0000,0.0000,0.0001,0.0109,0.1710,0.2196,0.5970,0.0013,0.0000
unfiltered/valid/056/335,5.756406733949422,5,0.0000,0.0000,0.0000,0.0004,0.0357,0.4354,0.2641,0.2641,0.0003,0.0000
unfiltered/valid/056/674,6.4272335670248,7,0.0000,0.0000,0.0000,0.0002,0.0115,0.1797,0.1797,0.6273,0.0016,0.0000
unfiltered/valid/056/194,5.518567239135287,5,0.0000,0.0000,0.0000,0.0012,0.0598,0.5674,0.1626,0.2087,0.0003,0.0000
unfiltered/valid/056/532,6.138507651897048,7,0.0000,0.0000,0.0000,0.0003,0.0234,0.2846,0.2217,0.4692,0.0008,0.0000
unfiltered/valid/056/323,6.13821051295987,7,0.0000,0.0000,0.0000,0.0004,0.0234,0.2846,0.2216,0.4692,0.0008,0.0000
unfiltered/valid/056/319,6.039206751678397,7,0.0000,0.0000,0.0000,0.0007,0.0276,0.3360,0.2038,0.4314,0.0006,0.0000
unfiltered/valid/056/6,6.577229111318034,7,0.0000,0.0000,0.0000,0.0001,0.0069,0.1232,0.1581,0.7088,0.0029,0.0000
unfiltered/valid/056/215,6.138886756529187,7,0.0000,0.0000,0.0000,0.0004,0.0234,0.2845,0.2216,0.4690,0.0012,0.0000
unfiltered/valid/056/560,6.4928220994314705,7,0.0000,0.0000,0.0000,0.0001,0.0093,0.1462,0.1877,0.6552,0.0014,0.0000
unfiltered/valid/056/889,6.250733810624382,7,0.0000,0.0000,0.0000,0.0002,0.0161,0.2523,0.1965,0.5340,0.0009,0.0000
unfiltered/valid/056/994,6.150270569293895,7,0.0000,0.0000,0.0000,0.0003,0.0183,0.2860,0.2228,0.4716,0.0010,0.0000
unfiltered/valid/056/913,6.7455705268731565,7,0.0000,0.0000,0.0000,0.0001,0.0043,0.0669,0.1104,0.8154,0.0029,0.0000
unfiltered/valid/057/863,6.038731538344002,7,0.0000,0.0000,0.0000,0.0004,0.0261,0.3176,0.2473,0.4078,0.0009,0.0000
unfiltered/valid/057/702,6.514744831774249,7,0.0000,0.0000,0.0000,0.0001,0.0097,0.1525,0.1525,0.6833,0.0019,0.0000
unfiltered/valid/057/633,6.407404800903326,7,0.0000,0.0000,0.0000,0.0002,0.0109,0.1709,0.2194,0.5964,0.0022,0.0000
unfiltered/valid/057/268,6.024591488393515,7,0.0000,0.0000,0.0000,0.0006,0.0351,0.3332,0.2021,0.4279,0.0011,0.0000
unfiltered/valid/057/707,6.1237104426381626,7,0.0000,0.0000,0.0000,0.0006,0.0298,0.2826,0.2201,0.4660,0.0009,0.0000
unfiltered/valid/057/744,6.241578496215154,7,0.0000,0.0000,0.0000,0.0002,0.0135,0.2394,0.2394,0.5067,0.0009,0.0000
unfiltered/valid/057/359,6.025470801444273,7,0.0000,0.0000,0.0000,0.0008,0.0368,0.3488,0.1648,0.4478,0.0011,0.0000
unfiltered/valid/057/78,6.003376368745654,7,0.0000,0.0000,0.0000,0.0009,0.0467,0.3453,0.1631,0.4434,0.0007,0.0000
unfiltered/valid/058/940,4.928615813523506,5,0.0000,0.0000,0.0000,0.0057,0.1661,0.7446,0.0611,0.0225,0.0000,0.0000
unfiltered/valid/058/428,5.934349585388152,5,0.0000,0.0000,0.0000,0.0008,0.0321,0.3910,0.1847,0.3910,0.0004,0.0000
unfiltered/valid/058/813,6.751226546065726,7,0.0000,0.0000,0.0000,0.0000,0.0023,0.0671,0.1106,0.8171,0.0029,0.0000
unfiltered/valid/058/476,6.040235432309924,7,0.0000,0.0000,0.0000,0.0004,0.0276,0.3360,0.2038,0.4315,0.0006,0.0000
unfiltered/valid/058/887,6.4275590413845105,7,0.0000,0.0000,0.0000,0.0002,0.0115,0.1797,0.1797,0.6272,0.0018,0.0000
unfiltered/valid/058/335,5.560440162157392,5,0.0000,0.0000,0.0000,0.0007,0.0451,0.5496,0.2022,0.2022,0.0001,0.0000
unfiltered/valid/058/323,6.430581207267223,7,0.0000,0.0000,0.0000,0.0001,0.0102,0.1800,0.1800,0.6282,0.0016,0.0000
unfiltered/valid/058/827,5.097013439423239,5,0.0000,0.0000,0.0000,0.0051,0.1478,0.6622,0.1151,0.0698,0.0001,0.0000
unfiltered/valid/058/949,6.315570189484746,7,0.0000,0.0000,0.0000,0.0002,0.0126,0.1971,0.2531,0.5357,0.0013,0.0000
unfiltered/valid/058/588,5.938641384724622,5,0.0000,0.0000,0.0000,0.0005,0.0305,0.3715,0.2254,0.3715,0.0006,0.0000
unfiltered/valid/058/712,5.1716480405948815,5,0.0000,0.0000,0.0000,0.0051,0.1166,0.6708,0.1166,0.0908,0.0001,0.0000
unfiltered/valid/058/448,5.942252649634224,5,0.0000,0.0000,0.0000,0.0006,0.0287,0.3491,0.2719,0.3491,0.0007,0.0000
unfiltered/valid/058/564,5.363563696688242,5,0.0000,0.0000,0.0000,0.0027,0.1029,0.5923,0.1322,0.1697,0.0001,0.0000
unfiltered/valid/058/708,6.501787512670103,7,0.0000,0.0000,0.0000,0.0000,0.0057,0.1468,0.1885,0.6579,0.0011,0.0000
unfiltered/valid/059/35,6.251502111677446,7,0.0000,0.0000,0.0000,0.0003,0.0215,0.2624,0.1591,0.5554,0.0012,0.0000
unfiltered/valid/059/919,6.050706862235756,7,0.0000,0.0000,0.0000,0.0003,0.0204,0.3195,0.2488,0.4102,0.0008,0.0000
unfiltered/valid/059/554,6.5748054549473816,7,0.0000,0.0000,0.0000,0.0001,0.0079,0.1230,0.1580,0.7081,0.0029,0.0000
unfiltered/valid/059/43,6.150161760752983,7,0.0000,0.0000,0.0000,0.0003,0.0183,0.2860,0.2228,0.4716,0.0010,0.0000
unfiltered/valid/059/575,5.741208269924947,5,0.0000,0.0000,0.0000,0.0005,0.0380,0.4624,0.2184,0.2804,0.0003,0.0000
unfiltered/valid/059/26,5.137576099104222,5,0.0000,0.0000,0.0000,0.0036,0.1192,0.6857,0.1192,0.0723,0.0001,0.0000
unfiltered/valid/059/271,6.2421957185214305,7,0.0000,0.0000,0.0000,0.0002,0.0135,0.2393,0.2393,0.5065,0.0013,0.0000
unfiltered/valid/059/508,6.495176550837849,7,0.0000,0.0000,0.0000,0.0001,0.0083,0.1464,0.1880,0.6561,0.0011,0.0000
unfiltered/valid/059/286,5.922088588570058,5,0.0000,0.0000,0.0000,0.0007,0.0388,0.3681,0.2233,0.3681,0.0009,0.0000
unfiltered/valid/059/946,6.318786423999759,7,0.0000,0.0000,0.0000,0.0001,0.0111,0.1975,0.2535,0.5367,0.0010,0.0000
unfiltered/valid/059/531,5.81587775801065,5,0.0000,0.0000,0.0000,0.0007,0.0447,0.4238,0.2002,0.3301,0.0006,0.0000
unfiltered/valid/059/385,5.84319160386038,5,0.0000,0.0000,0.0000,0.0005,0.0332,0.4049,0.2456,0.3153,0.0004,0.0000
unfiltered/valid/059/10,6.576781024271442,7,0.0000,0.0000,0.0000,0.0001,0.0070,0.1232,0.1582,0.7090,0.0026,0.0000
unfiltered/valid/059/501,6.240258733004561,7,0.0000,0.0000,0.0000,0.0003,0.0206,0.2510,0.1955,0.5315,0.0010,0.0000
unfiltered/valid/059/974,6.7248124782161565,7,0.0000,0.0000,0.0000,0.0001,0.0037,0.0649,0.1374,0.7907,0.0032,0.0000
unfiltered/valid/059/218,6.052639847555023,7,0.0000,0.0000,0.0000,0.0004,0.0216,0.3382,0.2051,0.4342,0.0005,0.0000
unfiltered/valid/060/532,5.514563612166237,5,0.0000,0.0000,0.0000,0.0015,0.0722,0.5335,0.1963,0.1963,0.0003,0.0000
unfiltered/valid/060/53,6.1441605482499435,7,0.0000,0.0000,0.0000,0.0003,0.0207,0.2855,0.2223,0.4707,0.0006,0.0000
unfiltered/valid/060/4,6.0390963039206005,7,0.0000,0.0000,0.0000,0.0003,0.0261,0.3175,0.2473,0.4077,0.0010,0.0000
unfiltered/valid/060/280,6.166849183496299,7,0.0000,0.0000,0.0000,0.0002,0.0150,0.3023,0.1833,0.4984,0.0007,0.0000
unfiltered/valid/060/433,5.136503897470443,5,0.0000,0.0000,0.0000,0.0041,0.1191,0.6854,0.1191,0.0722,0.0001,0.0000
unfiltered/valid/060/990,6.333922600514902,7,0.0000,0.0000,0.0000,0.0002,0.0133,0.2088,0.2088,0.5676,0.0012,0.0000
unfiltered/valid/060/458,4.623926436906634,5,0.0000,0.0000,0.0000,0.0292,0.3552,0.5856,0.0227,0.0074,0.0000,0.0000
unfiltered/valid/060/17,6.124539780773455,7,0.0000,0.0000,0.0000,0.0004,0.0298,0.2826,0.2201,0.4660,0.0010,0.0000
unfiltered/valid/060/866,5.815155697458378,5,0.0000,0.0000,0.0000,0.0009,0.0447,0.4237,0.2002,0.3300,0.0005,0.0000
unfiltered/valid/060/923,5.387487530699887,5,0.0000,0.0000,0.0000,0.0023,0.0992,0.5710,0.1636,0.1636,0.0002,0.0000
unfiltered/valid/060/175,6.6240076615501255,7,0.0000,0.0000,0.0000,0.0001,0.0056,0.0989,0.1630,0.7306,0.0018,0.0000
unfiltered/valid/060/260,5.921866350768775,5,0.0000,0.0000,0.0000,0.0007,0.0388,0.3682,0.2233,0.3682,0.0008,0.0000
unfiltered/valid/060/986,6.5005786853164,7,0.0000,0.0000,0.0000,0.0001,0.0064,0.1466,0.1882,0.6570,0.0016,0.0000
unfiltered/valid/060/233,5.245470396696404,5,0.0000,0.0000,0.0000,0.0033,0.1103,0.6345,0.1416,0.1103,0.0001,0.0000
unfiltered/valid/061/740,6.4905206653526974,7,0.0000,0.0000,0.0000,0.0002,0.0106,0.1459,0.1874,0.6539,0.0021,0.0000
unfiltered/valid/061/705,5.934951221973508,5,0.0000,0.0000,0.0000,0.0006,0.0321,0.3911,0.1847,0.3911,0.0005,0.0000
unfiltered/valid/061/465,6.324513826851309,7,0.0000,0.0000,0.0000,0.0001,0.0087,0.1979,0.2542,0.5381,0.0010,0.0000
unfiltered/valid/061/529,6.340662239320312,7,0.0000,0.0000,0.0000,0.0001,0.0104,0.2095,0.2095,0.5695,0.0010,0.0000
unfiltered/valid/061/968,5.8435630234685085,5,0.0000,0.0000,0.0000,0.0004,0.0332,0.4050,0.2456,0.3154,0.0004,0.0000
unfiltered/valid/061/725,6.429816018774877,7,0.0000,0.0000,0.0000,0.0001,0.0102,0.1801,0.1801,0.6285,0.0011,0.0000
unfiltered/valid/061/663,6.620918744440339,7,0.0000,0.0000,0.0000,0.0001,0.0071,0.0986,0.1626,0.7289,0.0026,0.0000
unfiltered/valid/061/147,5.446682465128143,5,0.0000,0.0000,0.0000,0.0016,0.0755,0.5578,0.2052,0.1598,0.0002,0.0000
unfiltered/valid/061/986,6.149946119338823,7,0.0000,0.0000,0.0000,0.0002,0.0183,0.2861,0.2228,0.4717,0.0008,0.0000
unfiltered/valid/061/394,5.5394130674238475,5,0.0000,0.0000,0.0000,0.0013,0.0572,0.5423,0.1995,0.1995,0.0003,0.0000
unfiltered/valid/061/405,5.833726266002608,5,0.0000,0.0000,0.0000,0.0007,0.0351,0.4281,0.2022,0.3334,0.0004,0.0000
unfiltered/valid/061/387,6.138300468463019,7,0.0000,0.0000,0.0000,0.0003,0.0234,0.2847,0.2217,0.4693,0.0006,0.0000
unfiltered/valid/061/773,5.9519626064124225,5,0.0000,0.0000,0.0000,0.0005,0.0239,0.3740,0.2269,0.3740,0.0006,0.0000
unfiltered/valid/061/586,5.80743109503131,5,0.0000,0.0000,0.0000,0.0009,0.0467,0.4433,0.1631,0.3453,0.0008,0.0000
unfiltered/valid/061/964,5.84362760140404,5,0.0000,0.0000,0.0000,0.0005,0.0332,0.4049,0.2456,0.3153,0.0005,0.0000
unfiltered/valid/061/739,5.243473834062379,5,0.0000,0.0000,0.0000,0.0043,0.1101,0.6339,0.1414,0.1101,0.0001,0.0000
unfiltered/valid/061/931,5.8156493580156035,5,0.0000,0.0000,0.0000,0.0009,0.0447,0.4236,0.2001,0.3299,0.0007,0.0000
unfiltered/valid/062/536,6.406079119790762,7,0.0000,0.0000,0.0000,0.0001,0.0109,0.1711,0.2197,0.5971,0.0012,0.0000
unfiltered/valid/062/79,6.158666681809589,7,0.0000,0.0000,0.0000,0.0002,0.0143,0.2873,0.2238,0.4737,0.0007,0.0000
unfiltered/valid/062/551,6.040705248527837,7,0.0000,0.0000,0.0000,0.0003,0.0276,0.3360,0.2038,0.4315,0.0007,0.0000
unfiltered/valid/062/377,5.917672339241091,5,0.0000,0.0000,0.0000,0.0007,0.0408,0.3874,0.1830,0.3874,0.0007,0.0000
unfiltered/valid/062/868,5.84339887787606,5,0.0000,0.0000,0.0000,0.0006,0.0332,0.4048,0.2455,0.3152,0.0006,0.0000
unfiltered/valid/062/681,6.241429429657675,7,0.0000,0.0000,0.0000,0.0003,0.0206,0.2509,0.1954,0.5311,0.0017,0.0000
unfiltered/valid/062/912,4.794500167614613,5,0.0000,0.0000,0.0000,0.0159,0.2488,0.6762,0.0432,0.0159,0.0000,0.0000
unfiltered/valid/062/628,6.053423810756875,7,0.0000,0.0000,0.0000,0.0003,0.0216,0.3381,0.2050,0.4341,0.0008,0.0000
unfiltered/valid/062/520,4.88535460521425,5,0.0000,0.0000,0.0000,0.0128,0.2010,0.7014,0.0576,0.0272,0.0000,0.0000
unfiltered/valid/062/768,6.333764007454687,7,0.0000,0.0000,0.0000,0.0002,0.0134,0.2088,0.2088,0.5677,0.0011,0.0000
unfiltered/valid/062/454,6.496962547619907,7,0.0000,0.0000,0.0000,0.0001,0.0082,0.1462,0.1877,0.6553,0.0024,0.0000
unfiltered/valid/062/793,5.638809838450969,5,0.0000,0.0000,0.0000,0.0008,0.0513,0.4871,0.2301,0.2301,0.0005,0.0000
unfiltered/valid/062/227,6.0502606560029895,7,0.0000,0.0000,0.0000,0.0003,0.0204,0.3195,0.2489,0.4103,0.0006,0.0000
unfiltered/valid/062/245,5.79125309295653,5,0.0000,0.0000,0.0000,0.0015,0.0566,0.4181,0.1975,0.3256,0.0007,0.0000
unfiltered/valid/062/661,6.330058048912576,7,0.0000,0.0000,0.0000,0.0002,0.0151,0.2084,0.2084,0.5665,0.0014,0.0000
unfiltered/valid/062/357,6.2268524505043805,7,0.0000,0.0000,0.0000,0.0007,0.0263,0.2494,0.1942,0.5279,0.0015,0.0000
unfiltered/valid/062/653,6.839174031994316,7,0.0000,0.0000,0.0000,0.0000,0.0022,0.0337,0.0915,0.8681,0.0046,0.0000
unfiltered/valid/062/323,6.5764727593159416,7,0.0000,0.0000,0.0000,0.0002,0.0070,0.1232,0.1582,0.7089,0.0026,0.0000
unfiltered/valid/062/852,5.205705763543248,5,0.0000,0.0000,0.0000,0.0041,0.1371,0.6146,0.1371,0.1068,0.0001,0.0000
unfiltered/valid/062/147,6.227433406408178,7,0.0000,0.0000,0.0000,0.0004,0.0263,0.2495,0.1943,0.5282,0.0013,0.0000
unfiltered/valid/062/68,6.13030424943537,7,0.0000,0.0000,0.0000,0.0003,0.0220,0.2678,0.2678,0.4415,0.0008,0.0000
unfiltered/valid/062/452,6.577781562689658,7,0.0000,0.0000,0.0000,0.0001,0.0061,0.1234,0.1585,0.7102,0.0018,0.0000
unfiltered/valid/062/177,6.500291783406226,7,0.0000,0.0000,0.0000,0.0001,0.0064,0.1466,0.1883,0.6571,0.0014,0.0000
unfiltered/valid/063/206,6.430098573697114,7,0.0000,0.0000,0.0000,0.0001,0.0102,0.1800,0.1800,0.6284,0.0012,0.0000
unfiltered/valid/063/298,6.334947864792129,7,0.0000,0.0000,0.0000,0.0002,0.0133,0.2087,0.2087,0.5673,0.0018,0.0000
unfiltered/valid/063/384,6.444654576012045,7,0.0000,0.0000,0.0000,0.0002,0.0120,0.1872,0.1458,0.6532,0.0016,0.0000
unfiltered/valid/063/222,6.596743640818343,7,0.0000,0.0000,0.0000,0.0001,0.0072,0.1277,0.1277,0.7351,0.0021,0.0000
unfiltered/valid/063/350,6.745119144753623,7,0.0000,0.0000,0.0000,0.0001,0.0048,0.0668,0.1102,0.8143,0.0038,0.0000
unfiltered/valid/063/576,6.227259260391307,7,0.0000,0.0000,0.0000,0.0002,0.0195,0.2380,0.2380,0.5038,0.0006,0.0000
unfiltered/valid/063/686,6.052914019423266,7,0.0000,0.0000,0.0000,0.0003,0.0216,0.3382,0.2051,0.4342,0.0006,0.0000
unfiltered/valid/063/63,5.9520122295131666,5,0.0000,0.0000,0.0000,0.0003,0.0239,0.3742,0.2269,0.3742,0.0004,0.0000
unfiltered/valid/063/341,6.515611661380163,7,0.0000,0.0000,0.0000,0.0001,0.0097,0.1524,0.1524,0.6829,0.0025,0.0000
unfiltered/valid/063/409,6.141100951252808,7,0.0000,0.0000,0.0000,0.0002,0.0172,0.2691,0.2691,0.4437,0.0008,0.0000
unfiltered/valid/063/121,6.244888685873698,7,0.0000,0.0000,0.0000,0.0002,0.0119,0.2398,0.2398,0.5076,0.0008,0.0000
unfiltered/valid/063/363,5.6186383942264175,5,0.0000,0.0000,0.0000,0.0010,0.0541,0.5133,0.1888,0.2425,0.0003,0.0000
unfiltered/valid/063/308,5.080420426397084,5,0.0000,0.0000,0.0000,0.0048,0.1243,0.7153,0.0968,0.0587,0.0000,0.0000
unfiltered/valid/063/957,6.648463321133351,7,0.0000,0.0000,0.0000,0.0000,0.0051,0.1027,0.1319,0.7590,0.0013,0.0000
unfiltered/valid/063/14,6.004307599429348,7,0.0000,0.0000,0.0000,0.0010,0.0446,0.3296,0.1999,0.4233,0.0015,0.0000
unfiltered/valid/064/456,6.777329589536857,7,0.0000,0.0000,0.0000,0.0001,0.0030,0.0529,0.1120,0.8277,0.0043,0.0000
unfiltered/valid/064/257,6.149777264891649,7,0.0000,0.0000,0.0000,0.0002,0.0183,0.2862,0.2229,0.4718,0.0006,0.0000
unfiltered/valid/064/640,5.459867894757133,5,0.0000,0.0000,0.0000,0.0020,0.0948,0.5458,0.1564,0.2008,0.0002,0.0000
unfiltered/valid/064/514,6.713611322837375,7,0.0000,0.0000,0.0000,0.0001,0.0037,0.0844,0.1084,0.8011,0.0023,0.0000
unfiltered/valid/064/244,6.486380578979439,7,0.0000,0.0000,0.0000,0.0002,0.0120,0.1457,0.1871,0.6531,0.0018,0.0000
unfiltered/valid/064/862,5.407277619330755,5,0.0000,0.0000,0.0000,0.0007,0.0515,0.6277,0.1798,0.1401,0.0001,0.0000
unfiltered/valid/064/165,6.341185644652259,7,0.0000,0.0000,0.0000,0.0003,0.0179,0.2180,0.1697,0.5925,0.0017,0.0000
unfiltered/valid/064/182,6.777597923352622,7,0.0000,0.0000,0.0000,0.0000,0.0023,0.0530,0.1122,0.8294,0.0030,0.0000
unfiltered/valid/064/496,6.053188334126495,7,0.0000,0.0000,0.0000,0.0003,0.0216,0.3381,0.2051,0.4342,0.0007,0.0000
unfiltered/valid/064/379,6.25111927912482,7,0.0000,0.0000,0.0000,0.0003,0.0215,0.2624,0.1592,0.5555,0.0011,0.0000
unfiltered/valid/064/796,6.72657645797196,7,0.0000,0.0000,0.0000,0.0000,0.0032,0.0649,0.1374,0.7907,0.0037,0.0000
unfiltered/valid/064/155,6.7752601918813555,7,0.0000,0.0000,0.0000,0.0000,0.0030,0.0530,0.1122,0.8291,0.0026,0.0000
unfiltered/valid/064/977,6.340861140859993,7,0.0000,0.0000,0.0000,0.0003,0.0179,0.2180,0.1698,0.5926,0.0015,0.0000
unfiltered/valid/064/112,5.446802241676598,5,0.0000,0.0000,0.0000,0.0016,0.0755,0.5578,0.2052,0.1598,0.0002,0.0000
unfiltered/valid/064/477,5.72245530574173,5,0.0000,0.0000,0.0000,0.0008,0.0482,0.4572,0.2160,0.2773,0.0005,0.0000
unfiltered/valid/064/39,6.2512180305717,7,0.0000,0.0000,0.0000,0.0004,0.0215,0.2623,0.1591,0.5554,0.0012,0.0000
unfiltered/valid/064/336,6.138368630573671,7,0.0000,0.0000,0.0000,0.0004,0.0234,0.2846,0.2216,0.4692,0.0008,0.0000
unfiltered/valid/065/114,6.420089935115516,7,0.0000,0.0000,0.0000,0.0003,0.0147,0.1790,0.1790,0.6248,0.0023,0.0000
unfiltered/valid/065/734,6.146209911059052,7,0.0000,0.0000,0.0000,0.0004,0.0246,0.2992,0.1814,0.4932,0.0012,0.0000
unfiltered/valid/065/40,6.024591073556308,7,0.0000,0.0000,0.0000,0.0006,0.0351,0.3332,0.2021,0.4279,0.0011,0.0000
unfiltered/valid/065/549,5.740632006852415,5,0.0000,0.0000,0.0000,0.0008,0.0379,0.4622,0.2183,0.2803,0.0004,0.0000
unfiltered/valid/065/418,6.777584022685907,7,0.0000,0.0000,0.0000,0.0000,0.0023,0.0530,0.1122,0.8294,0.0030,0.0000
unfiltered/valid/065/26,6.2395480406408685,7,0.0000,0.0000,0.0000,0.0003,0.0206,0.2511,0.1956,0.5317,0.0006,0.0000
unfiltered/valid/065/826,5.205706594762171,5,0.0000,0.0000,0.0000,0.0041,0.1371,0.6146,0.1371,0.1068,0.0001,0.0000
unfiltered/valid/065/846,4.791879219308208,5,0.0000,0.0000,0.0000,0.0098,0.2519,0.6848,0.0438,0.0098,0.0000,0.0000
unfiltered/valid/065/479,6.226680785308616,7,0.0000,0.0000,0.0000,0.0004,0.0263,0.2496,0.1944,0.5285,0.0008,0.0000
unfiltered/valid/065/168,5.398565521908776,5,0.0000,0.0000,0.0000,0.0015,0.0821,0.6069,0.1354,0.1739,0.0002,0.0000
unfiltered/valid/065/870,6.507581594933836,7,0.0000,0.0000,0.0000,0.0002,0.0125,0.1520,0.1520,0.6813,0.0019,0.0000
unfiltered/valid/065/278,6.419505955419144,7,0.0000,0.0000,0.0000,0.0002,0.0147,0.1791,0.1791,0.6251,0.0018,0.0000
unfiltered/valid/065/336,5.806458457325407,5,0.0000,0.0000,0.0000,0.0010,0.0467,0.4434,0.1631,0.3453,0.0005,0.0000
unfiltered/valid/065/678,6.245407385585485,7,0.0000,0.0000,0.0000,0.0002,0.0119,0.2397,0.2397,0.5075,0.0010,0.0000
unfiltered/valid/065/408,6.141014665011639,7,0.0000,0.0000,0.0000,0.0003,0.0172,0.2690,0.2690,0.4436,0.0009,0.0000
unfiltered/valid/065/263,5.949765554356846,5,0.0000,0.0000,0.0000,0.0004,0.0252,0.3939,0.1860,0.3939,0.0007,0.0000
unfiltered/valid/065/980,6.546631055987647,7,0.0000,0.0000,0.0000,0.0001,0.0085,0.1177,0.1941,0.6774,0.0022,0.0000
unfiltered/valid/066/897,6.038344809304993,7,0.0000,0.0000,0.0000,0.0004,0.0261,0.3176,0.2474,0.4079,0.0007,0.0000
unfiltered/valid/066/186,6.506613715726624,7,0.0000,0.0000,0.0000,0.0002,0.0125,0.1522,0.1522,0.6819,0.0012,0.0000
unfiltered/valid/066/94,6.337814775175731,7,0.0000,0.0000,0.0000,0.0001,0.0118,0.2091,0.2091,0.5685,0.0012,0.0000
unfiltered/valid/066/812,6.801147055573333,7,0.0000,0.0000,0.0000,0.0000,0.0021,0.0417,0.1135,0.8383,0.0044,0.0000
unfiltered/valid/066/209,5.848703368742865,5,0.0000,0.0000,0.0000,0.0004,0.0276,0.4316,0.2039,0.3361,0.0003,0.0000
unfiltered/valid/066/791,6.334594683186034,7,0.0000,0.0000,0.0000,0.0002,0.0133,0.2087,0.2087,0.5674,0.0016,0.0000
unfiltered/valid/066/585,5.440692136108643,5,0.0000,0.0000,0.0000,0.0020,0.0982,0.5653,0.1261,0.2080,0.0003,0.0000
unfiltered/valid/066/936,6.551860237028548,7,0.0000,0.0000,0.0000,0.0001,0.0067,0.1179,0.1944,0.6785,0.0024,0.0000
unfiltered/valid/066/556,6.138368679236523,7,0.0000,0.0000,0.0000,0.0004,0.0234,0.2846,0.2216,0.4692,0.0008,0.0000
unfiltered/valid/066/212,6.507487398971646,7,0.0000,0.0000,0.0000,0.0002,0.0125,0.1520,0.1520,0.6813,0.0019,0.0000
unfiltered/valid/066/101,5.447531059648707,5,0.0000,0.0000,0.0000,0.0012,0.0755,0.5580,0.2053,0.1599,0.0002,0.0000
unfiltered/valid/066/483,6.493248680500693,7,0.0000,0.0000,0.0000,0.0002,0.0093,0.1461,0.1876,0.6549,0.0018,0.0000
unfiltered/valid/067/913,5.833613390111754,5,0.0000,0.0000,0.0000,0.0007,0.0351,0.4281,0.2022,0.3334,0.0004,0.0000
unfiltered/valid/067/793,4.979357867650037,5,0.0000,0.0000,0.0000,0.0038,0.1613,0.7228,0.0762,0.0360,0.0000,0.0000
unfiltered/valid/067/456,6.710827896210996,7,0.0000,0.0000,0.0000,0.0001,0.0054,0.0842,0.1081,0.7986,0.0037,0.0000
unfiltered/valid/067/956,6.0528963311347805,7,0.0000,0.0000,0.0000,0.0002,0.0216,0.3383,0.2052,0.4343,0.0004,0.0000
unfiltered/valid/067/732,5.93844820494824,5,0.0000,0.0000,0.0000,0.0006,0.0305,0.3715,0.2253,0.3715,0.0006,0.0000
unfiltered/valid/067/83,6.4274841697315095,7,0.0000,0.0000,0.0000,0.0002,0.0115,0.1797,0.1797,0.6272,0.0018,0.0000
unfiltered/valid/067/917,5.59320729703069,5,0.0000,0.0000,0.0000,0.0014,0.0684,0.5053,0.1859,0.2387,0.0004,0.0000
unfiltered/valid/067/51,5.300464423058676,5,0.0000,0.0000,0.0000,0.0025,0.1070,0.6156,0.1374,0.1374,0.0001,0.0000
unfiltered/valid/067/235,6.138332051470093,7,0.0000,0.0000,0.0000,0.0003,0.0234,0.2846,0.2217,0.4693,0.0007,0.0000
unfiltered/valid/067/339,4.818854817851007,5,0.0000,0.0000,0.0000,0.0156,0.2446,0.6650,0.0546,0.0201,0.0000,0.0000
unfiltered/valid/067/812,6.315400952658198,7,0.0000,0.0000,0.0000,0.0002,0.0126,0.1971,0.2531,0.5357,0.0013,0.0000
unfiltered/valid/067/575,6.149849344113122,7,0.0000,0.0000,0.0000,0.0003,0.0183,0.2861,0.2228,0.4717,0.0008,0.0000
unfiltered/valid/067/548,6.693125450277884,7,0.0000,0.0000,0.0000,0.0000,0.0036,0.0819,0.1350,0.7767,0.0028,0.0000
unfiltered/valid/068/767,5.281057670496238,5,0.0000,0.0000,0.0000,0.0014,0.0882,0.6517,0.1454,0.1132,0.0001,0.0000
unfiltered/valid/068/422,5.1102219800849555,5,0.0000,0.0000,0.0000,0.0076,0.1728,0.6032,0.1346,0.0816,0.0001,0.0000
unfiltered/valid/068/664,5.138433028850893,5,0.0000,0.0000,0.0000,0.0032,0.1192,0.6860,0.1192,0.0723,0.0001,0.0000
unfiltered/valid/068/531,6.228073251354396,7,0.0000,0.0000,0.0000,0.0002,0.0195,0.2378,0.2378,0.5035,0.0011,0.0000
unfiltered/valid/068/745,6.580005208818727,7,0.0000,0.0000,0.0000,0.0001,0.0054,0.1235,0.1585,0.7105,0.0020,0.0000
unfiltered/valid/068/769,5.938811567681178,5,0.0000,0.0000,0.0000,0.0004,0.0305,0.3716,0.2254,0.3716,0.0006,0.0000
unfiltered/valid/068/92,6.48995760580037,7,0.0000,0.0000,0.0000,0.0001,0.0106,0.1460,0.1874,0.6542,0.0016,0.0000
unfiltered/valid/068/371,6.427769032380819,7,0.0000,0.0000,0.0000,0.0002,0.0115,0.1796,0.1796,0.6270,0.0020,0.0000
unfiltered/valid/068/836,6.4207679046335135,7,0.0000,0.0000,0.0000,0.0002,0.0147,0.1790,0.1790,0.6246,0.0026,0.0000
unfiltered/valid/068/782,6.553485044704559,7,0.0000,0.0000,0.0000,0.0001,0.0059,0.1180,0.1946,0.6792,0.0022,0.0000
unfiltered/valid/068/925,5.3858921983372205,5,0.0000,0.0000,0.0000,0.0012,0.0652,0.6184,0.1772,0.1380,0.0001,0.0000
unfiltered/valid/068/294,5.9426343351265345,5,0.0000,0.0000,0.0000,0.0004,0.0287,0.3492,0.2720,0.3492,0.0005,0.0000
unfiltered/valid/068/750,6.259426007872439,7,0.0000,0.0000,0.0000,0.0002,0.0126,0.2531,0.1971,0.5357,0.0013,0.0000
unfiltered/valid/068/980,6.492767452586465,7,0.0000,0.0000,0.0000,0.0001,0.0093,0.1462,0.1877,0.6552,0.0014,0.0000
unfiltered/valid/068/620,6.493055220961248,7,0.0000,0.0000,0.0000,0.0001,0.0093,0.1462,0.1877,0.6551,0.0016,0.0000
unfiltered/valid/068/197,5.952131553101172,5,0.0000,0.0000,0.0000,0.0003,0.0239,0.3742,0.2269,0.3742,0.0005,0.0000
unfiltered/valid/069/897,6.693870958755834,7,0.0000,0.0000,0.0000,0.0000,0.0032,0.0819,0.1351,0.7773,0.0025,0.0000
unfiltered/valid/069/480,5.935042873917836,5,0.0000,0.0000,0.0000,0.0005,0.0321,0.3911,0.1847,0.3911,0.0004,0.0000
unfiltered/valid/069/268,4.476413931658185,4,0.0000,0.0000,0.0000,0.0386,0.4702,0.4702,0.0182,0.0028,0.0000,0.0000
unfiltered/valid/069/979,5.638384157790301,5,0.0000,0.0000,0.0000,0.0009,0.0427,0.5196,0.1912,0.2454,0.0003,0.0000
unfiltered/valid/069/6,6.124315095934235,7,0.0000,0.0000,0.0000,0.0004,0.0298,0.2827,0.2201,0.4661,0.0009,0.0000
unfiltered/valid/069/123,6.566780977325937,7,0.0000,0.0000,0.0000,0.0001,0.0101,0.1230,0.1579,0.7076,0.0014,0.0000
unfiltered/valid/069/751,5.938676029737716,5,0.0000,0.0000,0.0000,0.0004,0.0305,0.3716,0.2254,0.3716,0.0005,0.0000
unfiltered/valid/069/218,5.2611900560890845,5,0.0000,0.0000,0.0000,0.0019,0.0719,0.6818,0.1521,0.0923,0.0001,0.0000
unfiltered/valid/069/120,5.938794803784761,5,0.0000,0.0000,0.0000,0.0005,0.0305,0.3715,0.2253,0.3715,0.0006,0.0000
unfiltered/valid/069/314,5.939164821439789,5,0.0000,0.0000,0.0000,0.0005,0.0305,0.3715,0.2253,0.3715,0.0008,0.0000
unfiltered/valid/070/96,6.124695631590382,7,0.0000,0.0000,0.0000,0.0004,0.0298,0.2827,0.2201,0.4660,0.0010,0.0000
unfiltered/valid/070/713,6.037892449279971,7,0.0000,0.0000,0.0000,0.0004,0.0261,0.3177,0.2474,0.4079,0.0005,0.0000
unfiltered/valid/070/717,6.150046933715995,7,0.0000,0.0000,0.0000,0.0003,0.0183,0.2861,0.2228,0.4717,0.0009,0.0000
unfiltered/valid/070/285,6.3406033615340665,7,0.0000,0.0000,0.0000,0.0001,0.0104,0.2095,0.2095,0.5695,0.0010,0.0000
unfiltered/valid/070/551,5.539737743828353,5,0.0000,0.0000,0.0000,0.0012,0.0572,0.5424,0.1995,0.1995,0.0002,0.0000
unfiltered/valid/070/702,6.62235789555281,7,0.0000,0.0000,0.0000,0.0001,0.0063,0.0988,0.1629,0.7299,0.0021,0.0000
unfiltered/valid/070/831,6.245572060910829,7,0.0000,0.0000,0.0000,0.0002,0.0119,0.2397,0.2397,0.5074,0.0011,0.0000
unfiltered/valid/070/29,6.2401733858044475,7,0.0000,0.0000,0.0000,0.0003,0.0206,0.2511,0.1955,0.5316,0.0009,0.0000
unfiltered/valid/070/364,5.180959212694797,5,0.0000,0.0000,0.0000,0.0043,0.1414,0.6338,0.1101,0.1101,0.0002,0.0000
unfiltered/valid/070/906,6.149849204642488,7,0.0000,0.0000,0.0000,0.0003,0.0183,0.2861,0.2228,0.4717,0.0008,0.0000
unfiltered/valid/070/798,5.9387948609943955,5,0.0000,0.0000,0.0000,0.0005,0.0305,0.3715,0.2253,0.3715,0.0006,0.0000
unfiltered/valid/070/625,6.038050496097833,7,0.0000,0.0000,0.0000,0.0003,0.0261,0.3177,0.2474,0.4080,0.0005,0.0000
unfiltered/valid/070/682,6.409696206508148,7,0.0000,0.0000,0.0000,0.0001,0.0097,0.1712,0.2199,0.5976,0.0015,0.0000
unfiltered/valid/070/839,5.539336376328782,5,0.0000,0.0000,0.0000,0.0013,0.0572,0.5423,0.1995,0.1995,0.0002,0.0000
unfiltered/valid/070/869,6.405808016481731,7,0.0000,0.0000,0.0000,0.0001,0.0109,0.1711,0.2197,0.5971,0.0010,0.0000
unfiltered/valid/071/697,6.500291490874185,7,0.0000,0.0000,0.0000,0.0001,0.0064,0.1466,0.1883,0.6571,0.0014,0.0000
unfiltered/valid/071/753,5.414749058345482,5,0.0000,0.0000,0.0000,0.0022,0.0948,0.5457,0.2007,0.1563,0.0002,0.0000
unfiltered/valid/071/172,6.334594606578853,7,0.0000,0.0000,0.0000,0.0002,0.0133,0.2087,0.2087,0.5674,0.0016,0.0000
unfiltered/valid/071/526,5.938602070224083,5,0.0000,0.0000,0.0000,0.0006,0.0305,0.3715,0.2253,0.3715,0.0006,0.0000
unfiltered/valid/071/313,5.680408591571542,5,0.0000,0.0000,0.0000,0.0025,0.0639,0.4724,0.1738,0.2865,0.0008,0.0000
unfiltered/valid/071/176,6.239739845843803,7,0.0000,0.0000,0.0000,0.0004,0.0206,0.2511,0.1955,0.5315,0.0009,0.0000
unfiltered/valid/071/481,6.507867830573268,7,0.0000,0.0000,0.0000,0.0002,0.0125,0.1520,0.1520,0.6812,0.0022,0.0000
unfiltered/valid/071/10,6.1382296139252555,7,0.0000,0.0000,0.0000,0.0005,0.0234,0.2845,0.2216,0.4691,0.0009,0.0000
unfiltered/valid/071/785,6.343630908551933,7,0.0000,0.0000,0.0000,0.0001,0.0092,0.2098,0.2098,0.5702,0.0010,0.0000
unfiltered/valid/071/795,6.409910632786317,7,0.0000,0.0000,0.0000,0.0003,0.0188,0.1783,0.1783,0.6222,0.0022,0.0000
unfiltered/valid/071/188,5.592717059796411,5,0.0000,0.0000,0.0000,0.0016,0.0684,0.5052,0.1858,0.2386,0.0004,0.0000
unfiltered/valid/071/819,6.41933808936429,7,0.0000,0.0000,0.0000,0.0002,0.0147,0.1791,0.1791,0.6253,0.0015,0.0000
unfiltered/valid/071/694,6.2511856453865775,7,0.0000,0.0000,0.0000,0.0002,0.0161,0.2522,0.1964,0.5339,0.0012,0.0000
unfiltered/valid/071/585,6.4269462714831525,7,0.0000,0.0000,0.0000,0.0002,0.0115,0.1798,0.1798,0.6274,0.0014,0.0000
unfiltered/valid/071/639,5.938308921251588,5,0.0000,0.0000,0.0000,0.0007,0.0305,0.3714,0.2253,0.3714,0.0007,0.0000
unfiltered/valid/071/664,5.93913866135695,5,0.0000,0.0000,0.0000,0.0004,0.0305,0.3715,0.2253,0.3715,0.0007,0.0000
unfiltered/valid/071/867,6.004307921005592,7,0.0000,0.0000,0.0000,0.0010,0.0446,0.3296,0.1999,0.4233,0.0015,0.0000
unfiltered/valid/071/204,5.93498660662751,5,0.0000,0.0000,0.0000,0.0009,0.0321,0.3908,0.1846,0.3908,0.0009,0.0000
unfiltered/valid/071/831,6.158300272448356,7,0.0000,0.0000,0.0000,0.0002,0.0143,0.2874,0.2238,0.4738,0.0006,0.0000
unfiltered/valid/071/398,5.9430136798906625,5,0.0000,0.0000,0.0000,0.0003,0.0287,0.3492,0.2720,0.3492,0.0006,0.0000
unfiltered/valid/072/468,6.69078871086311,7,0.0000,0.0000,0.0000,0.0001,0.0046,0.0817,0.1348,0.7756,0.0032,0.0000
unfiltered/valid/072/371,6.594254240874702,7,0.0000,0.0000,0.0000,0.0001,0.0082,0.1276,0.1276,0.7344,0.0021,0.0000
unfiltered/valid/072/357,6.141020971277972,7,0.0000,0.0000,0.0000,0.0002,0.0172,0.2691,0.2691,0.4437,0.0008,0.0000
unfiltered/valid/072/827,6.150172696449974,7,0.0000,0.0000,0.0000,0.0002,0.0183,0.2861,0.2228,0.4718,0.0008,0.0000
unfiltered/valid/072/545,5.447324994256777,5,0.0000,0.0000,0.0000,0.0014,0.0755,0.5578,0.2052,0.1598,0.0002,0.0000
unfiltered/valid/072/688,4.60933170103985,5,0.0000,0.0000,0.0000,0.0232,0.3627,0.5979,0.0141,0.0022,0.0000,0.0000
unfiltered/valid/072/644,6.796533140756538,7,0.0000,0.0000,0.0000,0.0000,0.0031,0.0543,0.0895,0.8492,0.0039,0.0000
unfiltered/valid/072/480,6.341445569509042,7,0.0000,0.0000,0.0000,0.0001,0.0104,0.2094,0.2094,0.5692,0.0014,0.0000
unfiltered/valid/072/971,6.7271017960343285,7,0.0000,0.0000,0.0000,0.0000,0.0025,0.0650,0.1377,0.7922,0.0025,0.0000
unfiltered/valid/072/570,5.68291731844137,5,0.0000,0.0000,0.0000,0.0013,0.0640,0.4731,0.1740,0.2869,0.0006,0.0000
unfiltered/valid/072/599,6.139052017364908,7,0.0000,0.0000,0.0000,0.0003,0.0234,0.2846,0.2216,0.4692,0.0010,0.0000
unfiltered/valid/072/349,6.138507497907742,7,0.0000,0.0000,0.0000,0.0003,0.0234,0.2846,0.2217,0.4692,0.0008,0.0000
unfiltered/valid/073/804,6.576008306858967,7,0.0000,0.0000,0.0000,0.0001,0.0070,0.1233,0.1583,0.7094,0.0020,0.0000
unfiltered/valid/073/542,5.540353852664914,5,0.0000,0.0000,0.0000,0.0010,0.0572,0.5424,0.1995,0.1995,0.0003,0.0000
unfiltered/valid/073/391,6.569308750765771,7,0.0000,0.0000,0.0000,0.0002,0.0101,0.1227,0.1576,0.7062,0.0033,0.0000
unfiltered/valid/073/219,6.003213839228317,7,0.0000,0.0000,0.0000,0.0012,0.0446,0.3297,0.2000,0.4233,0.0012,0.0000
unfiltered/valid/073/1,5.938961554659567,5,0.0000,0.0000,0.0000,0.0004,0.0305,0.3716,0.2254,0.3716,0.0006,0.0000
unfiltered/valid/073/153,6.222289987695757,7,0.0000,0.0000,0.0000,0.0002,0.0143,0.2238,0.2873,0.4737,0.0007,0.0000
unfiltered/valid/073/445,4.99215536636663,5,0.0000,0.0000,0.0000,0.0083,0.1889,0.6594,0.0892,0.0541,0.0001,0.0000
unfiltered/valid/073/229,6.023212273195007,7,0.0000,0.0000,0.0000,0.0004,0.0332,0.3153,0.2455,0.4048,0.0007,0.0000
unfiltered/valid/073/277,6.426871239546846,7,0.0000,0.0000,0.0000,0.0002,0.0115,0.1798,0.1798,0.6274,0.0014,0.0000
unfiltered/valid/073/115,6.723942756251822,7,0.0000,0.0000,0.0000,0.0000,0.0037,0.0650,0.1375,0.7913,0.0025,0.0000
unfiltered/valid/073/646,6.419179451818202,7,0.0000,0.0000,0.0000,0.0002,0.0147,0.1791,0.1791,0.6253,0.0015,0.0000
unfiltered/valid/073/301,6.052920911899238,7,0.0000,0.0000,0.0000,0.0004,0.0216,0.3381,0.2051,0.4341,0.0007,0.0000
unfiltered/valid/073/530,5.618852929280133,5,0.0000,0.0000,0.0000,0.0009,0.0541,0.5134,0.1889,0.2425,0.0003,0.0000
unfiltered/valid/073/911,6.1499460807544235,7,0.0000,0.0000,0.0000,0.0002,0.0183,0.2861,0.2228,0.4717,0.0008,0.0000
unfiltered/valid/073/51,4.692452747140325,5,0.0000,0.0000,0.0000,0.0195,0.3048,0.6452,0.0250,0.0056,0.0000,0.0000
unfiltered/valid/073/247,5.3869740540345505,5,0.0000,0.0000,0.0000,0.0026,0.0992,0.5708,0.1635,0.1635,0.0003,0.0000
unfiltered/valid/073/871,6.043163998447013,7,0.0000,0.0000,0.0000,0.0004,0.0289,0.3518,0.1662,0.4517,0.0011,0.0000
unfiltered/valid/073/69,6.625728944667596,7,0.0000,0.0000,0.0000,0.0001,0.0049,0.0989,0.1631,0.7311,0.0018,0.0000
unfiltered/valid/073/261,6.138332087227062,7,0.0000,0.0000,0.0000,0.0003,0.0234,0.2846,0.2217,0.4693,0.0007,0.0000
unfiltered/valid/073/839,5.952134787481383,5,0.0000,0.0000,0.0000,0.0004,0.0239,0.3741,0.2269,0.3741,0.0006,0.0000
unfiltered/valid/073/371,6.138789640178427,7,0.0000,0.0000,0.0000,0.0004,0.0234,0.2845,0.2216,0.4691,0.0010,0.0000
unfiltered/valid/073/330,5.921590007204222,5,0.0000,0.0000,0.0000,0.0008,0.0388,0.3681,0.2233,0.3681,0.0008,0.0000
unfiltered/valid/074/31,6.777224324154327,7,0.0000,0.0000,0.0000,0.0000,0.0026,0.0530,0.1122,0.8288,0.0034,0.0000
unfiltered/valid/074/969,6.822452029820502,7,0.0000,0.0000,0.0000,0.0000,0.0024,0.0427,0.0905,0.8585,0.0058,0.0000
unfiltered/valid/074/541,6.547951960767099,7,0.0000,0.0000,0.0000,0.0001,0.0075,0.1179,0.1944,0.6787,0.0013,0.0000
unfiltered/valid/074/633,5.7220293186034334,5,0.0000,0.0000,0.0000,0.0009,0.0482,0.4572,0.2160,0.2773,0.0005,0.0000
unfiltered/valid/074/577,6.350181727257567,7,0.0000,0.0000,0.0000,0.0002,0.0140,0.2189,0.1705,0.5951,0.0013,0.0000
unfiltered/valid/074/315,6.727128130177948,7,0.0000,0.0000,0.0000,0.0000,0.0025,0.0650,0.1377,0.7922,0.0025,0.0000
unfiltered/valid/074/138,6.689898375975972,7,0.0000,0.0000,0.0000,0.0001,0.0046,0.0818,0.1349,0.7762,0.0025,0.0000
unfiltered/valid/074/54,6.250645601359692,7,0.0000,0.0000,0.0000,0.0002,0.0161,0.2523,0.1965,0.5340,0.0009,0.0000
unfiltered/valid/074/796,6.579943984909787,7,0.0000,0.0000,0.0000,0.0001,0.0054,0.1235,0.1585,0.7105,0.0020,0.0000
unfiltered/valid/074/351,5.917307534072275,5,0.0000,0.0000,0.0000,0.0008,0.0408,0.3873,0.1830,0.3873,0.0007,0.0000
unfiltered/valid/074/473,5.638378278512856,5,0.0000,0.0000,0.0000,0.0009,0.0513,0.4871,0.2301,0.2301,0.0004,0.0000
unfiltered/valid/074/244,5.942759129406706,5,0.0000,0.0000,0.0000,0.0003,0.0287,0.3492,0.2720,0.3492,0.0005,0.0000
unfiltered/valid/074/199,5.826299754057771,5,0.0000,0.0000,0.0000,0.0006,0.0368,0.4482,0.1649,0.3491,0.0004,0.0000
unfiltered/valid/074/661,5.939165134413528,5,0.0000,0.0000,0.0000,0.0005,0.0305,0.3715,0.2253,0.3715,0.0008,0.0000
unfiltered/valid/074/302,6.726005089528358,7,0.0000,0.0000,0.0000,0.0000,0.0037,0.0648,0.1373,0.7900,0.0041,0.0000
unfiltered/valid/075/93,4.80911741019995,5,0.0000,0.0000,0.0000,0.0157,0.2457,0.6680,0.0548,0.0157,0.0000,0.0000
unfiltered/valid/075/965,6.250857472126442,7,0.0000,0.0000,0.0000,0.0002,0.0161,0.2522,0.1964,0.5340,0.0010,0.0000
unfiltered/valid/075/96,4.677580349932897,5,0.0000,0.0000,0.0000,0.0175,0.3518,0.5800,0.0371,0.0136,0.0000,0.0000
unfiltered/valid/075/751,6.572838674194092,7,0.0000,0.0000,0.0000,0.0001,0.0079,0.1232,0.1582,0.7090,0.0016,0.0000
unfiltered/valid/075/399,6.3248641156211916,7,0.0000,0.0000,0.0000,0.0002,0.0171,0.2080,0.2080,0.5655,0.0011,0.0000
unfiltered/valid/075/484,6.139120107356342,7,0.0000,0.0000,0.0000,0.0005,0.0233,0.2844,0.2215,0.4688,0.0015,0.0000
unfiltered/valid/075/640,6.23998652350475,7,0.0000,0.0000,0.0000,0.0003,0.0206,0.2511,0.1956,0.5316,0.0008,0.0000
unfiltered/valid/075/944,5.650437356773368,5,0.0000,0.0000,0.0000,0.0024,0.0806,0.4640,0.1707,0.2814,0.0008,0.0000
unfiltered/valid/075/383,6.426617159917241,7,0.0000,0.0000,0.0000,0.0002,0.0115,0.1798,0.1798,0.6275,0.0012,0.0000
unfiltered/valid/075/772,6.240499189883725,7,0.0000,0.0000,0.0000,0.0003,0.0206,0.2510,0.1955,0.5314,0.0012,0.0000
unfiltered/valid/075/890,5.560819281443702,5,0.0000,0.0000,0.0000,0.0006,0.0451,0.5496,0.2022,0.2022,0.0002,0.0000
unfiltered/valid/075/884,6.424062064788508,7,0.0000,0.0000,0.0000,0.0002,0.0130,0.1794,0.1794,0.6261,0.0020,0.0000
unfiltered/valid/075/661,6.551121005814808,7,0.0000,0.0000,0.0000,0.0001,0.0067,0.1180,0.1945,0.6789,0.0019,0.0000
unfiltered/valid/075/249,6.241853092798823,7,0.0000,0.0000,0.0000,0.0002,0.0135,0.2393,0.2393,0.5066,0.0011,0.0000
unfiltered/valid/075/609,6.040405078648986,7,0.0000,0.0000,0.0000,0.0004,0.0276,0.3360,0.2038,0.4314,0.0007,0.0000
unfiltered/valid/075/906,5.38803234865689,5,0.0000,0.0000,0.0000,0.0021,0.0993,0.5712,0.1637,0.1637,0.0001,0.0000
unfiltered/valid/075/759,6.622357808686864,7,0.0000,0.0000,0.0000,0.0001,0.0063,0.0988,0.1629,0.7299,0.0021,0.0000
unfiltered/valid/075/47,4.973828521468189,5,0.0000,0.0000,0.0000,0.0075,0.1929,0.6733,0.0710,0.0553,0.0001,0.0000
unfiltered/valid/075/990,5.834161058387268,5,0.0000,0.0000,0.0000,0.0005,0.0352,0.4282,0.2023,0.3335,0.0003,0.0000
unfiltered/valid/075/769,6.0423241941118,7,0.0000,0.0000,0.0000,0.0005,0.0289,0.3518,0.1662,0.4517,0.0009,0.0000
unfiltered/valid/075/588,5.935767485035178,5,0.0000,0.0000,0.0000,0.0005,0.0321,0.3910,0.1847,0.3910,0.0008,0.0000
unfiltered/valid/075/457,6.240355568655093,7,0.0000,0.0000,0.0000,0.0004,0.0206,0.2510,0.1955,0.5314,0.0012,0.0000
unfiltered/valid/076/801,5.938556871521261,5,0.0000,0.0000,0.0000,0.0004,0.0305,0.3716,0.2254,0.3716,0.0004,0.0000
unfiltered/valid/076/693,6.149519799707051,7,0.0000,0.0000,0.0000,0.0003,0.0183,0.2862,0.2229,0.4718,0.0006,0.0000
unfiltered/valid/076/663,6.51679483733894,7,0.0000,0.0000,0.0000,0.0001,0.0086,0.1527,0.1527,0.6845,0.0013,0.0000
unfiltered/valid/076/21,5.9389682701896955,5,0.0000,0.0000,0.0000,0.0005,0.0305,0.3715,0.2253,0.3715,0.0007,0.0000
unfiltered/valid/076/172,6.398104419406542,7,0.0000,0.0000,0.0000,0.0002,0.0140,0.1706,0.2190,0.5954,0.0009,0.0000
unfiltered/valid/076/672,6.575641713398339,7,0.0000,0.0000,0.0000,0.0001,0.0070,0.1233,0.1583,0.7096,0.0018,0.0000
unfiltered/valid/076/193,6.622392284474796,7,0.0000,0.0000,0.0000,0.0001,0.0063,0.0988,0.1629,0.7299,0.0021,0.0000
unfiltered/valid/076/432,6.038184143977266,7,0.0000,0.0000,0.0000,0.0004,0.0261,0.3177,0.2474,0.4079,0.0006,0.0000
unfiltered/valid/076/737,6.0387315383472195,7,0.0000,0.0000,0.0000,0.0004,0.0261,0.3176,0.2473,0.4078,0.0009,0.0000
unfiltered/valid/077/723,6.038033913050913,7,0.0000,0.0000,0.0000,0.0004,0.0261,0.3176,0.2474,0.4079,0.0006,0.0000
unfiltered/valid/077/41,6.4931103480134675,7,0.0000,0.0000,0.0000,0.0001,0.0093,0.1462,0.1877,0.6551,0.0016,0.0000
unfiltered/valid/077/973,6.237021786378913,7,0.0000,0.0000,0.0000,0.0001,0.0153,0.2390,0.2390,0.5060,0.0005,0.0000
unfiltered/valid/077/807,6.251465164814194,7,0.0000,0.0000,0.0000,0.0003,0.0161,0.2521,0.1963,0.5337,0.0015,0.0000
unfiltered/valid/077/94,5.935221789063286,5,0.0000,0.0000,0.0000,0.0005,0.0321,0.3911,0.1848,0.3911,0.0004,0.0000
unfiltered/valid/077/621,5.708284659529946,5,0.0000,0.0000,0.0000,0.0007,0.0506,0.4803,0.1767,0.2913,0.0003,0.0000
unfiltered/valid/077/855,5.5410263692948885,5,0.0000,0.0000,0.0000,0.0031,0.0896,0.5155,0.1477,0.2435,0.0007,0.0000
unfiltered/valid/077/67,5.917124928285723,5,0.0000,0.0000,0.0000,0.0008,0.0408,0.3873,0.1830,0.3873,0.0007,0.0000
unfiltered/valid/077/886,5.707499081325209,5,0.0000,0.0000,0.0000,0.0011,0.0506,0.4801,0.1766,0.2912,0.0004,0.0000
unfiltered/valid/077/271,6.692301733880524,7,0.0000,0.0000,0.0000,0.0001,0.0041,0.0818,0.1349,0.7761,0.0032,0.0000
unfiltered/valid/077/483,6.333764129794913,7,0.0000,0.0000,0.0000,0.0002,0.0134,0.2088,0.2088,0.5677,0.0011,0.0000
unfiltered/valid/077/301,5.647749282879996,5,0.0000,0.0000,0.0000,0.0035,0.0805,0.4634,0.1705,0.2811,0.0009,0.0000
unfiltered/valid/077/844,5.5404046410601655,5,0.0000,0.0000,0.0000,0.0009,0.0572,0.5425,0.1996,0.1996,0.0002,0.0000
unfiltered/valid/077/243,5.899813895760061,5,0.0000,0.0000,0.0000,0.0012,0.0493,0.3640,0.2208,0.3640,0.0009,0.0000
unfiltered/valid/077/776,6.497862206982859,7,0.0000,0.0000,0.0000,0.0001,0.0073,0.1465,0.1881,0.6567,0.0013,0.0000
unfiltered/valid/077/195,6.350007463984088,7,0.0000,0.0000,0.0000,0.0002,0.0140,0.2190,0.1705,0.5952,0.0011,0.0000
unfiltered/valid/078/197,6.72672483369512,7,0.0000,0.0000,0.0000,0.0000,0.0025,0.0650,0.1377,0.7925,0.0022,0.0000
unfiltered/valid/078/80,5.49101823948736,5,0.0000,0.0000,0.0000,0.0020,0.0755,0.5575,0.1597,0.2051,0.0002,0.0000
unfiltered/valid/078/19,6.053357928966682,7,0.0000,0.0000,0.0000,0.0003,0.0216,0.3381,0.2051,0.4341,0.0007,0.0000
unfiltered/valid/078/221,5.740778949851655,5,0.0000,0.0000,0.0000,0.0006,0.0380,0.4624,0.2184,0.2804,0.0002,0.0000
unfiltered/valid/078/928,5.39846210319369,5,0.0000,0.0000,0.0000,0.0015,0.0821,0.6069,0.1354,0.1739,0.0001,0.0000
unfiltered/valid/078/652,5.952879393567925,5,0.0000,0.0000,0.0000,0.0004,0.0239,0.3740,0.2268,0.3740,0.0009,0.0000
unfiltered/valid/078/443,6.038012035794621,7,0.0000,0.0000,0.0000,0.0005,0.0261,0.3176,0.2473,0.4077,0.0008,0.0000
unfiltered/valid/078/676,6.575605885355944,7,0.0000,0.0000,0.0000,0.0001,0.0070,0.1233,0.1583,0.7096,0.0018,0.0000
unfiltered/valid/078/165,6.801830850253725,7,0.0000,0.0000,0.0000,0.0000,0.0018,0.0417,0.1135,0.8385,0.0044,0.0000
unfiltered/valid/078/684,5.306672990239962,5,0.0000,0.0000,0.0000,0.0015,0.0700,0.6646,0.1483,0.1155,0.0001,0.0000
unfiltered/valid/078/423,6.023936801263098,7,0.0000,0.0000,0.0000,0.0006,0.0351,0.3333,0.2022,0.4280,0.0007,0.0000
unfiltered/valid/078/196,6.138367945654465,7,0.0000,0.0000,0.0000,0.0004,0.0234,0.2846,0.2216,0.4692,0.0008,0.0000
unfiltered/valid/078/33,5.737872424865517,5,0.0000,0.0000,0.0000,0.0008,0.0454,0.4308,0.2613,0.2613,0.0003,0.0000
unfiltered/valid/078/60,5.542684559427986,5,0.0000,0.0000,0.0000,0.0021,0.0897,0.5161,0.1479,0.2438,0.0004,0.0000
unfiltered/valid/078/562,6.573513983193603,7,0.0000,0.0000,0.0000,0.0001,0.0079,0.1232,0.1581,0.7087,0.0020,0.0000
unfiltered/valid/078/56,5.421200532943486,5,0.0000,0.0000,0.0000,0.0013,0.0791,0.5845,0.1675,0.1675,0.0002,0.0000
unfiltered/valid/079/630,6.227535696855748,7,0.0000,0.0000,0.0000,0.0003,0.0195,0.2379,0.2379,0.5036,0.0009,0.0000
unfiltered/valid/079/396,5.834405032279492,5,0.0000,0.0000,0.0000,0.0006,0.0351,0.4280,0.2022,0.3334,0.0006,0.0000
unfiltered/valid/079/123,5.942332850202161,5,0.0000,0.0000,0.0000,0.0005,0.0287,0.3492,0.2720,0.3492,0.0005,0.0000
unfiltered/valid/079/134,6.487913631469869,7,0.0000,0.0000,0.0000,0.0002,0.0120,0.1456,0.1870,0.6526,0.0027,0.0000
unfiltered/valid/079/705,6.258791325440786,7,0.0000,0.0000,0.0000,0.0002,0.0126,0.2532,0.1972,0.5359,0.0009,0.0000
unfiltered/valid/079/542,6.407152746868177,7,0.0000,0.0000,0.0000,0.0002,0.0109,0.1709,0.2195,0.5966,0.0019,0.0000
unfiltered/valid/079/424,6.693565092784436,7,0.0000,0.0000,0.0000,0.0001,0.0036,0.0818,0.1349,0.7764,0.0032,0.0000
unfiltered/valid/079/528,6.251784679474265,7,0.0000,0.0000,0.0000,0.0003,0.0215,0.2623,0.1591,0.5553,0.0014,0.0000
unfiltered/valid/079/448,6.551562756261498,7,0.0000,0.0000,0.0000,0.0001,0.0067,0.1179,0.1945,0.6787,0.0022,0.0000
unfiltered/valid/079/170,5.938602155562535,5,0.0000,0.0000,0.0000,0.0006,0.0305,0.3715,0.2253,0.3715,0.0006,0.0000
unfiltered/valid/079/563,5.93855686386849,5,0.0000,0.0000,0.0000,0.0004,0.0305,0.3716,0.2254,0.3716,0.0004,0.0000
unfiltered/valid/079/205,5.867049419682528,5,0.0000,0.0000,0.0000,0.0003,0.0244,0.3811,0.2968,0.2968,0.0005,0.0000
unfiltered/valid/079/461,5.843264996463391,5,0.0000,0.0000,0.0000,0.0005,0.0332,0.4049,0.2456,0.3154,0.0004,0.0000
unfiltered/valid/080/45,5.722185373309665,5,0.0000,0.0000,0.0000,0.0008,0.0482,0.4573,0.2160,0.2773,0.0004,0.0000
unfiltered/valid/080/465,6.334357088459371,7,0.0000,0.0000,0.0000,0.0002,0.0133,0.2088,0.2088,0.5675,0.0014,0.0000
unfiltered/valid/080/956,5.59390693934961,5,0.0000,0.0000,0.0000,0.0011,0.0684,0.5054,0.1859,0.2388,0.0004,0.0000
unfiltered/valid/080/324,6.428345601685232,7,0.0000,0.0000,0.0000,0.0002,0.0115,0.1796,0.1796,0.6269,0.0023,0.0000
unfiltered/valid/080/704,6.437791795472476,7,0.0000,0.0000,0.0000,0.0001,0.0070,0.1807,0.1807,0.6305,0.0011,0.0000
unfiltered/valid/080/697,6.5470928993105755,7,0.0000,0.0000,0.0000,0.0001,0.0085,0.1177,0.1940,0.6772,0.0024,0.0000
unfiltered/valid/080/16,5.935767485035178,5,0.0000,0.0000,0.0000,0.0005,0.0321,0.3910,0.1847,0.3910,0.0008,0.0000
unfiltered/valid/080/15,4.89835090672575,5,0.0000,0.0000,0.0000,0.0088,0.1997,0.6970,0.0735,0.0210,0.0000,0.0000
unfiltered/valid/080/606,5.4920143219867015,5,0.0000,0.0000,0.0000,0.0018,0.0755,0.5576,0.1597,0.2051,0.0003,0.0000
unfiltered/valid/080/263,6.74728085871103,7,0.0000,0.0000,0.0000,0.0001,0.0043,0.0668,0.1102,0.8143,0.0043,0.0000
unfiltered/valid/081/983,5.935767536435653,5,0.0000,0.0000,0.0000,0.0005,0.0321,0.3910,0.1847,0.3910,0.0008,0.0000
unfiltered/valid/081/548,6.334007556427327,7,0.0000,0.0000,0.0000,0.0002,0.0133,0.2088,0.2088,0.5676,0.0012,0.0000
unfiltered/valid/081/451,4.9286577404407765,5,0.0000,0.0000,0.0000,0.0076,0.1972,0.6883,0.0725,0.0343,0.0000,0.0000
unfiltered/valid/081/76,6.049988769900982,7,0.0000,0.0000,0.0000,0.0003,0.0204,0.3196,0.2489,0.4104,0.0004,0.0000
unfiltered/valid/081/121,5.853844560658446,5,0.0000,0.0000,0.0000,0.0004,0.0311,0.3785,0.2948,0.2948,0.0004,0.0000
unfiltered/valid/081/431,5.649167076852581,5,0.0000,0.0000,0.0000,0.0028,0.0806,0.4639,0.1707,0.2814,0.0006,0.0000
unfiltered/valid/081/678,5.167454597824635,5,0.0000,0.0000,0.0000,0.0027,0.1154,0.6638,0.1481,0.0700,0.0001,0.0000
unfiltered/valid/081/179,5.741121144747509,5,0.0000,0.0000,0.0000,0.0005,0.0380,0.4624,0.2184,0.2804,0.0003,0.0000
unfiltered/valid/081/725,6.576008186836006,7,0.0000,0.0000,0.0000,0.0001,0.0070,0.1233,0.1583,0.7094,0.0020,0.0000
unfiltered/valid/081/743,6.117146520519132,7,0.0000,0.0000,0.0000,0.0004,0.0280,0.2661,0.2661,0.4386,0.0008,0.0000
unfiltered/valid/081/372,5.539617892643698,5,0.0000,0.0000,0.0000,0.0035,0.0896,0.5154,0.1477,0.2434,0.0005,0.0000
unfiltered/valid/082/974,6.32425626263821,7,0.0000,0.0000,0.0000,0.0003,0.0171,0.2081,0.2081,0.5656,0.0009,0.0000
unfiltered/valid/082/313,6.341424918210826,7,0.0000,0.0000,0.0000,0.0003,0.0179,0.2179,0.1697,0.5923,0.0019,0.0000
unfiltered/valid/082/417,5.388721733699462,5,0.0000,0.0000,0.0000,0.0018,0.0993,0.5713,0.1637,0.1637,0.0002,0.0000
unfiltered/valid/082/754,6.4905909761158735,7,0.0000,0.0000,0.0000,0.0002,0.0106,0.1459,0.1874,0.6539,0.0021,0.0000
unfiltered/valid/082/558,6.14967412720478,7,0.0000,0.0000,0.0000,0.0003,0.0183,0.2861,0.2228,0.4718,0.0007,0.0000
unfiltered/valid/082/223,6.111004557011532,7,0.0000,0.0000,0.0000,0.0014,0.0398,0.2939,0.1783,0.4846,0.0020,0.0000
unfiltered/valid/082/252,6.138192491682882,7,0.0000,0.0000,0.0000,0.0004,0.0234,0.2846,0.2217,0.4693,0.0007,0.0000
unfiltered/valid/082/7,6.581650756902774,7,0.0000,0.0000,0.0000,0.0001,0.0048,0.1235,0.1586,0.7110,0.0020,0.0000
unfiltered/valid/082/259,5.83480853988869,5,0.0000,0.0000,0.0000,0.0005,0.0351,0.4281,0.2022,0.3334,0.0006,0.0000
unfiltered/valid/082/636,6.722614568298194,7,0.0000,0.0000,0.0000,0.0000,0.0042,0.0649,0.1374,0.7909,0.0025,0.0000
unfiltered/valid/082/67,6.237220708892388,7,0.0000,0.0000,0.0000,0.0002,0.0153,0.2389,0.2389,0.5059,0.0008,0.0000
unfiltered/valid/082/716,6.418571343298531,7,0.0000,0.0000,0.0000,0.0002,0.0147,0.1792,0.1792,0.6256,0.0011,0.0000
unfiltered/valid/082/909,6.333922507791005,7,0.0000,0.0000,0.0000,0.0002,0.0133,0.2088,0.2088,0.5676,0.0012,0.0000
unfiltered/valid/082/830,6.0532324033787415,7,0.0000,0.0000,0.0000,0.0003,0.0216,0.3381,0.2051,0.4341,0.0007,0.0000
unfiltered/valid/083/290,6.667861042451017,7,0.0000,0.0000,0.0000,0.0000,0.0031,0.0789,0.1671,0.7488,0.0021,0.0000
unfiltered/valid/083/613,6.3340817562595095,7,0.0000,0.0000,0.0000,0.0002,0.0133,0.2088,0.2088,0.5676,0.0012,0.0000
unfiltered/valid/083/870,5.5189883512597175,5,0.0000,0.0000,0.0000,0.0010,0.0598,0.5676,0.1626,0.2088,0.0002,0.0000
unfiltered/valid/083/517,5.560900068402111,5,0.0000,0.0000,0.0000,0.0006,0.0451,0.5497,0.2022,0.2022,0.0002,0.0000
unfiltered/valid/083/734,6.777410252724509,7,0.0000,0.0000,0.0000,0.0000,0.0030,0.0529,0.1120,0.8277,0.0043,0.0000
unfiltered/valid/083/948,5.574819568592478,5,0.0000,0.0000,0.0000,0.0019,0.0713,0.5267,0.1509,0.2488,0.0005,0.0000
unfiltered/valid/083/1,6.432830335962996,7,0.0000,0.0000,0.0000,0.0001,0.0090,0.1803,0.1803,0.6293,0.0011,0.0000
unfiltered/valid/083/130,6.050119367840958,7,0.0000,0.0000,0.0000,0.0003,0.0204,0.3196,0.2489,0.4103,0.0005,0.0000
unfiltered/valid/083/400,6.240626230745618,7,0.0000,0.0000,0.0000,0.0003,0.0206,0.2510,0.1955,0.5314,0.0012,0.0000
unfiltered/valid/083/469,6.149616639497077,7,0.0000,0.0000,0.0000,0.0002,0.0183,0.2862,0.2229,0.4718,0.0006,0.0000
unfiltered/valid/083/203,5.741418976157387,5,0.0000,0.0000,0.0000,0.0005,0.0379,0.4623,0.2184,0.2804,0.0004,0.0000
unfiltered/valid/083/554,5.03734898045277,5,0.0000,0.0000,0.0000,0.0034,0.1289,0.7420,0.0782,0.0474,0.0000,0.0000
unfiltered/valid/083/993,5.833853824100497,5,0.0000,0.0000,0.0000,0.0007,0.0351,0.4281,0.2022,0.3334,0.0005,0.0000
unfiltered/valid/084/487,5.419971397823858,5,0.0000,0.0000,0.0000,0.0019,0.0791,0.5841,0.1674,0.1674,0.0002,0.0000
unfiltered/valid/084/632,6.1495645183493854,7,0.0000,0.0000,0.0000,0.0003,0.0183,0.2861,0.2228,0.4717,0.0007,0.0000
unfiltered/valid/084/161,6.340586541442555,7,0.0000,0.0000,0.0000,0.0004,0.0179,0.2180,0.1698,0.5925,0.0015,0.0000
unfiltered/valid/084/566,6.575310711952424,7,0.0000,0.0000,0.0000,0.0001,0.0070,0.1233,0.1584,0.7097,0.0016,0.0000
unfiltered/valid/084/745,5.070413729879944,5,0.0000,0.0000,0.0000,0.0035,0.1503,0.6737,0.1171,0.0553,0.0000,0.0000
unfiltered/valid/084/897,6.689869905727877,7,0.0000,0.0000,0.0000,0.0001,0.0046,0.0818,0.1349,0.7762,0.0025,0.0000
unfiltered/valid/084/834,6.649211603342567,7,0.0000,0.0000,0.0000,0.0001,0.0051,0.1027,0.1318,0.7585,0.0019,0.0000
unfiltered/valid/084/220,4.536751024743333,5,0.0000,0.0000,0.0000,0.0341,0.4150,0.5329,0.0161,0.0019,0.0000,0.0000
unfiltered/valid/084/774,5.49182041564173,5,0.0000,0.0000,0.0000,0.0018,0.0755,0.5576,0.1598,0.2051,0.0003,0.0000
unfiltered/valid/084/512,6.426758662211212,7,0.0000,0.0000,0.0000,0.0001,0.0115,0.1798,0.1798,0.6276,0.0012,0.0000
unfiltered/valid/084/908,5.419535153977636,5,0.0000,0.0000,0.0000,0.0021,0.0790,0.5840,0.1673,0.1673,0.0003,0.0000
unfiltered/valid/084/490,6.622357993984214,7,0.0000,0.0000,0.0000,0.0001,0.0063,0.0988,0.1629,0.7299,0.0021,0.0000
unfiltered/valid/085/517,6.240626159082593,7,0.0000,0.0000,0.0000,0.0003,0.0206,0.2510,0.1955,0.5314,0.0012,0.0000
unfiltered/valid/085/693,6.499906717116761,7,0.0000,0.0000,0.0000,0.0001,0.0073,0.1463,0.1879,0.6557,0.0027,0.0000
unfiltered/valid/085/542,6.4066466326715155,7,0.0000,0.0000,0.0000,0.0002,0.0109,0.1710,0.2195,0.5967,0.0017,0.0000
unfiltered/valid/085/476,5.741295358773126,5,0.0000,0.0000,0.0000,0.0005,0.0380,0.4624,0.2184,0.2805,0.0003,0.0000
unfiltered/valid/085/788,6.258751106450524,7,0.0000,0.0000,0.0000,0.0002,0.0126,0.2532,0.1972,0.5360,0.0008,0.0000
unfiltered/valid/085/681,5.246428245603687,5,0.0000,0.0000,0.0000,0.0029,0.1103,0.6347,0.1416,0.1103,0.0001,0.0000
unfiltered/valid/085/685,6.754192931775161,7,0.0000,0.0000,0.0000,0.0000,0.0018,0.0514,0.1398,0.8047,0.0023,0.0000
unfiltered/valid/085/825,5.7213726083441125,5,0.0000,0.0000,0.0000,0.0010,0.0482,0.4572,0.2160,0.2773,0.0003,0.0000
unfiltered/valid/085/242,4.99412744159299,5,0.0000,0.0000,0.0000,0.0073,0.1891,0.6600,0.0893,0.0542,0.0001,0.0000
unfiltered/valid/085/887,6.689517741698481,7,0.0000,0.0000,0.0000,0.0001,0.0046,0.0818,0.1349,0.7764,0.0022,0.0000
unfiltered/valid/085/682,5.707394452917984,5,0.0000,0.0000,0.0000,0.0011,0.0506,0.4801,0.1766,0.2912,0.0003,0.0000
unfiltered/valid/085/26,5.5757646774007785,5,0.0000,0.0000,0.0000,0.0015,0.0713,0.5269,0.1510,0.2489,0.0004,0.0000
unfiltered/valid/085/237,6.341399485357807,7,0.0000,0.0000,0.0000,0.0002,0.0179,0.2180,0.1698,0.5925,0.0017,0.0000
unfiltered/valid/085/933,6.342166734933248,7,0.0000,0.0000,0.0000,0.0004,0.0179,0.2178,0.1696,0.5920,0.0024,0.0000
unfiltered/valid/085/629,5.136349513825438,5,0.0000,0.0000,0.0000,0.0039,0.1451,0.6501,0.1130,0.0880,0.0001,0.0000
unfiltered/valid/085/842,6.038175248524132,7,0.0000,0.0000,0.0000,0.0003,0.0261,0.3177,0.2474,0.4079,0.0005,0.0000
unfiltered/valid/085/220,6.333549723075229,7,0.0000,0.0000,0.0000,0.0002,0.0134,0.2089,0.2089,0.5678,0.0010,0.0000
unfiltered/valid/085/551,6.040224829222028,7,0.0000,0.0000,0.0000,0.0005,0.0276,0.3360,0.2038,0.4314,0.0007,0.0000
unfiltered/valid/085/596,5.180904925508786,5,0.0000,0.0000,0.0000,0.0043,0.1414,0.6339,0.1101,0.1101,0.0001,0.0000
unfiltered/valid/085/830,5.922110923071463,5,0.0000,0.0000,0.0000,0.0006,0.0388,0.3682,0.2233,0.3682,0.0008,0.0000
unfiltered/valid/085/114,6.053499558684985,7,0.0000,0.0000,0.0000,0.0004,0.0216,0.3380,0.2050,0.4340,0.0009,0.0000
unfiltered/valid/086/44,5.84861498048029,5,0.0000,0.0000,0.0000,0.0004,0.0276,0.4316,0.2039,0.3361,0.0003,0.0000
unfiltered/valid/086/300,6.0499945443972,7,0.0000,0.0000,0.0000,0.0003,0.0204,0.3196,0.2489,0.4103,0.0005,0.0000
unfiltered/valid/086/629,5.916491908729,5,0.0000,0.0000,0.0000,0.0010,0.0408,0.3874,0.1830,0.3874,0.0005,0.0000
unfiltered/valid/086/856,5.825269795505772,5,0.0000,0.0000,0.0000,0.0008,0.0423,0.4010,0.2432,0.3123,0.0004,0.0000
unfiltered/valid/086/872,6.552377184335436,7,0.0000,0.0000,0.0000,0.0001,0.0066,0.1179,0.1943,0.6783,0.0028,0.0000
unfiltered/valid/086/167,5.697689579874139,5,0.0000,0.0000,0.0000,0.0011,0.0610,0.4510,0.2130,0.2735,0.0003,0.0000
unfiltered/valid/086/970,6.690977566010161,7,0.0000,0.0000,0.0000,0.0001,0.0041,0.0819,0.1350,0.7768,0.0022,0.0000
unfiltered/valid/086/870,5.199897492223165,5,0.0000,0.0000,0.0000,0.0019,0.0923,0.6818,0.1521,0.0719,0.0001,0.0000
unfiltered/valid/086/682,5.540404671663548,5,0.0000,0.0000,0.0000,0.0009,0.0572,0.5425,0.1996,0.1996,0.0002,0.0000
unfiltered/valid/086/764,5.721692451822485,5,0.0000,0.0000,0.0000,0.0009,0.0482,0.4573,0.2160,0.2773,0.0003,0.0000
unfiltered/valid/086/337,6.468870597508095,7,0.0000,0.0000,0.0000,0.0001,0.0089,0.1387,0.2287,0.6217,0.0020,0.0000
unfiltered/valid/086/624,6.0383757111722405,7,0.0000,0.0000,0.0000,0.0004,0.0261,0.3176,0.2473,0.4078,0.0008,0.0000
unfiltered/valid/086/437,5.3570877744356045,5,0.0000,0.0000,0.0000,0.0028,0.0820,0.6061,0.1736,0.1352,0.0002,0.0000
unfiltered/valid/087/566,6.238173087989063,7,0.0000,0.0000,0.0000,0.0002,0.0153,0.2388,0.2388,0.5056,0.0013,0.0000
unfiltered/valid/087/22,6.699754033914736,7,0.0000,0.0000,0.0000,0.0000,0.0024,0.0626,0.1701,0.7624,0.0024,0.0000
unfiltered/valid/087/917,6.240898234238966,7,0.0000,0.0000,0.0000,0.0003,0.0206,0.2510,0.1955,0.5313,0.0013,0.0000
unfiltered/valid/087/716,5.816041374274895,5,0.0000,0.0000,0.0000,0.0007,0.0447,0.4238,0.2002,0.3300,0.0006,0.0000
unfiltered/valid/087/386,6.340559367472838,7,0.0000,0.0000,0.0000,0.0005,0.0179,0.2179,0.1697,0.5923,0.0017,0.0000
unfiltered/valid/087/406,6.025414589584756,7,0.0000,0.0000,0.0000,0.0006,0.0351,0.3331,0.2021,0.4278,0.0014,0.0000
unfiltered/valid/087/987,6.138369105963633,7,0.0000,0.0000,0.0000,0.0002,0.0234,0.2847,0.2217,0.4694,0.0005,0.0000
unfiltered/valid/087/569,5.707499113284678,5,0.0000,0.0000,0.0000,0.0011,0.0506,0.4801,0.1766,0.2912,0.0004,0.0000
unfiltered/valid/087/849,6.398963854378675,7,0.0000,0.0000,0.0000,0.0002,0.0140,0.1705,0.2189,0.5950,0.0015,0.0000
unfiltered/valid/087/459,5.815462714215904,5,0.0000,0.0000,0.0000,0.0008,0.0447,0.4238,0.2002,0.3300,0.0005,0.0000
unfiltered/valid/087/956,6.581049131579858,7,0.0000,0.0000,0.0000,0.0001,0.0048,0.1236,0.1587,0.7113,0.0016,0.0000
unfiltered/valid/087/702,6.548324400211288,7,0.0000,0.0000,0.0000,0.0001,0.0075,0.1179,0.1944,0.6786,0.0015,0.0000
unfiltered/valid/087/822,6.023766769723594,7,0.0000,0.0000,0.0000,0.0006,0.0351,0.3334,0.2022,0.4280,0.0006,0.0000
unfiltered/valid/088/294,6.575938987421421,7,0.0000,0.0000,0.0000,0.0001,0.0070,0.1233,0.1583,0.7094,0.0020,0.0000
unfiltered/valid/088/402,4.892981594553311,5,0.0000,0.0000,0.0000,0.0089,0.2018,0.7042,0.0578,0.0273,0.0000,0.0000
unfiltered/valid/088/232,6.137744495383785,7,0.0000,0.0000,0.0000,0.0004,0.0234,0.2847,0.2217,0.4693,0.0005,0.0000
unfiltered/valid/088/235,5.697129680215303,5,0.0000,0.0000,0.0000,0.0014,0.0610,0.4508,0.2129,0.2734,0.0004,0.0000
unfiltered/valid/088/242,6.245313670924505,7,0.0000,0.0000,0.0000,0.0001,0.0119,0.2398,0.2398,0.5076,0.0009,0.0000
unfiltered/valid/088/96,5.211760229956342,5,0.0000,0.0000,0.0000,0.0044,0.1646,0.5745,0.1282,0.1282,0.0002,0.0000
unfiltered/valid/088/864,5.722455438127245,5,0.0000,0.0000,0.0000,0.0008,0.0482,0.4572,0.2160,0.2773,0.0005,0.0000
unfiltered/valid/088/17,5.654380370850224,5,0.0000,0.0000,0.0000,0.0007,0.0335,0.5247,0.1930,0.2478,0.0002,0.0000
unfiltered/valid/088/15,5.741208236228841,5,0.0000,0.0000,0.0000,0.0005,0.0380,0.4624,0.2184,0.2804,0.0003,0.0000
unfiltered/valid/088/377,6.692301363695995,7,0.0000,0.0000,0.0000,0.0001,0.0041,0.0818,0.1349,0.7761,0.0032,0.0000
unfiltered/valid/088/320,4.832186217795554,5,0.0000,0.0000,0.0000,0.0084,0.2464,0.6699,0.0550,0.0202,0.0000,0.0000
unfiltered/valid/088/832,6.499059128297749,7,0.0000,0.0000,0.0000,0.0001,0.0073,0.1464,0.1880,0.6561,0.0021,0.0000
unfiltered/valid/088/471,6.240499229642233,7,0.0000,0.0000,0.0000,0.0003,0.0206,0.2510,0.1955,0.5314,0.0012,0.0000
unfiltered/valid/088/800,5.095629729593835,5,0.0000,0.0000,0.0000,0.0057,0.1477,0.6618,0.1150,0.0698,0.0001,0.0000
unfiltered/valid/088/854,6.555014524335109,7,0.0000,0.0000,0.0000,0.0001,0.0052,0.1181,0.1948,0.6799,0.0019,0.0000
unfiltered/valid/088/875,6.325191917430499,7,0.0000,0.0000,0.0000,0.0002,0.0171,0.2080,0.2080,0.5655,0.0012,0.0000
unfiltered/valid/088/860,5.61839797104891,5,0.0000,0.0000,0.0000,0.0013,0.0541,0.5130,0.1887,0.2423,0.0005,0.0000
unfiltered/valid/088/429,5.276249536619996,5,0.0000,0.0000,0.0000,0.0025,0.1061,0.6104,0.1749,0.1061,0.0001,0.0000
unfiltered/valid/088/399,6.237303513497963,7,0.0000,0.0000,0.0000,0.0002,0.0153,0.2390,0.2390,0.5059,0.0008,0.0000
unfiltered/valid/088/518,6.240771753492673,7,0.0000,0.0000,0.0000,0.0003,0.0206,0.2510,0.1955,0.5313,0.0013,0.0000
unfiltered/valid/088/899,6.577635613837046,7,0.0000,0.0000,0.0000,0.0001,0.0069,0.1231,0.1581,0.7085,0.0033,0.0000
unfiltered/valid/088/748,6.05323236786673,7,0.0000,0.0000,0.0000,0.0003,0.0216,0.3381,0.2051,0.4341,0.0007,0.0000
unfiltered/valid/088/955,5.114160030986698,5,0.0000,0.0000,0.0000,0.0037,0.1224,0.7043,0.0953,0.0742,0.0001,0.0000
unfiltered/valid/088/542,5.334352327674431,5,0.0000,0.0000,0.0000,0.0016,0.0854,0.6312,0.1408,0.1408,0.0001,0.0000
unfiltered/valid/089/903,6.3217343340949155,7,0.0000,0.0000,0.0000,0.0001,0.0098,0.1977,0.2539,0.5374,0.0010,0.0000
unfiltered/valid/089/94,6.55286741453982,7,0.0000,0.0000,0.0000,0.0001,0.0059,0.1181,0.1947,0.6796,0.0017,0.0000
unfiltered/valid/089/377,4.830119568963541,5,0.0000,0.0000,0.0000,0.0095,0.2462,0.6691,0.0549,0.0202,0.0000,0.0000
unfiltered/valid/089/790,6.040443150426851,7,0.0000,0.0000,0.0000,0.0006,0.0276,0.3358,0.2037,0.4312,0.0011,0.0000
unfiltered/valid/089/70,6.334357088459371,7,0.0000,0.0000,0.0000,0.0002,0.0133,0.2088,0.2088,0.5675,0.0014,0.0000
unfiltered/valid/089/54,5.9519975598936865,5,0.0000,0.0000,0.0000,0.0004,0.0239,0.3741,0.2269,0.3741,0.0005,0.0000
unfiltered/valid/089/272,6.049787162492975,7,0.0000,0.0000,0.0000,0.0003,0.0204,0.3196,0.2489,0.4104,0.0004,0.0000
unfiltered/valid/089/556,6.141349409838138,7,0.0000,0.0000,0.0000,0.0003,0.0172,0.2690,0.2690,0.4435,0.0011,0.0000
unfiltered/valid/089/68,5.792779227927378,5,0.0000,0.0000,0.0000,0.0010,0.0566,0.4183,0.1976,0.3257,0.0008,0.0000
unfiltered/valid/089/932,6.237376732636716,7,0.0000,0.0000,0.0000,0.0002,0.0153,0.2390,0.2390,0.5059,0.0008,0.0000
unfiltered/valid/089/431,6.626363322734094,7,0.0000,0.0000,0.0000,0.0001,0.0049,0.0989,0.1630,0.7307,0.0023,0.0000
unfiltered/valid/089/387,6.625464960864474,7,0.0000,0.0000,0.0000,0.0001,0.0049,0.0990,0.1632,0.7313,0.0016,0.0000
unfiltered/valid/089/192,6.227160516580414,7,0.0000,0.0000,0.0000,0.0004,0.0263,0.2495,0.1943,0.5283,0.0012,0.0000
unfiltered/valid/090/995,6.039788561151546,7,0.0000,0.0000,0.0000,0.0006,0.0276,0.3359,0.2038,0.4314,0.0007,0.0000
unfiltered/valid/090/836,6.422729387283171,7,0.0000,0.0000,0.0000,0.0002,0.0130,0.1795,0.1795,0.6265,0.0012,0.0000
unfiltered/valid/090/448,5.13418106188944,5,0.0000,0.0000,0.0000,0.0050,0.1449,0.6493,0.1128,0.0879,0.0001,0.0000
unfiltered/valid/090/970,6.625757987302028,7,0.0000,0.0000,0.0000,0.0001,0.0049,0.0989,0.1631,0.7311,0.0018,0.0000
unfiltered/valid/090/447,6.553222933590286,7,0.0000,0.0000,0.0000,0.0001,0.0059,0.1181,0.1947,0.6794,0.0019,0.0000
unfiltered/valid/090/782,6.236969119047343,7,0.0000,0.0000,0.0000,0.0002,0.0153,0.2390,0.2390,0.5059,0.0007,0.0000
unfiltered/valid/090/825,5.11196163002074,5,0.0000,0.0000,0.0000,0.0047,0.1223,0.7036,0.0952,0.0742,0.0001,0.0000
unfiltered/valid/090/222,6.416391639766056,7,0.0000,0.0000,0.0000,0.0001,0.0067,0.1718,0.2206,0.5998,0.0010,0.0000
unfiltered/valid/090/822,5.960522263756081,5,0.0000,0.0000,0.0000,0.0003,0.0197,0.3962,0.1872,0.3962,0.0004,0.0000
unfiltered/valid/090/178,5.922110914625684,5,0.0000,0.0000,0.0000,0.0006,0.0388,0.3682,0.2233,0.3682,0.0008,0.0000
unfiltered/valid/090/60,6.227618376420637,7,0.0000,0.0000,0.0000,0.0003,0.0195,0.2378,0.2378,0.5035,0.0010,0.0000
unfiltered/valid/091/48,5.613318061335548,5,0.0000,0.0000,0.0000,0.0013,0.0650,0.4800,0.2267,0.2267,0.0003,0.0000
unfiltered/valid/091/901,4.930414164125458,5,0.0000,0.0000,0.0000,0.0068,0.1974,0.6889,0.0726,0.0343,0.0000,0.0000
unfiltered/valid/091/842,5.359883339624028,5,0.0000,0.0000,0.0000,0.0015,0.0821,0.6069,0.1739,0.1354,0.0001,0.0000
unfiltered/valid/091/466,6.668013458692074,7,0.0000,0.0000,0.0000,0.0000,0.0035,0.0788,0.1669,0.7478,0.0031,0.0000
unfiltered/valid/091/145,5.9002281907057625,5,0.0000,0.0000,0.0000,0.0013,0.0492,0.3638,0.2206,0.3638,0.0013,0.0000
unfiltered/valid/091/375,6.1458558842655,7,0.0000,0.0000,0.0000,0.0004,0.0246,0.2992,0.1815,0.4934,0.0010,0.0000
unfiltered/valid/091/939,6.515818556961314,7,0.0000,0.0000,0.0000,0.0002,0.0097,0.1523,0.1523,0.6826,0.0028,0.0000
unfiltered/valid/091/171,6.158590743347296,7,0.0000,0.0000,0.0000,0.0002,0.0143,0.2873,0.2238,0.4737,0.0007,0.0000
unfiltered/valid/091/657,5.722357553051143,5,0.0000,0.0000,0.0000,0.0006,0.0482,0.4574,0.2161,0.2774,0.0003,0.0000
unfiltered/valid/091/242,6.149519827703632,7,0.0000,0.0000,0.0000,0.0003,0.0183,0.2862,0.2229,0.4718,0.0006,0.0000
unfiltered/valid/091/121,5.305571562567042,5,0.0000,0.0000,0.0000,0.0019,0.0700,0.6644,0.1482,0.1154,0.0001,0.0000
unfiltered/valid/091/741,6.627681363463939,7,0.0000,0.0000,0.0000,0.0000,0.0043,0.0990,0.1632,0.7314,0.0021,0.0000
unfiltered/valid/091/962,6.428186119050757,7,0.0000,0.0000,0.0000,0.0002,0.0115,0.1796,0.1796,0.6269,0.0023,0.0000
unfiltered/valid/091/620,6.433542867017891,7,0.0000,0.0000,0.0000,0.0001,0.0090,0.1802,0.1802,0.6289,0.0016,0.0000
unfiltered/valid/091/195,6.333275692473282,7,0.0000,0.0000,0.0000,0.0002,0.0134,0.2089,0.2089,0.5678,0.0009,0.0000
unfiltered/valid/091/850,6.328896692053241,7,0.0000,0.0000,0.0000,0.0003,0.0229,0.2169,0.1689,0.5896,0.0015,0.0000
unfiltered/valid/091/235,5.815972600919161,5,0.0000,0.0000,0.0000,0.0006,0.0447,0.4239,0.2002,0.3301,0.0005,0.0000
unfiltered/valid/092/763,6.33526420546156,7,0.0000,0.0000,0.0000,0.0002,0.0133,0.2086,0.2086,0.5671,0.0020,0.0000
unfiltered/valid/092/384,6.399634034479077,7,0.0000,0.0000,0.0000,0.0002,0.0140,0.1704,0.2188,0.5947,0.0019,0.0000
unfiltered/valid/092/88,5.756580924991678,5,0.0000,0.0000,0.0000,0.0004,0.0357,0.4354,0.2641,0.2641,0.0004,0.0000
unfiltered/valid/092/726,6.324661545374138,7,0.0000,0.0000,0.0000,0.0003,0.0171,0.2080,0.2080,0.5655,0.0011,0.0000
unfiltered/valid/092/568,6.333922614919323,7,0.0000,0.0000,0.0000,0.0002,0.0133,0.2088,0.2088,0.5676,0.0012,0.0000
unfiltered/valid/092/372,6.130285619960528,7,0.0000,0.0000,0.0000,0.0005,0.0313,0.2972,0.1802,0.4899,0.0008,0.0000
unfiltered/valid/092/366,6.567921430422632,7,0.0000,0.0000,0.0000,0.0002,0.0101,0.1228,0.1577,0.7069,0.0022,0.0000
unfiltered/valid/092/567,6.412249671145247,7,0.0000,0.0000,0.0000,0.0001,0.0085,0.1715,0.2202,0.5984,0.0013,0.0000
unfiltered/valid/092/944,6.340574708846394,7,0.0000,0.0000,0.0000,0.0003,0.0179,0.2180,0.1698,0.5927,0.0013,0.0000
unfiltered/valid/092/403,5.814722808126485,5,0.0000,0.0000,0.0000,0.0012,0.0446,0.4236,0.2001,0.3299,0.0006,0.0000
unfiltered/valid/093/189,5.081634227005417,5,0.0000,0.0000,0.0000,0.0043,0.1244,0.7157,0.0969,0.0587,0.0001,0.0000
unfiltered/valid/093/995,5.043159396012823,5,0.0000,0.0000,0.0000,0.0052,0.1519,0.6810,0.1183,0.0435,0.0000,0.0000
unfiltered/valid/093/743,6.237619333593273,7,0.0000,0.0000,0.0000,0.0001,0.0153,0.2389,0.2389,0.5058,0.0009,0.0000
unfiltered/valid/093/643,5.445117036673094,5,0.0000,0.0000,0.0000,0.0019,0.0627,0.5946,0.1703,0.1703,0.0002,0.0000
unfiltered/valid/093/405,6.774920356593286,7,0.0000,0.0000,0.0000,0.0000,0.0030,0.0530,0.1122,0.8294,0.0023,0.0000
unfiltered/valid/093/501,5.420967393918198,5,0.0000,0.0000,0.0000,0.0014,0.0791,0.5844,0.1674,0.1674,0.0002,0.0000
unfiltered/valid/093/76,6.250968513060407,7,0.0000,0.0000,0.0000,0.0004,0.0215,0.2624,0.1591,0.5555,0.0011,0.0000
unfiltered/valid/093/798,6.689105181817352,7,0.0000,0.0000,0.0000,0.0001,0.0052,0.0817,0.1347,0.7751,0.0032,0.0000
unfiltered/valid/093/495,5.247125739455851,5,0.0000,0.0000,0.0000,0.0026,0.1103,0.6350,0.1417,0.1103,0.0001,0.0000
unfiltered/valid/093/967,6.324128987717778,7,0.0000,0.0000,0.0000,0.0001,0.0087,0.1980,0.2542,0.5382,0.0008,0.0000
unfiltered/valid/093/11,5.279667490534203,5,0.0000,0.0000,0.0000,0.0021,0.0881,0.6512,0.1453,0.1132,0.0001,0.0000
unfiltered/valid/093/259,4.797991501489293,5,0.0000,0.0000,0.0000,0.0097,0.2512,0.6829,0.0437,0.0125,0.0000,0.0000
unfiltered/valid/093/437,6.8420109146914525,7,0.0000,0.0000,0.0000,0.0000,0.0017,0.0336,0.0914,0.8674,0.0058,0.0000
unfiltered/valid/094/614,6.158666681812401,7,0.0000,0.0000,0.0000,0.0002,0.0143,0.2873,0.2238,0.4737,0.0007,0.0000
unfiltered/valid/094/493,6.250811237232241,7,0.0000,0.0000,0.0000,0.0002,0.0161,0.2523,0.1965,0.5341,0.0009,0.0000
unfiltered/valid/094/214,6.492513265126653,7,0.0000,0.0000,0.0000,0.0001,0.0093,0.1462,0.1877,0.6553,0.0013,0.0000
unfiltered/valid/094/383,5.298052302798417,5,0.0000,0.0000,0.0000,0.0037,0.1069,0.6149,0.1372,0.1372,0.0002,0.0000
unfiltered/valid/094/521,6.251369779981754,7,0.0000,0.0000,0.0000,0.0002,0.0161,0.2522,0.1964,0.5338,0.0013,0.0000
unfiltered/valid/094/349,6.340788652647043,7,0.0000,0.0000,0.0000,0.0002,0.0179,0.2180,0.1698,0.5927,0.0013,0.0000
unfiltered/valid/094/145,6.492344065353911,7,0.0000,0.0000,0.0000,0.0001,0.0093,0.1462,0.1878,0.6554,0.0011,0.0000
unfiltered/valid/094/364,6.251578020012359,7,0.0000,0.0000,0.0000,0.0003,0.0161,0.2521,0.1963,0.5337,0.0015,0.0000
unfiltered/valid/094/216,5.514908367766641,5,0.0000,0.0000,0.0000,0.0013,0.0722,0.5336,0.1963,0.1963,0.0003,0.0000
unfiltered/valid/094/829,6.337226632542799,7,0.0000,0.0000,0.0000,0.0001,0.0118,0.2092,0.2092,0.5687,0.0009,0.0000
unfiltered/valid/094/312,5.741044084477624,5,0.0000,0.0000,0.0000,0.0005,0.0380,0.4624,0.2184,0.2804,0.0003,0.0000
unfiltered/valid/094/459,6.725561734444787,7,0.0000,0.0000,0.0000,0.0000,0.0032,0.0650,0.1375,0.7914,0.0029,0.0000
unfiltered/valid/094/601,6.149383862527056,7,0.0000,0.0000,0.0000,0.0003,0.0183,0.2862,0.2229,0.4718,0.0006,0.0000
unfiltered/valid/094/421,6.340446007465476,7,0.0000,0.0000,0.0000,0.0003,0.0179,0.2180,0.1698,0.5927,0.0013,0.0000
unfiltered/valid/094/767,6.138332153622072,7,0.0000,0.0000,0.0000,0.0003,0.0234,0.2846,0.2217,0.4693,0.0007,0.0000
unfiltered/valid/094/941,6.315377044824025,7,0.0000,0.0000,0.0000,0.0002,0.0126,0.1971,0.2531,0.5358,0.0012,0.0000
unfiltered/valid/094/948,6.240280792337152,7,0.0000,0.0000,0.0000,0.0005,0.0206,0.2509,0.1954,0.5312,0.0013,0.0000
unfiltered/valid/094/480,5.6380585340315985,5,0.0000,0.0000,0.0000,0.0008,0.0514,0.4873,0.2302,0.2302,0.0002,0.0000
unfiltered/valid/095/478,5.171446308229818,5,0.0000,0.0000,0.0000,0.0022,0.0955,0.7053,0.1226,0.0743,0.0000,0.0000
unfiltered/valid/095/168,5.756125780459418,5,0.0000,0.0000,0.0000,0.0005,0.0298,0.4663,0.2203,0.2828,0.0003,0.0000
unfiltered/valid/095/395,6.138565660521905,7,0.0000,0.0000,0.0000,0.0004,0.0234,0.2846,0.2216,0.4692,0.0009,0.0000
unfiltered/valid/095/808,5.2234685922680715,5,0.0000,0.0000,0.0000,0.0024,0.1139,0.6557,0.1139,0.1139,0.0001,0.0000
unfiltered/valid/095/765,5.358623546142819,5,0.0000,0.0000,0.0000,0.0022,0.0821,0.6064,0.1737,0.1353,0.0002,0.0000
unfiltered/valid/095/396,5.899222080333113,5,0.0000,0.0000,0.0000,0.0012,0.0493,0.3641,0.2208,0.3641,0.0006,0.0000
unfiltered/valid/095/390,6.240499074477499,7,0.0000,0.0000,0.0000,0.0003,0.0206,0.2510,0.1955,0.5314,0.0012,0.0000
unfiltered/valid/095/513,6.139500613937417,7,0.0000,0.0000,0.0000,0.0004,0.0233,0.2844,0.2215,0.4689,0.0015,0.0000
unfiltered/valid/095/994,6.7995138506838515,7,0.0000,0.0000,0.0000,0.0000,0.0021,0.0418,0.1136,0.8395,0.0030,0.0000
unfiltered/valid/095/702,6.22773802293894,7,0.0000,0.0000,0.0000,0.0003,0.0195,0.2378,0.2378,0.5035,0.0010,0.0000
unfiltered/valid/095/452,6.571804480307126,7,0.0000,0.0000,0.0000,0.0002,0.0089,0.1229,0.1578,0.7073,0.0029,0.0000
unfiltered/valid/095/483,6.240114943959933,7,0.0000,0.0000,0.0000,0.0004,0.0206,0.2510,0.1955,0.5314,0.0010,0.0000
unfiltered/valid/095/378,5.938811595364162,5,0.0000,0.0000,0.0000,0.0004,0.0305,0.3716,0.2254,0.3716,0.0006,0.0000
unfiltered/valid/096/382,5.834311250333974,5,0.0000,0.0000,0.0000,0.0006,0.0351,0.4281,0.2022,0.3334,0.0005,0.0000
unfiltered/valid/096/316,6.150046877584222,7,0.0000,0.0000,0.0000,0.0003,0.0183,0.2861,0.2228,0.4717,0.0009,0.0000
unfiltered/valid/096/863,6.052610879444409,7,0.0000,0.0000,0.0000,0.0004,0.0216,0.3381,0.2051,0.4342,0.0006,0.0000
unfiltered/valid/096/445,6.649554979080903,7,0.0000,0.0000,0.0000,0.0001,0.0058,0.1024,0.1315,0.7567,0.0035,0.0000
unfiltered/valid/096/734,5.4834627398186075,5,0.0000,0.0000,0.0000,0.0017,0.0908,0.5227,0.1923,0.1923,0.0003,0.0000
unfiltered/valid/096/622,6.023212273197826,7,0.0000,0.0000,0.0000,0.0004,0.0332,0.3153,0.2455,0.4048,0.0007,0.0000
unfiltered/valid/096/271,6.250945436453618,7,0.0000,0.0000,0.0000,0.0002,0.0161,0.2522,0.1964,0.5340,0.0010,0.0000
unfiltered/valid/096/998,6.488281360392019,7,0.0000,0.0000,0.0000,0.0002,0.0119,0.1456,0.1869,0.6524,0.0030,0.0000
unfiltered/valid/096/842,6.427768566212702,7,0.0000,0.0000,0.0000,0.0002,0.0115,0.1796,0.1796,0.6270,0.0020,0.0000
unfiltered/valid/096/644,6.493537867416423,7,0.0000,0.0000,0.0000,0.0002,0.0093,0.1461,0.1876,0.6547,0.0021,0.0000
unfiltered/valid/096/636,6.776750134281868,7,0.0000,0.0000,0.0000,0.0000,0.0030,0.0529,0.1121,0.8281,0.0038,0.0000
unfiltered/valid/096/490,4.969659513076311,5,0.0000,0.0000,0.0000,0.0074,0.1914,0.6680,0.0904,0.0427,0.0000,0.0000
unfiltered/valid/096/910,5.5148228942303055,5,0.0000,0.0000,0.0000,0.0013,0.0722,0.5336,0.1963,0.1963,0.0003,0.0000
unfiltered/valid/096/9,5.108154890635942,5,0.0000,0.0000,0.0000,0.0032,0.1212,0.6972,0.1212,0.0572,0.0001,0.0000
unfiltered/valid/097/145,6.624087203261865,7,0.0000,0.0000,0.0000,0.0000,0.0056,0.0989,0.1630,0.7306,0.0018,0.0000
unfiltered/valid/097/679,5.756255281298766,5,0.0000,0.0000,0.0000,0.0004,0.0298,0.4664,0.2203,0.2829,0.0003,0.0000
unfiltered/valid/097/283,6.726627314517124,7,0.0000,0.0000,0.0000,0.0000,0.0029,0.0650,0.1376,0.7917,0.0029,0.0000
unfiltered/valid/097/731,5.638049928772693,5,0.0000,0.0000,0.0000,0.0009,0.0513,0.4872,0.2301,0.2301,0.0003,0.0000
unfiltered/valid/097/305,6.495850994557561,7,0.0000,0.0000,0.0000,0.0001,0.0083,0.1463,0.1879,0.6558,0.0016,0.0000
unfiltered/valid/097/872,6.050602216374169,7,0.0000,0.0000,0.0000,0.0003,0.0204,0.3195,0.2488,0.4102,0.0008,0.0000
unfiltered/valid/098/428,4.825184716909392,5,0.0000,0.0000,0.0000,0.0122,0.2455,0.6673,0.0548,0.0202,0.0000,0.0000
unfiltered/valid/098/527,5.9219140549155735,5,0.0000,0.0000,0.0000,0.0006,0.0388,0.3682,0.2234,0.3682,0.0007,0.0000
unfiltered/valid/098/342,5.612497312973082,5,0.0000,0.0000,0.0000,0.0017,0.0649,0.4798,0.2266,0.2266,0.0003,0.0000
unfiltered/valid/098/60,6.237555466531693,7,0.0000,0.0000,0.0000,0.0002,0.0153,0.2389,0.2389,0.5058,0.0009,0.0000
unfiltered/valid/098/317,6.255425524407706,7,0.0000,0.0000,0.0000,0.0001,0.0143,0.2527,0.1968,0.5350,0.0010,0.0000
unfiltered/valid/098/139,6.024316796987891,7,0.0000,0.0000,0.0000,0.0008,0.0351,0.3331,0.2020,0.4277,0.0012,0.0000
unfiltered/valid/098/586,5.357746269174155,5,0.0000,0.0000,0.0000,0.0025,0.0821,0.6063,0.1737,0.1353,0.0002,0.0000
unfiltered/valid/098/40,5.1774407529608535,5,0.0000,0.0000,0.0000,0.0024,0.1169,0.6727,0.1169,0.0910,0.0001,0.0000
unfiltered/valid/098/51,6.125232094931798,7,0.0000,0.0000,0.0000,0.0005,0.0298,0.2825,0.2200,0.4658,0.0015,0.0000
unfiltered/valid/098/915,6.227702432561315,7,0.0000,0.0000,0.0000,0.0005,0.0263,0.2494,0.1942,0.5279,0.0017,0.0000
unfiltered/valid/098/814,6.146210271971645,7,0.0000,0.0000,0.0000,0.0004,0.0246,0.2992,0.1814,0.4932,0.0012,0.0000
unfiltered/valid/098/309,6.038204756455497,7,0.0000,0.0000,0.0000,0.0005,0.0261,0.3176,0.2473,0.4078,0.0008,0.0000
unfiltered/valid/098/58,6.238246126601467,7,0.0000,0.0000,0.0000,0.0002,0.0153,0.2388,0.2388,0.5056,0.0013,0.0000
unfiltered/valid/098/837,5.935422601028676,5,0.0000,0.0000,0.0000,0.0005,0.0321,0.3910,0.1847,0.3910,0.0006,0.0000
unfiltered/valid/098/429,6.32518101981834,7,0.0000,0.0000,0.0000,0.0003,0.0171,0.2080,0.2080,0.5653,0.0014,0.0000
unfiltered/valid/098/803,6.42659273562348,7,0.0000,0.0000,0.0000,0.0001,0.0115,0.1798,0.1798,0.6277,0.0011,0.0000
unfiltered/valid/099/196,5.825554905146691,5,0.0000,0.0000,0.0000,0.0006,0.0423,0.4011,0.2433,0.3124,0.0003,0.0000
unfiltered/valid/099/887,5.560201633092505,5,0.0000,0.0000,0.0000,0.0026,0.0860,0.4949,0.1821,0.2338,0.0006,0.0000
unfiltered/valid/099/759,6.2519721291325645,7,0.0000,0.0000,0.0000,0.0003,0.0215,0.2623,0.1591,0.5552,0.0016,0.0000
unfiltered/valid/099/879,6.325107844286427,7,0.0000,0.0000,0.0000,0.0002,0.0171,0.2080,0.2080,0.5654,0.0012,0.0000
unfiltered/valid/099/843,6.427012405593167,7,0.0000,0.0000,0.0000,0.0001,0.0115,0.1798,0.1798,0.6275,0.0014,0.0000
unfiltered/valid/099/207,6.777375171226165,7,0.0000,0.0000,0.0000,0.0000,0.0030,0.0529,0.1120,0.8277,0.0043,0.0000
unfiltered/valid/099/585,6.568758613925877,7,0.0000,0.0000,0.0000,0.0002,0.0101,0.1228,0.1576,0.7065,0.0029,0.0000
unfiltered/valid/099/827,5.721888111262898,5,0.0000,0.0000,0.0000,0.0008,0.0482,0.4573,0.2160,0.2774,0.0003,0.0000
unfiltered/valid/099/781,5.938386375660026,5,0.0000,0.0000,0.0000,0.0005,0.0305,0.3716,0.2254,0.3716,0.0004,0.0000
unfiltered/valid/099/80,5.593770631075594,5,0.0000,0.0000,0.0000,0.0013,0.0684,0.5053,0.1859,0.2387,0.0005,0.0000
unfiltered/valid/099/391,6.472637876676969,7,0.0000,0.0000,0.0000,0.0001,0.0069,0.1391,0.2293,0.6234,0.0012,0.0000
unfiltered/valid/099/162,5.934729219744043,5,0.0000,0.0000,0.0000,0.0008,0.0321,0.3909,0.1847,0.3909,0.0006,0.0000
unfiltered/valid/099/38,5.591099504891143,5,0.0000,0.0000,0.0000,0.0023,0.0683,0.5047,0.1857,0.2384,0.0005,0.0000
unfiltered/valid/099/683,6.3415533191953815,7,0.0000,0.0000,0.0000,0.0003,0.0179,0.2179,0.1697,0.5923,0.0019,0.0000
medium/valid/000/789,6.258441039163762,7,0.0000,0.0000,0.0000,0.0002,0.0126,0.2532,0.1972,0.5361,0.0006,0.0000
medium/valid/000/788,5.385906039120039,5,0.0000,0.0000,0.0000,0.0030,0.0992,0.5707,0.1635,0.1635,0.0002,0.0000
medium/valid/000/272,5.917598154342962,5,0.0000,0.0000,0.0000,0.0007,0.0408,0.3874,0.1830,0.3874,0.0007,0.0000
medium/valid/000/932,6.333369121356896,7,0.0000,0.0000,0.0000,0.0002,0.0134,0.2089,0.2089,0.5677,0.0010,0.0000
medium/valid/000/167,6.245407435008413,7,0.0000,0.0000,0.0000,0.0002,0.0119,0.2397,0.2397,0.5075,0.0010,0.0000
medium/valid/000/915,5.7085066384228185,5,0.0000,0.0000,0.0000,0.0007,0.0506,0.4803,0.1767,0.2913,0.0004,0.0000
medium/valid/000/834,5.707729095457851,5,0.0000,0.0000,0.0000,0.0009,0.0506,0.4802,0.1767,0.2913,0.0003,0.0000
medium/valid/000/339,6.25126355809297,7,0.0000,0.0000,0.0000,0.0002,0.0161,0.2522,0.1964,0.5339,0.0012,0.0000
medium/valid/000/155,6.227482902506416,7,0.0000,0.0000,0.0000,0.0004,0.0195,0.2378,0.2378,0.5035,0.0010,0.0000
medium/valid/000/739,5.917125067649131,5,0.0000,0.0000,0.0000,0.0008,0.0408,0.3873,0.1830,0.3873,0.0007,0.0000
medium/valid/000/221,6.626917299899631,7,0.0000,0.0000,0.0000,0.0001,0.0049,0.0989,0.1630,0.7305,0.0026,0.0000
medium/valid/000/661,5.951878001814396,5,0.0000,0.0000,0.0000,0.0004,0.0239,0.3742,0.2269,0.3742,0.0004,0.0000
medium/valid/000/29,6.237600916072622,7,0.0000,0.0000,0.0000,0.0002,0.0153,0.2389,0.2389,0.5057,0.0010,0.0000
medium/valid/000/320,5.13923184748983,5,0.0000,0.0000,0.0000,0.0028,0.1193,0.6863,0.1193,0.0723,0.0001,0.0000
medium/valid/000/951,5.816116744831586,5,0.0000,0.0000,0.0000,0.0006,0.0447,0.4238,0.2002,0.3301,0.0006,0.0000
medium/valid/000/735,6.150415101783174,7,0.0000,0.0000,0.0000,0.0003,0.0183,0.2860,0.2227,0.4715,0.0012,0.0000
medium/valid/000/987,5.756016959684473,5,0.0000,0.0000,0.0000,0.0007,0.0357,0.4353,0.2640,0.2640,0.0004,0.0000
medium/valid/000/663,6.576316650259581,7,0.0000,0.0000,0.0000,0.0001,0.0070,0.1232,0.1582,0.7092,0.0023,0.0000
medium/valid/000/555,6.552611643294209,7,0.0000,0.0000,0.0000,0.0001,0.0059,0.1181,0.1947,0.6797,0.0015,0.0000
medium/valid/000/908,5.498871917790186,5,0.0000,0.0000,0.0000,0.0043,0.1120,0.5021,0.1439,0.2372,0.0005,0.0000
medium/valid/000/545,6.145501842120768,7,0.0000,0.0000,0.0000,0.0004,0.0246,0.2993,0.1815,0.4934,0.0008,0.0000
medium/valid/000/407,6.004678292000599,7,0.0000,0.0000,0.0000,0.0009,0.0446,0.3297,0.2000,0.4233,0.0015,0.0000
medium/valid/000/217,6.216119104179687,7,0.0000,0.0000,0.0000,0.0003,0.0249,0.2364,0.2364,0.5005,0.0014,0.0000
medium/valid/001/585,5.058180149481666,5,0.0000,0.0000,0.0000,0.0091,0.1823,0.6363,0.0861,0.0861,0.0001,0.0000
medium/valid/001/472,6.554412302697565,7,0.0000,0.0000,0.0000,0.0001,0.0059,0.1180,0.1945,0.6788,0.0028,0.0000
medium/valid/001/741,6.150161644011295,7,0.0000,0.0000,0.0000,0.0003,0.0183,0.2860,0.2228,0.4716,0.0010,0.0000
medium/valid/001/762,6.626890402938239,7,0.0000,0.0000,0.0000,0.0001,0.0049,0.0989,0.1630,0.7305,0.0026,0.0000
medium/valid/001/991,6.49100913540501,7,0.0000,0.0000,0.0000,0.0002,0.0106,0.1459,0.1873,0.6538,0.0024,0.0000
medium/valid/001/706,4.473578965625605,4,0.0000,0.0000,0.0000,0.0306,0.4785,0.4785,0.0113,0.0010,0.0000,0.0000
medium/valid/001/601,5.5598893696149805,5,0.0000,0.0000,0.0000,0.0026,0.0860,0.4950,0.1821,0.2338,0.0005,0.0000
medium/valid/001/685,6.241086297769424,7,0.0000,0.0000,0.0000,0.0002,0.0135,0.2394,0.2394,0.5068,0.0007,0.0000
medium/valid/001/884,6.150143685985369,7,0.0000,0.0000,0.0000,0.0002,0.0183,0.2861,0.2228,0.4717,0.0009,0.0000
medium/valid/001/672,5.3595753397272965,5,0.0000,0.0000,0.0000,0.0017,0.0821,0.6068,0.1738,0.1354,0.0002,0.0000
medium/valid/001/404,6.727115646345024,7,0.0000,0.0000,0.0000,0.0000,0.0025,0.0650,0.1377,0.7922,0.0025,0.0000
medium/valid/001/148,6.492568483694904,7,0.0000,0.0000,0.0000,0.0001,0.0093,0.1462,0.1877,0.6553,0.0013,0.0000
medium/valid/001/955,5.638601071958136,5,0.0000,0.0000,0.0000,0.0006,0.0514,0.4874,0.2302,0.2302,0.0002,0.0000
medium/valid/001/439,5.938965053426969,5,0.0000,0.0000,0.0000,0.0004,0.0305,0.3715,0.2254,0.3715,0.0006,0.0000
medium/valid/001/794,6.2274804919956575,7,0.0000,0.0000,0.0000,0.0002,0.0195,0.2379,0.2379,0.5037,0.0007,0.0000
medium/valid/001/85,6.7251344183359825,7,0.0000,0.0000,0.0000,0.0000,0.0032,0.0650,0.1376,0.7917,0.0025,0.0000
medium/valid/001/225,6.700173609617813,7,0.0000,0.0000,0.0000,0.0000,0.0024,0.0626,0.1701,0.7622,0.0027,0.0000
medium/valid/001/879,6.040953563293262,7,0.0000,0.0000,0.0000,0.0006,0.0276,0.3358,0.2037,0.4312,0.0012,0.0000
medium/valid/001/728,6.430439782980143,7,0.0000,0.0000,0.0000,0.0002,0.0102,0.1800,0.1800,0.6282,0.0016,0.0000
medium/valid/001/980,6.3350223433487,7,0.0000,0.0000,0.0000,0.0002,0.0133,0.2087,0.2087,0.5673,0.0018,0.0000
medium/valid/001/611,6.666738692393837,7,0.0000,0.0000,0.0000,0.0000,0.0035,0.0789,0.1670,0.7485,0.0021,0.0000
medium/valid/001/657,5.040893362914982,5,0.0000,0.0000,0.0000,0.0060,0.1540,0.6900,0.0934,0.0566,0.0000,0.0000
medium/valid/001/103,6.334413982663145,7,0.0000,0.0000,0.0000,0.0002,0.0133,0.2087,0.2087,0.5674,0.0016,0.0000
medium/valid/001/734,5.8340706148938,5,0.0000,0.0000,0.0000,0.0006,0.0351,0.4282,0.2023,0.3335,0.0004,0.0000
medium/valid/001/966,6.227599110084198,7,0.0000,0.0000,0.0000,0.0007,0.0263,0.2493,0.1941,0.5277,0.0019,0.0000
medium/valid/001/568,4.931937045392944,5,0.0000,0.0000,0.0000,0.0060,0.1975,0.6895,0.0727,0.0343,0.0000,0.0000
medium/valid/001/997,5.843469819252709,5,0.0000,0.0000,0.0000,0.0004,0.0332,0.4050,0.2456,0.3154,0.0003,0.0000
medium/valid/001/518,5.938961625643234,5,0.0000,0.0000,0.0000,0.0004,0.0305,0.3716,0.2254,0.3716,0.0006,0.0000
medium/valid/002/594,6.334102283101152,7,0.0000,0.0000,0.0000,0.0002,0.0133,0.2088,0.2088,0.5675,0.0014,0.0000
medium/valid/002/603,5.816183502326997,5,0.0000,0.0000,0.0000,0.0006,0.0447,0.4239,0.2002,0.3301,0.0005,0.0000
medium/valid/002/400,6.412839777841559,7,0.0000,0.0000,0.0000,0.0001,0.0085,0.1714,0.2201,0.5982,0.0017,0.0000
medium/valid/002/87,6.624369031085131,7,0.0000,0.0000,0.0000,0.0001,0.0056,0.0989,0.1630,0.7305,0.0021,0.0000
medium/valid/002/301,6.598396994828317,7,0.0000,0.0000,0.0000,0.0001,0.0047,0.0945,0.2001,0.6986,0.0020,0.0000
medium/valid/002/878,6.7779153090836175,7,0.0000,0.0000,0.0000,0.0000,0.0021,0.0531,0.1123,0.8299,0.0026,0.0000
medium/valid/002/761,6.2407378973555385,7,0.0000,0.0000,0.0000,0.0003,0.0206,0.2510,0.1955,0.5314,0.0012,0.0000
medium/valid/002/357,6.04173182885653,7,0.0000,0.0000,0.0000,0.0006,0.0289,0.3519,0.1662,0.4518,0.0007,0.0000
medium/valid/002/846,6.5774178806128445,7,0.0000,0.0000,0.0000,0.0001,0.0061,0.1234,0.1585,0.7103,0.0016,0.0000
medium/valid/002/253,5.592991024565995,5,0.0000,0.0000,0.0000,0.0014,0.0684,0.5053,0.1859,0.2387,0.0003,0.0000
medium/valid/002/962,6.34205899735477,7,0.0000,0.0000,0.0000,0.0001,0.0104,0.2093,0.2093,0.5690,0.0018,0.0000
medium/valid/002/337,6.4333073599873565,7,0.0000,0.0000,0.0000,0.0001,0.0090,0.1802,0.1802,0.6291,0.0014,0.0000
medium/valid/002/796,5.657659840996174,5,0.0000,0.0000,0.0000,0.0007,0.0405,0.4929,0.2328,0.2328,0.0003,0.0000
medium/valid/002/503,5.815606025310947,5,0.0000,0.0000,0.0000,0.0007,0.0447,0.4239,0.2002,0.3301,0.0004,0.0000
medium/valid/002/13,6.32560094819586,7,0.0000,0.0000,0.0000,0.0002,0.0171,0.2079,0.2079,0.5652,0.0016,0.0000
medium/valid/002/388,5.390481264705732,5,0.0000,0.0000,0.0000,0.0013,0.0783,0.5785,0.2128,0.1291,0.0001,0.0000
medium/valid/002/821,6.040394544531053,7,0.0000,0.0000,0.0000,0.0004,0.0276,0.3361,0.2038,0.4315,0.0006,0.0000
medium/valid/002/174,6.340926844828413,7,0.0000,0.0000,0.0000,0.0005,0.0179,0.2179,0.1697,0.5922,0.0019,0.0000
medium/valid/002/790,6.6494912758799956,7,0.0000,0.0000,0.0000,0.0001,0.0051,0.1026,0.1318,0.7583,0.0021,0.0000
medium/valid/002/92,5.083865019973446,5,0.0000,0.0000,0.0000,0.0033,0.1227,0.7061,0.1227,0.0451,0.0000,0.0000
medium/valid/002/490,5.9175148655508165,5,0.0000,0.0000,0.0000,0.0008,0.0408,0.3873,0.1829,0.3873,0.0008,0.0000
medium/valid/002/385,6.747873980298569,7,0.0000,0.0000,0.0000,0.0000,0.0033,0.0670,0.1105,0.8165,0.0026,0.0000
medium/valid/002/756,6.250624082078492,7,0.0000,0.0000,0.0000,0.0002,0.0161,0.2523,0.1965,0.5341,0.0008,0.0000
medium/valid/002/847,6.240771656320311,7,0.0000,0.0000,0.0000,0.0003,0.0206,0.2510,0.1955,0.5313,0.0013,0.0000
medium/valid/002/140,6.568758498936499,7,0.0000,0.0000,0.0000,0.0002,0.0101,0.1228,0.1576,0.7065,0.0029,0.0000
medium/valid/002/575,6.492616659962088,7,0.0000,0.0000,0.0000,0.0001,0.0093,0.1462,0.1878,0.6553,0.0013,0.0000
medium/valid/002/940,6.138827980323375,7,0.0000,0.0000,0.0000,0.0003,0.0234,0.2846,0.2216,0.4692,0.0009,0.0000
medium/valid/003/748,6.149674205465439,7,0.0000,0.0000,0.0000,0.0003,0.0183,0.2861,0.2228,0.4718,0.0007,0.0000
medium/valid/003/112,6.574273637310482,7,0.0000,0.0000,0.0000,0.0001,0.0079,0.1231,0.1580,0.7083,0.0026,0.0000
medium/valid/003/86,6.551194853399599,7,0.0000,0.0000,0.0000,0.0001,0.0067,0.1180,0.1945,0.6789,0.0019,0.0000
medium/valid/003/489,5.539670012760069,5,0.0000,0.0000,0.0000,0.0012,0.0572,0.5424,0.1995,0.1995,0.0002,0.0000
medium/valid/003/697,6.245636738294405,7,0.0000,0.0000,0.0000,0.0002,0.0119,0.2397,0.2397,0.5074,0.0011,0.0000
medium/valid/003/485,6.426691998329246,7,0.0000,0.0000,0.0000,0.0002,0.0115,0.1798,0.1798,0.6275,0.0012,0.0000
medium/valid/003/537,6.552832670664449,7,0.0000,0.0000,0.0000,0.0001,0.0059,0.1181,0.1947,0.6796,0.0017,0.0000
medium/valid/003/827,6.726613783406857,7,0.0000,0.0000,0.0000,0.0000,0.0029,0.0650,0.1376,0.7917,0.0029,0.0000
medium/valid/003/492,6.32595484250828,7,0.0000,0.0000,0.0000,0.0002,0.0171,0.2079,0.2079,0.5651,0.0018,0.0000
medium/valid/003/892,6.228266773783484,7,0.0000,0.0000,0.0000,0.0004,0.0195,0.2377,0.2377,0.5033,0.0014,0.0000
medium/valid/003/874,5.791399546195634,5,0.0000,0.0000,0.0000,0.0013,0.0566,0.4182,0.1976,0.3257,0.0006,0.0000
medium/valid/003/170,5.722323510215829,5,0.0000,0.0000,0.0000,0.0007,0.0482,0.4573,0.2160,0.2774,0.0004,0.0000
medium/valid/003/707,6.626786356041411,7,0.0000,0.0000,0.0000,0.0001,0.0056,0.0987,0.1627,0.7292,0.0038,0.0000
medium/valid/003/200,6.050403937494594,7,0.0000,0.0000,0.0000,0.0004,0.0204,0.3194,0.2487,0.4101,0.0009,0.0000
medium/valid/003/613,6.409223423686439,7,0.0000,0.0000,0.0000,0.0001,0.0097,0.1713,0.2199,0.5979,0.0012,0.0000
medium/valid/003/786,6.487527784104896,7,0.0000,0.0000,0.0000,0.0003,0.0120,0.1456,0.1870,0.6525,0.0027,0.0000
medium/valid/003/171,6.4956921852095215,7,0.0000,0.0000,0.0000,0.0001,0.0083,0.1464,0.1879,0.6559,0.0014,0.0000
medium/valid/003/293,6.418796255379219,7,0.0000,0.0000,0.0000,0.0002,0.0147,0.1792,0.1792,0.6254,0.0014,0.0000
medium/valid/003/997,6.427683500215175,7,0.0000,0.0000,0.0000,0.0001,0.0115,0.1797,0.1797,0.6272,0.0018,0.0000
medium/valid/003/25,5.7432051628688265,5,0.0000,0.0000,0.0000,0.0006,0.0313,0.4902,0.1803,0.2973,0.0002,0.0000
medium/valid/003/147,6.022476322544695,7,0.0000,0.0000,0.0000,0.0006,0.0332,0.3152,0.2455,0.4048,0.0006,0.0000
medium/valid/003/304,6.498274358855677,7,0.0000,0.0000,0.0000,0.0001,0.0073,0.1465,0.1881,0.6564,0.0016,0.0000
medium/valid/003/354,5.697710947257585,5,0.0000,0.0000,0.0000,0.0013,0.0610,0.4508,0.2130,0.2734,0.0005,0.0000
medium/valid/003/609,6.003949250308839,7,0.0000,0.0000,0.0000,0.0010,0.0446,0.3297,0.2000,0.4233,0.0013,0.0000
medium/valid/003/679,6.664867204203213,7,0.0000,0.0000,0.0000,0.0001,0.0044,0.0788,0.1667,0.7473,0.0027,0.0000
medium/valid/003/186,6.150909429142707,7,0.0000,0.0000,0.0000,0.0002,0.0183,0.2860,0.2227,0.4715,0.0013,0.0000
medium/valid/003/345,6.227618481519369,7,0.0000,0.0000,0.0000,0.0003,0.0195,0.2378,0.2378,0.5035,0.0010,0.0000
medium/valid/003/167,6.138828071928026,7,0.0000,0.0000,0.0000,0.0003,0.0234,0.2846,0.2216,0.4692,0.0009,0.0000
medium/valid/004/833,6.123409440373273,7,0.0000,0.0000,0.0000,0.0005,0.0298,0.2827,0.2202,0.4661,0.0006,0.0000
medium/valid/004/295,6.495611658962024,7,0.0000,0.0000,0.0000,0.0001,0.0083,0.1464,0.1879,0.6559,0.0014,0.0000
medium/valid/004/46,6.334669084613492,7,0.0000,0.0000,0.0000,0.0002,0.0133,0.2087,0.2087,0.5674,0.0016,0.0000
medium/valid/004/419,6.552949440244566,7,0.0000,0.0000,0.0000,0.0001,0.0059,0.1181,0.1947,0.6796,0.0017,0.0000
medium/valid/004/567,6.729162898592032,7,0.0000,0.0000,0.0000,0.0000,0.0015,0.0651,0.1379,0.7935,0.0020,0.0000
medium/valid/004/519,4.890759537407516,5,0.0000,0.0000,0.0000,0.0100,0.2015,0.7034,0.0577,0.0273,0.0000,0.0000
medium/valid/004/210,5.8153946510623244,5,0.0000,0.0000,0.0000,0.0007,0.0447,0.4239,0.2002,0.3301,0.0003,0.0000
medium/valid/004/76,5.455749284592915,5,0.0000,0.0000,0.0000,0.0037,0.0947,0.5448,0.1561,0.2004,0.0003,0.0000
medium/valid/004/847,5.446624721394592,5,0.0000,0.0000,0.0000,0.0013,0.0627,0.5949,0.1704,0.1704,0.0002,0.0000
medium/valid/004/875,6.6289189250943865,7,0.0000,0.0000,0.0000,0.0001,0.0043,0.0989,0.1630,0.7307,0.0030,0.0000
medium/valid/004/192,5.6186383356855245,5,0.0000,0.0000,0.0000,0.0010,0.0541,0.5133,0.1888,0.2425,0.0003,0.0000
medium/valid/004/131,5.938383526338467,5,0.0000,0.0000,0.0000,0.0006,0.0305,0.3715,0.2253,0.3715,0.0006,0.0000
medium/valid/004/675,6.573892506003033,7,0.0000,0.0000,0.0000,0.0001,0.0079,0.1231,0.1581,0.7085,0.0023,0.0000
medium/valid/004/734,6.436177950025511,7,0.0000,0.0000,0.0000,0.0002,0.0153,0.1866,0.1453,0.6512,0.0014,0.0000
medium/valid/004/288,5.698112666816909,5,0.0000,0.0000,0.0000,0.0011,0.0610,0.4509,0.2130,0.2735,0.0005,0.0000
medium/valid/004/122,6.493483949578691,7,0.0000,0.0000,0.0000,0.0001,0.0093,0.1461,0.1876,0.6549,0.0018,0.0000
medium/valid/004/138,6.252209780519963,7,0.0000,0.0000,0.0000,0.0003,0.0161,0.2520,0.1962,0.5334,0.0019,0.0000
medium/valid/004/905,6.406412201263807,7,0.0000,0.0000,0.0000,0.0002,0.0109,0.1710,0.2196,0.5968,0.0015,0.0000
medium/valid/004/48,5.3267326890767706,5,0.0000,0.0000,0.0000,0.0024,0.1030,0.5925,0.1698,0.1322,0.0001,0.0000
medium/valid/004/580,5.334352744495224,5,0.0000,0.0000,0.0000,0.0016,0.0854,0.6312,0.1408,0.1408,0.0001,0.0000
medium/valid/004/951,6.4957958584171225,7,0.0000,0.0000,0.0000,0.0001,0.0083,0.1463,0.1879,0.6558,0.0016,0.0000
medium/valid/004/236,6.693102809331302,7,0.0000,0.0000,0.0000,0.0001,0.0036,0.0819,0.1350,0.7767,0.0028,0.0000
medium/valid/005/782,6.040879410121502,7,0.0000,0.0000,0.0000,0.0005,0.0276,0.3359,0.2037,0.4313,0.0011,0.0000
medium/valid/005/72,6.038525849503781,7,0.0000,0.0000,0.0000,0.0004,0.0261,0.3176,0.2474,0.4078,0.0008,0.0000
medium/valid/005/323,5.6575246956198395,5,0.0000,0.0000,0.0000,0.0007,0.0405,0.4928,0.2328,0.2328,0.0004,0.0000
medium/valid/005/451,5.917415716230458,5,0.0000,0.0000,0.0000,0.0007,0.0408,0.3874,0.1830,0.3874,0.0007,0.0000
medium/valid/005/687,6.7767887038884576,7,0.0000,0.0000,0.0000,0.0000,0.0023,0.0531,0.1123,0.8299,0.0023,0.0000
medium/valid/005/47,6.341553216630518,7,0.0000,0.0000,0.0000,0.0003,0.0179,0.2179,0.1697,0.5923,0.0019,0.0000
medium/valid/005/655,6.340927686868537,7,0.0000,0.0000,0.0000,0.0001,0.0104,0.2095,0.2095,0.5694,0.0011,0.0000
medium/valid/005/374,5.738376611021998,5,0.0000,0.0000,0.0000,0.0006,0.0454,0.4309,0.2613,0.2613,0.0003,0.0000
medium/valid/005/5,6.250546199928962,7,0.0000,0.0000,0.0000,0.0002,0.0161,0.2523,0.1965,0.5341,0.0008,0.0000
medium/valid/005/633,5.298975500797296,5,0.0000,0.0000,0.0000,0.0032,0.1069,0.6152,0.1373,0.1373,0.0002,0.0000
medium/valid/005/609,6.13893668189693,7,0.0000,0.0000,0.0000,0.0003,0.0234,0.2846,0.2216,0.4692,0.0009,0.0000
medium/valid/005/63,5.332691791590287,5,0.0000,0.0000,0.0000,0.0023,0.0854,0.6308,0.1407,0.1407,0.0001,0.0000
medium/valid/005/542,6.427399881369621,7,0.0000,0.0000,0.0000,0.0002,0.0115,0.1797,0.1797,0.6272,0.0018,0.0000
medium/valid/005/75,5.164239854704908,5,0.0000,0.0000,0.0000,0.0033,0.1406,0.6301,0.1406,0.0853,0.0001,0.0000
medium/valid/005/786,6.651524452028277,7,0.0000,0.0000,0.0000,0.0001,0.0045,0.1027,0.1318,0.7585,0.0024,0.0000
medium/valid/005/706,6.6922926970361996,7,0.0000,0.0000,0.0000,0.0001,0.0036,0.0819,0.1351,0.7772,0.0022,0.0000
medium/valid/005/837,6.426617024757895,7,0.0000,0.0000,0.0000,0.0002,0.0115,0.1798,0.1798,0.6275,0.0012,0.0000
medium/valid/005/247,6.023598655559267,7,0.0000,0.0000,0.0000,0.0004,0.0332,0.3152,0.2455,0.4048,0.0009,0.0000
medium/valid/005/533,6.341934004820996,7,0.0000,0.0000,0.0000,0.0002,0.0104,0.2093,0.2093,0.5690,0.0018,0.0000
medium/valid/005/967,6.6909550832524864,7,0.0000,0.0000,0.0000,0.0001,0.0052,0.0816,0.1345,0.7740,0.0046,0.0000
medium/valid/005/539,5.539413473151226,5,0.0000,0.0000,0.0000,0.0013,0.0572,0.5423,0.1995,0.1995,0.0003,0.0000
medium/valid/005/836,6.694770625955303,7,0.0000,0.0000,0.0000,0.0000,0.0032,0.0819,0.1350,0.7768,0.0032,0.0000
medium/valid/005/679,5.2494231678646806,5,0.0000,0.0000,0.0000,0.0016,0.1105,0.6356,0.1418,0.1105,0.0001,0.0000
medium/valid/005/180,5.842988144165757,5,0.0000,0.0000,0.0000,0.0006,0.0332,0.4049,0.2456,0.3153,0.0004,0.0000
medium/valid/005/159,6.040137272372348,7,0.0000,0.0000,0.0000,0.0003,0.0276,0.3361,0.2039,0.4316,0.0004,0.0000
medium/valid/005/130,6.34052406392457,7,0.0000,0.0000,0.0000,0.0001,0.0104,0.2095,0.2095,0.5695,0.0009,0.0000
medium/valid/005/375,6.334357229923915,7,0.0000,0.0000,0.0000,0.0002,0.0133,0.2088,0.2088,0.5675,0.0014,0.0000
medium/valid/005/499,6.5766559159716325,7,0.0000,0.0000,0.0000,0.0001,0.0070,0.1232,0.1582,0.7090,0.0026,0.0000
medium/valid/005/452,6.04135914345779,7,0.0000,0.0000,0.0000,0.0003,0.0276,0.3359,0.2037,0.4313,0.0011,0.0000
medium/valid/006/524,6.341666480356832,7,0.0000,0.0000,0.0000,0.0003,0.0179,0.2179,0.1697,0.5923,0.0019,0.0000
medium/valid/006/104,6.749403972928423,7,0.0000,0.0000,0.0000,0.0000,0.0029,0.0670,0.1105,0.8165,0.0029,0.0000
medium/valid/006/949,5.418770589992458,5,0.0000,0.0000,0.0000,0.0024,0.0790,0.5838,0.1673,0.1673,0.0003,0.0000
medium/valid/006/637,5.539143905809042,5,0.0000,0.0000,0.0000,0.0015,0.0571,0.5421,0.1994,0.1994,0.0003,0.0000
medium/valid/006/622,6.215563795244118,7,0.0000,0.0000,0.0000,0.0003,0.0249,0.2365,0.2365,0.5007,0.0011,0.0000
medium/valid/006/596,6.350546298792733,7,0.0000,0.0000,0.0000,0.0002,0.0140,0.2189,0.1705,0.5950,0.0015,0.0000
medium/valid/006/833,6.7470426813299245,7,0.0000,0.0000,0.0000,0.0001,0.0038,0.0670,0.1104,0.8158,0.0029,0.0000
medium/valid/006/549,6.2454074412170835,7,0.0000,0.0000,0.0000,0.0002,0.0119,0.2397,0.2397,0.5075,0.0010,0.0000
medium/valid/006/856,6.138789624127601,7,0.0000,0.0000,0.0000,0.0004,0.0234,0.2845,0.2216,0.4691,0.0010,0.0000
medium/valid/006/816,5.619160500042782,5,0.0000,0.0000,0.0000,0.0009,0.0541,0.5133,0.1888,0.2425,0.0004,0.0000
medium/valid/006/125,5.540168848627791,5,0.0000,0.0000,0.0000,0.0010,0.0572,0.5424,0.1995,0.1995,0.0003,0.0000
medium/valid/006/968,6.493380697466189,7,0.0000,0.0000,0.0000,0.0001,0.0093,0.1461,0.1876,0.6549,0.0018,0.0000
medium/valid/006/275,6.567989405125922,7,0.0000,0.0000,0.0000,0.0001,0.0101,0.1228,0.1577,0.7069,0.0023,0.0000
medium/valid/006/143,6.215832659619831,7,0.0000,0.0000,0.0000,0.0004,0.0249,0.2364,0.2364,0.5005,0.0014,0.0000
medium/valid/006/127,5.8939759322667165,5,0.0000,0.0000,0.0000,0.0018,0.0517,0.3823,0.1806,0.3823,0.0014,0.0000
medium/valid/006/391,6.040813854708697,7,0.0000,0.0000,0.0000,0.0004,0.0276,0.3359,0.2038,0.4313,0.0009,0.0000
medium/valid/006/973,5.698254907581147,5,0.0000,0.0000,0.0000,0.0011,0.0610,0.4509,0.2130,0.2735,0.0005,0.0000
medium/valid/006/641,6.493248677090267,7,0.0000,0.0000,0.0000,0.0002,0.0093,0.1461,0.1876,0.6549,0.0018,0.0000
medium/valid/006/512,5.540613222389705,5,0.0000,0.0000,0.0000,0.0008,0.0572,0.5426,0.1996,0.1996,0.0002,0.0000
medium/valid/006/110,6.596403252870315,7,0.0000,0.0000,0.0000,0.0001,0.0072,0.1278,0.1278,0.7353,0.0018,0.0000
medium/valid/006/537,5.707221490071497,5,0.0000,0.0000,0.0000,0.0011,0.0506,0.4802,0.1766,0.2912,0.0003,0.0000
medium/valid/006/287,6.024819595005892,7,0.0000,0.0000,0.0000,0.0006,0.0351,0.3332,0.2021,0.4279,0.0011,0.0000
medium/valid/006/153,5.7407436213437935,5,0.0000,0.0000,0.0000,0.0008,0.0379,0.4622,0.2183,0.2803,0.0004,0.0000
medium/valid/006/396,5.618123261811069,5,0.0000,0.0000,0.0000,0.0011,0.0541,0.5133,0.1888,0.2424,0.0003,0.0000
medium/valid/006/561,6.245205794402551,7,0.0000,0.0000,0.0000,0.0002,0.0119,0.2397,0.2397,0.5075,0.0009,0.0000
medium/valid/006/712,6.3377487053887,7,0.0000,0.0000,0.0000,0.0002,0.0118,0.2091,0.2091,0.5685,0.0012,0.0000
medium/valid/006/443,6.620919154475797,7,0.0000,0.0000,0.0000,0.0001,0.0071,0.0986,0.1626,0.7289,0.0026,0.0000
medium/valid/006/760,6.150228024825848,7,0.0000,0.0000,0.0000,0.0002,0.0183,0.2861,0.2228,0.4717,0.0009,0.0000
medium/valid/006/663,6.3412163783535025,7,0.0000,0.0000,0.0000,0.0001,0.0104,0.2094,0.2094,0.5693,0.0012,0.0000
medium/valid/006/245,5.618740321995998,5,0.0000,0.0000,0.0000,0.0010,0.0541,0.5133,0.1888,0.2425,0.0004,0.0000
medium/valid/006/884,6.497053881600156,7,0.0000,0.0000,0.0000,0.0001,0.0082,0.1462,0.1878,0.6553,0.0024,0.0000
medium/valid/007/475,5.591856445790585,5,0.0000,0.0000,0.0000,0.0018,0.0684,0.5051,0.1858,0.2386,0.0003,0.0000
medium/valid/007/102,6.516369782129205,7,0.0000,0.0000,0.0000,0.0002,0.0097,0.1523,0.1523,0.6824,0.0032,0.0000
medium/valid/007/789,5.833886492969513,5,0.0000,0.0000,0.0000,0.0008,0.0351,0.4280,0.2022,0.3333,0.0006,0.0000
medium/valid/007/232,5.748786603848239,5,0.0000,0.0000,0.0000,0.0029,0.0746,0.4293,0.1579,0.3344,0.0008,0.0000
medium/valid/007/362,6.228107774479929,7,0.0000,0.0000,0.0000,0.0003,0.0195,0.2378,0.2378,0.5034,0.0012,0.0000
medium/valid/007/202,5.756239753044131,5,0.0000,0.0000,0.0000,0.0007,0.0357,0.4352,0.2640,0.2640,0.0004,0.0000
medium/valid/007/339,6.139183822480386,7,0.0000,0.0000,0.0000,0.0003,0.0234,0.2845,0.2216,0.4691,0.0012,0.0000
medium/valid/007/932,6.499803413344844,7,0.0000,0.0000,0.0000,0.0001,0.0073,0.1463,0.1879,0.6557,0.0027,0.0000
medium/valid/007/810,5.80696843815627,5,0.0000,0.0000,0.0000,0.0011,0.0467,0.4432,0.1630,0.3451,0.0009,0.0000
medium/valid/007/426,6.042076014178549,7,0.0000,0.0000,0.0000,0.0008,0.0289,0.3516,0.1661,0.4515,0.0011,0.0000
medium/valid/007/797,5.707636786525051,5,0.0000,0.0000,0.0000,0.0009,0.0506,0.4802,0.1767,0.2913,0.0003,0.0000
medium/valid/007/164,4.965566138950294,5,0.0000,0.0000,0.0000,0.0095,0.1910,0.6666,0.0902,0.0426,0.0000,0.0000
medium/valid/007/590,6.4279941825391065,7,0.0000,0.0000,0.0000,0.0001,0.0115,0.1797,0.1797,0.6271,0.0020,0.0000
medium/valid/007/575,6.2378897038638135,7,0.0000,0.0000,0.0000,0.0003,0.0153,0.2388,0.2388,0.5056,0.0013,0.0000
medium/valid/007/807,6.596792654157481,7,0.0000,0.0000,0.0000,0.0001,0.0072,0.1277,0.1277,0.7351,0.0021,0.0000
medium/valid/007/27,6.517686133426751,7,0.0000,0.0000,0.0000,0.0001,0.0086,0.1526,0.1526,0.6841,0.0019,0.0000
medium/valid/007/125,5.756333018494328,5,0.0000,0.0000,0.0000,0.0006,0.0357,0.4353,0.2640,0.2640,0.0004,0.0000
medium/valid/007/716,6.503636179363612,7,0.0000,0.0000,0.0000,0.0001,0.0050,0.1469,0.1886,0.6582,0.0013,0.0000
medium/valid/007/586,5.45849311964678,5,0.0000,0.0000,0.0000,0.0025,0.0948,0.5455,0.1563,0.2007,0.0002,0.0000
medium/valid/007/45,6.150579259680331,7,0.0000,0.0000,0.0000,0.0003,0.0183,0.2859,0.2227,0.4714,0.0013,0.0000
medium/valid/007/427,6.621309439676545,7,0.0000,0.0000,0.0000,0.0001,0.0071,0.0986,0.1626,0.7286,0.0030,0.0000
medium/valid/007/133,6.575605788126336,7,0.0000,0.0000,0.0000,0.0001,0.0070,0.1233,0.1583,0.7096,0.0018,0.0000
medium/valid/007/368,6.626435737304728,7,0.0000,0.0000,0.0000,0.0001,0.0049,0.0989,0.1630,0.7307,0.0023,0.0000
medium/valid/007/432,6.822485349496407,7,0.0000,0.0000,0.0000,0.0000,0.0013,0.0429,0.0908,0.8618,0.0031,0.0000
medium/valid/007/51,6.551160346488171,7,0.0000,0.0000,0.0000,0.0001,0.0067,0.1180,0.1945,0.6789,0.0019,0.0000
medium/valid/007/437,6.629003977846543,7,0.0000,0.0000,0.0000,0.0000,0.0038,0.0990,0.1633,0.7317,0.0021,0.0000
medium/valid/007/577,6.023240041140104,7,0.0000,0.0000,0.0000,0.0005,0.0332,0.3152,0.2455,0.4047,0.0009,0.0000
medium/valid/007/303,5.418088675057912,5,0.0000,0.0000,0.0000,0.0027,0.0790,0.5836,0.1672,0.1672,0.0003,0.0000
medium/valid/007/694,4.097366831177102,4,0.0000,0.0000,0.0002,0.1397,0.6262,0.2304,0.0033,0.0002,0.0000,0.0000
medium/valid/007/644,6.040020163643293,7,0.0000,0.0000,0.0000,0.0006,0.0276,0.3360,0.2038,0.4314,0.0007,0.0000
medium/valid/007/912,6.842074412866144,7,0.0000,0.0000,0.0000,0.0000,0.0017,0.0336,0.0914,0.8674,0.0058,0.0000
medium/valid/008/302,6.4936880038041584,7,0.0000,0.0000,0.0000,0.0002,0.0093,0.1461,0.1876,0.6547,0.0021,0.0000
medium/valid/008/950,5.756239746811751,5,0.0000,0.0000,0.0000,0.0007,0.0357,0.4352,0.2640,0.2640,0.0004,0.0000
medium/valid/008/752,6.427012476038611,7,0.0000,0.0000,0.0000,0.0001,0.0115,0.1798,0.1798,0.6275,0.0014,0.0000
medium/valid/008/890,6.821825752291965,7,0.0000,0.0000,0.0000,0.0000,0.0019,0.0428,0.0907,0.8606,0.0040,0.0000
medium/valid/008/67,6.432522805981846,7,0.0000,0.0000,0.0000,0.0001,0.0090,0.1803,0.1803,0.6293,0.0009,0.0000
medium/valid/008/248,6.692799112108417,7,0.0000,0.0000,0.0000,0.0001,0.0041,0.0818,0.1348,0.7757,0.0036,0.0000
medium/valid/008/342,5.618943327111194,5,0.0000,0.0000,0.0000,0.0009,0.0541,0.5134,0.1889,0.2425,0.0003,0.0000
medium/valid/008/807,5.419792493177085,5,0.0000,0.0000,0.0000,0.0019,0.0791,0.5842,0.1674,0.1674,0.0002,0.0000
medium/valid/008/966,6.259003077157225,7,0.0000,0.0000,0.0000,0.0002,0.0126,0.2531,0.1971,0.5359,0.0010,0.0000
medium/valid/008/475,6.801830755616156,7,0.0000,0.0000,0.0000,0.0000,0.0018,0.0417,0.1135,0.8385,0.0044,0.0000
medium/valid/008/624,4.860206001492204,5,0.0000,0.0000,0.0000,0.0093,0.2410,0.6552,0.0691,0.0254,0.0000,0.0000
medium/valid/008/77,5.4724311100876015,5,0.0000,0.0000,0.0000,0.0011,0.0598,0.5675,0.2088,0.1626,0.0001,0.0000
medium/valid/008/136,6.855003139523944,7,0.0000,0.0000,0.0000,0.0000,0.0009,0.0265,0.0924,0.8770,0.0032,0.0000
medium/valid/008/81,6.571578800790337,7,0.0000,0.0000,0.0000,0.0001,0.0089,0.1230,0.1579,0.7076,0.0026,0.0000
medium/valid/008/824,6.821299680050929,7,0.0000,0.0000,0.0000,0.0000,0.0019,0.0429,0.0907,0.8610,0.0035,0.0000
medium/valid/008/174,6.3989638512801505,7,0.0000,0.0000,0.0000,0.0002,0.0140,0.1705,0.2189,0.5950,0.0015,0.0000
medium/valid/008/968,6.596744790013192,7,0.0000,0.0000,0.0000,0.0001,0.0053,0.0945,0.2000,0.6981,0.0020,0.0000
medium/valid/008/333,6.410712520764683,7,0.0000,0.0000,0.0000,0.0001,0.0097,0.1711,0.2197,0.5972,0.0022,0.0000
medium/valid/008/22,6.578459811044723,7,0.0000,0.0000,0.0000,0.0001,0.0061,0.1233,0.1584,0.7098,0.0023,0.0000
medium/valid/008/90,6.150143440650042,7,0.0000,0.0000,0.0000,0.0002,0.0183,0.2861,0.2228,0.4717,0.0009,0.0000
medium/valid/008/785,6.801830849172227,7,0.0000,0.0000,0.0000,0.0000,0.0018,0.0417,0.1135,0.8385,0.0044,0.0000
medium/valid/008/986,6.692301955433496,7,0.0000,0.0000,0.0000,0.0001,0.0041,0.0818,0.1349,0.7761,0.0032,0.0000
medium/valid/008/177,6.494106145253887,7,0.0000,0.0000,0.0000,0.0002,0.0093,0.1461,0.1875,0.6546,0.0024,0.0000
medium/valid/008/17,5.935279973722951,5,0.0000,0.0000,0.0000,0.0005,0.0321,0.3911,0.1847,0.3911,0.0005,0.0000
medium/valid/008/178,6.406545989435517,7,0.0000,0.0000,0.0000,0.0001,0.0109,0.1710,0.2196,0.5969,0.0015,0.0000
medium/valid/008/240,5.359095956560582,5,0.0000,0.0000,0.0000,0.0019,0.0821,0.6066,0.1738,0.1354,0.0002,0.0000
medium/valid/008/835,5.922088588568088,5,0.0000,0.0000,0.0000,0.0007,0.0388,0.3681,0.2233,0.3681,0.0009,0.0000
medium/valid/008/341,6.350259987574887,7,0.0000,0.0000,0.0000,0.0002,0.0140,0.2189,0.1705,0.5951,0.0013,0.0000
medium/valid/008/44,6.727529061132879,7,0.0000,0.0000,0.0000,0.0000,0.0025,0.0650,0.1376,0.7920,0.0029,0.0000
medium/valid/008/347,6.426691946318576,7,0.0000,0.0000,0.0000,0.0002,0.0115,0.1798,0.1798,0.6275,0.0012,0.0000
medium/valid/009/958,6.2368298567625615,7,0.0000,0.0000,0.0000,0.0002,0.0153,0.2390,0.2390,0.5059,0.0006,0.0000
medium/valid/009/268,6.648073638465958,7,0.0000,0.0000,0.0000,0.0001,0.0058,0.1025,0.1316,0.7576,0.0024,0.0000
medium/valid/009/390,6.5531911988101035,7,0.0000,0.0000,0.0000,0.0001,0.0059,0.1181,0.1947,0.6794,0.0019,0.0000
medium/valid/009/906,4.914560760973572,5,0.0000,0.0000,0.0000,0.0068,0.1989,0.6942,0.0732,0.0269,0.0000,0.0000
medium/valid/009/724,6.493248680501697,7,0.0000,0.0000,0.0000,0.0002,0.0093,0.1461,0.1876,0.6549,0.0018,0.0000
medium/valid/009/554,6.577417976399129,7,0.0000,0.0000,0.0000,0.0001,0.0061,0.1234,0.1585,0.7103,0.0016,0.0000
medium/valid/009/214,6.627329107588246,7,0.0000,0.0000,0.0000,0.0000,0.0043,0.0990,0.1632,0.7316,0.0018,0.0000
medium/valid/009/819,6.407404659782911,7,0.0000,0.0000,0.0000,0.0002,0.0109,0.1709,0.2194,0.5964,0.0022,0.0000
medium/valid/009/451,5.02221546843209,5,0.0000,0.0000,0.0000,0.0056,0.1847,0.6447,0.1120,0.0529,0.0001,0.0000
medium/valid/009/982,6.340688187742611,7,0.0000,0.0000,0.0000,0.0003,0.0179,0.2180,0.1698,0.5927,0.0013,0.0000
medium/valid/009/477,5.513493841471154,5,0.0000,0.0000,0.0000,0.0019,0.0722,0.5332,0.1962,0.1962,0.0003,0.0000
medium/valid/009/807,5.917805378248927,5,0.0000,0.0000,0.0000,0.0007,0.0408,0.3873,0.1830,0.3873,0.0008,0.0000
medium/valid/009/803,6.493158408979016,7,0.0000,0.0000,0.0000,0.0001,0.0093,0.1462,0.1877,0.6551,0.0016,0.0000
medium/valid/009/29,6.626860798396558,7,0.0000,0.0000,0.0000,0.0001,0.0049,0.0989,0.1630,0.7305,0.0026,0.0000
medium/valid/009/119,6.517737531815099,7,0.0000,0.0000,0.0000,0.0001,0.0086,0.1526,0.1526,0.6841,0.0019,0.0000
medium/valid/009/60,6.325180838879136,7,0.0000,0.0000,0.0000,0.0003,0.0171,0.2080,0.2080,0.5653,0.0014,0.0000
medium/valid/009/432,6.149855818766208,7,0.0000,0.0000,0.0000,0.0002,0.0183,0.2862,0.2229,0.4718,0.0007,0.0000
medium/valid/009/73,6.2519271722161065,7,0.0000,0.0000,0.0000,0.0003,0.0161,0.2520,0.1963,0.5336,0.0017,0.0000
medium/valid/009/413,6.238089765839282,7,0.0000,0.0000,0.0000,0.0002,0.0153,0.2388,0.2388,0.5056,0.0013,0.0000
medium/valid/009/553,6.039905529565505,7,0.0000,0.0000,0.0000,0.0005,0.0276,0.3360,0.2038,0.4315,0.0006,0.0000
medium/valid/009/471,6.500903696348256,7,0.0000,0.0000,0.0000,0.0001,0.0064,0.1466,0.1882,0.6569,0.0018,0.0000
medium/valid/009/39,5.740699542660106,5,0.0000,0.0000,0.0000,0.0007,0.0379,0.4623,0.2184,0.2804,0.0003,0.0000
medium/valid/009/459,6.859202690867221,7,0.0000,0.0000,0.0000,0.0000,0.0015,0.0344,0.0727,0.8861,0.0053,0.0000
medium/valid/009/816,6.41815785568394,7,0.0000,0.0000,0.0000,0.0001,0.0059,0.1720,0.2208,0.6003,0.0009,0.0000
medium/valid/009/813,6.023574993276946,7,0.0000,0.0000,0.0000,0.0008,0.0351,0.3332,0.2021,0.4279,0.0008,0.0000
medium/valid/009/536,5.917855046590672,5,0.0000,0.0000,0.0000,0.0007,0.0408,0.3874,0.1830,0.3874,0.0007,0.0000
medium/valid/009/921,6.752821898750385,7,0.0000,0.0000,0.0000,0.0000,0.0029,0.0513,0.1395,0.8026,0.0037,0.0000
medium/valid/009/88,6.333922995539342,7,0.0000,0.0000,0.0000,0.0002,0.0133,0.2088,0.2088,0.5676,0.0012,0.0000
medium/valid/010/547,5.2784048392573535,5,0.0000,0.0000,0.0000,0.0027,0.0881,0.6508,0.1452,0.1131,0.0001,0.0000
medium/valid/010/476,6.138367829917381,7,0.0000,0.0000,0.0000,0.0004,0.0234,0.2846,0.2216,0.4692,0.0008,0.0000
medium/valid/010/565,6.038525855280222,7,0.0000,0.0000,0.0000,0.0004,0.0261,0.3176,0.2474,0.4078,0.0008,0.0000
medium/valid/010/540,5.92139308633217,5,0.0000,0.0000,0.0000,0.0008,0.0388,0.3682,0.2233,0.3682,0.0007,0.0000
medium/valid/010/287,4.992097429186842,5,0.0000,0.0000,0.0000,0.0083,0.1889,0.6594,0.0892,0.0541,0.0000,0.0000
medium/valid/010/186,6.33840190824294,7,0.0000,0.0000,0.0000,0.0001,0.0118,0.2091,0.2091,0.5683,0.0016,0.0000
medium/valid/010/284,6.430040228193121,7,0.0000,0.0000,0.0000,0.0001,0.0102,0.1800,0.1800,0.6284,0.0012,0.0000
medium/valid/010/833,6.038175930754643,7,0.0000,0.0000,0.0000,0.0003,0.0261,0.3177,0.2474,0.4079,0.0005,0.0000
medium/valid/010/771,4.706170333627982,5,0.0000,0.0000,0.0000,0.0151,0.3043,0.6442,0.0321,0.0043,0.0000,0.0000
medium/valid/010/513,6.496176430865325,7,0.0000,0.0000,0.0000,0.0001,0.0083,0.1463,0.1878,0.6556,0.0018,0.0000
medium/valid/010/255,6.250458441301493,7,0.0000,0.0000,0.0000,0.0002,0.0161,0.2523,0.1965,0.5341,0.0008,0.0000
medium/valid/010/43,5.301144758449524,5,0.0000,0.0000,0.0000,0.0022,0.1070,0.6158,0.1374,0.1374,0.0001,0.0000
medium/valid/010/894,6.495899326132582,7,0.0000,0.0000,0.0000,0.0001,0.0083,0.1463,0.1879,0.6558,0.0016,0.0000
medium/valid/010/319,6.694283650133847,7,0.0000,0.0000,0.0000,0.0000,0.0032,0.0819,0.1350,0.7771,0.0028,0.0000
medium/valid/010/338,6.258751141049942,7,0.0000,0.0000,0.0000,0.0002,0.0126,0.2532,0.1972,0.5360,0.0008,0.0000
medium/valid/010/120,6.500545938415647,7,0.0000,0.0000,0.0000,0.0001,0.0064,0.1466,0.1882,0.6570,0.0016,0.0000
medium/valid/010/111,5.834619245067682,5,0.0000,0.0000,0.0000,0.0006,0.0351,0.4281,0.2022,0.3334,0.0006,0.0000
medium/valid/010/32,5.92106639311398,5,0.0000,0.0000,0.0000,0.0008,0.0388,0.3682,0.2233,0.3682,0.0006,0.0000
medium/valid/010/641,6.625491813318486,7,0.0000,0.0000,0.0000,0.0001,0.0049,0.0990,0.1632,0.7313,0.0016,0.0000
medium/valid/010/178,6.325288573794687,7,0.0000,0.0000,0.0000,0.0002,0.0171,0.2080,0.2080,0.5653,0.0014,0.0000
medium/valid/010/65,5.593639839652858,5,0.0000,0.0000,0.0000,0.0013,0.0684,0.5053,0.1859,0.2387,0.0004,0.0000
medium/valid/010/713,6.433867919977256,7,0.0000,0.0000,0.0000,0.0001,0.0090,0.1802,0.1802,0.6288,0.0018,0.0000
medium/valid/010/285,6.745634736202947,7,0.0000,0.0000,0.0000,0.0001,0.0043,0.0669,0.1104,0.8154,0.0029,0.0000
medium/valid/010/47,6.329444994681734,7,0.0000,0.0000,0.0000,0.0004,0.0228,0.2168,0.1688,0.5893,0.0019,0.0000
medium/valid/010/162,6.33346491318648,7,0.0000,0.0000,0.0000,0.0002,0.0134,0.2089,0.2089,0.5677,0.0010,0.0000
medium/valid/010/342,5.755833358871438,5,0.0000,0.0000,0.0000,0.0005,0.0298,0.4664,0.2203,0.2829,0.0002,0.0000
medium/valid/010/470,5.942634423100218,5,0.0000,0.0000,0.0000,0.0004,0.0287,0.3492,0.2720,0.3492,0.0005,0.0000
medium/valid/010/942,6.470498690989821,7,0.0000,0.0000,0.0000,0.0001,0.0078,0.1389,0.2291,0.6227,0.0014,0.0000
medium/valid/010/169,6.8952273032930576,7,0.0000,0.0000,0.0000,0.0000,0.0007,0.0166,0.0742,0.9038,0.0047,0.0000
medium/valid/011/330,6.57531085121106,7,0.0000,0.0000,0.0000,0.0001,0.0070,0.1233,0.1584,0.7097,0.0016,0.0000
medium/valid/011/440,6.494105997358114,7,0.0000,0.0000,0.0000,0.0002,0.0093,0.1461,0.1875,0.6546,0.0024,0.0000
medium/valid/011/312,6.620492823432565,7,0.0000,0.0000,0.0000,0.0001,0.0071,0.0987,0.1627,0.7291,0.0023,0.0000
medium/valid/011/74,6.325493093720516,7,0.0000,0.0000,0.0000,0.0003,0.0171,0.2079,0.2079,0.5652,0.0016,0.0000
medium/valid/011/232,6.2278434954956925,7,0.0000,0.0000,0.0000,0.0002,0.0195,0.2379,0.2379,0.5035,0.0010,0.0000
medium/valid/011/275,6.023936582451026,7,0.0000,0.0000,0.0000,0.0011,0.0368,0.3487,0.1647,0.4478,0.0009,0.0000
medium/valid/011/842,6.626777915893335,7,0.0000,0.0000,0.0000,0.0000,0.0044,0.0990,0.1633,0.7318,0.0014,0.0000
medium/valid/011/736,5.921669542149487,5,0.0000,0.0000,0.0000,0.0007,0.0388,0.3682,0.2233,0.3682,0.0007,0.0000
medium/valid/011/782,6.228253335389758,7,0.0000,0.0000,0.0000,0.0004,0.0263,0.2494,0.1942,0.5280,0.0017,0.0000
medium/valid/011/623,6.744787248050714,7,0.0000,0.0000,0.0000,0.0001,0.0043,0.0670,0.1104,0.8160,0.0023,0.0000
medium/valid/011/129,6.250998114864247,7,0.0000,0.0000,0.0000,0.0003,0.0161,0.2522,0.1964,0.5339,0.0012,0.0000
medium/valid/011/379,6.340861092623977,7,0.0000,0.0000,0.0000,0.0003,0.0179,0.2180,0.1698,0.5926,0.0015,0.0000
medium/valid/011/873,6.799999038309117,7,0.0000,0.0000,0.0000,0.0000,0.0016,0.0418,0.1137,0.8404,0.0024,0.0000
medium/valid/011/693,6.150046440909494,7,0.0000,0.0000,0.0000,0.0003,0.0183,0.2861,0.2228,0.4717,0.0009,0.0000
medium/valid/011/36,6.318695479339674,7,0.0000,0.0000,0.0000,0.0001,0.0111,0.1974,0.2535,0.5367,0.0010,0.0000
medium/valid/011/914,6.0530907169289945,7,0.0000,0.0000,0.0000,0.0004,0.0216,0.3381,0.2051,0.4341,0.0007,0.0000
medium/valid/011/686,6.723022851966808,7,0.0000,0.0000,0.0000,0.0000,0.0041,0.0649,0.1374,0.7907,0.0029,0.0000
medium/valid/011/152,5.419845373103714,5,0.0000,0.0000,0.0000,0.0019,0.0791,0.5842,0.1674,0.1674,0.0002,0.0000
medium/valid/011/916,6.6473470720897065,7,0.0000,0.0000,0.0000,0.0001,0.0065,0.1023,0.1314,0.7561,0.0035,0.0000
medium/valid/011/862,6.51735170758531,7,0.0000,0.0000,0.0000,0.0001,0.0086,0.1527,0.1527,0.6842,0.0017,0.0000
medium/valid/011/104,6.255730840541712,7,0.0000,0.0000,0.0000,0.0002,0.0143,0.2526,0.1968,0.5348,0.0013,0.0000
medium/valid/011/630,6.338090427334436,7,0.0000,0.0000,0.0000,0.0001,0.0118,0.2091,0.2091,0.5684,0.0014,0.0000
medium/valid/011/490,6.6666802999211505,7,0.0000,0.0000,0.0000,0.0001,0.0039,0.0788,0.1668,0.7474,0.0031,0.0000
medium/valid/011/292,6.325013055383646,7,0.0000,0.0000,0.0000,0.0002,0.0171,0.2080,0.2080,0.5654,0.0012,0.0000
medium/valid/011/947,4.944482741964675,5,0.0000,0.0000,0.0000,0.0097,0.1949,0.6802,0.0717,0.0435,0.0000,0.0000
medium/valid/011/234,6.053640698884908,7,0.0000,0.0000,0.0000,0.0003,0.0216,0.3380,0.2050,0.4340,0.0009,0.0000
medium/valid/011/460,6.130360072160064,7,0.0000,0.0000,0.0000,0.0004,0.0220,0.2677,0.2677,0.4414,0.0009,0.0000
medium/valid/011/73,6.040235391793221,7,0.0000,0.0000,0.0000,0.0004,0.0276,0.3360,0.2038,0.4315,0.0006,0.0000
medium/valid/011/128,5.920752835604177,5,0.0000,0.0000,0.0000,0.0009,0.0388,0.3682,0.2233,0.3682,0.0006,0.0000
medium/valid/011/348,6.693632264420524,7,0.0000,0.0000,0.0000,0.0000,0.0036,0.0818,0.1349,0.7764,0.0032,0.0000
medium/valid/011/724,6.307145047373029,7,0.0000,0.0000,0.0000,0.0002,0.0161,0.1964,0.2522,0.5338,0.0013,0.0000
medium/valid/011/990,5.217689416768005,5,0.0000,0.0000,0.0000,0.0050,0.1136,0.6540,0.1136,0.1136,0.0001,0.0000
medium/valid/012/49,6.555936330743504,7,0.0000,0.0000,0.0000,0.0001,0.0046,0.1183,0.1950,0.6806,0.0015,0.0000
medium/valid/012/793,6.149946122914001,7,0.0000,0.0000,0.0000,0.0002,0.0183,0.2861,0.2228,0.4717,0.0008,0.0000
medium/valid/012/753,6.399108358657839,7,0.0000,0.0000,0.0000,0.0002,0.0140,0.1704,0.2188,0.5949,0.0017,0.0000
medium/valid/012/65,6.333679332301128,7,0.0000,0.0000,0.0000,0.0002,0.0134,0.2088,0.2088,0.5677,0.0011,0.0000
medium/valid/012/564,6.426946130914432,7,0.0000,0.0000,0.0000,0.0002,0.0115,0.1798,0.1798,0.6274,0.0014,0.0000
medium/valid/012/370,5.816041316691549,5,0.0000,0.0000,0.0000,0.0007,0.0447,0.4238,0.2002,0.3300,0.0006,0.0000
medium/valid/012/28,6.333679328949668,7,0.0000,0.0000,0.0000,0.0002,0.0134,0.2088,0.2088,0.5677,0.0011,0.0000
medium/valid/012/392,6.552358435166892,7,0.0000,0.0000,0.0000,0.0001,0.0059,0.1181,0.1948,0.6798,0.0013,0.0000
medium/valid/012/435,5.518567186445423,5,0.0000,0.0000,0.0000,0.0012,0.0598,0.5674,0.1626,0.2087,0.0003,0.0000
medium/valid/012/487,6.040633413270215,7,0.0000,0.0000,0.0000,0.0005,0.0276,0.3359,0.2037,0.4313,0.0009,0.0000
medium/valid/012/293,6.626115945242441,7,0.0000,0.0000,0.0000,0.0001,0.0049,0.0989,0.1631,0.7309,0.0021,0.0000
medium/valid/012/380,6.582526694556703,7,0.0000,0.0000,0.0000,0.0000,0.0042,0.1237,0.1588,0.7117,0.0016,0.0000
medium/valid/012/442,6.552867020502715,7,0.0000,0.0000,0.0000,0.0001,0.0059,0.1181,0.1947,0.6796,0.0017,0.0000
medium/valid/012/588,5.722185344309037,5,0.0000,0.0000,0.0000,0.0008,0.0482,0.4573,0.2160,0.2773,0.0004,0.0000
medium/valid/012/361,6.34099415803916,7,0.0000,0.0000,0.0000,0.0002,0.0104,0.2094,0.2094,0.5693,0.0012,0.0000
medium/valid/012/221,5.637550593946013,5,0.0000,0.0000,0.0000,0.0012,0.0513,0.4870,0.2300,0.2300,0.0004,0.0000
medium/valid/012/12,6.32476893372478,7,0.0000,0.0000,0.0000,0.0002,0.0171,0.2080,0.2080,0.5655,0.0011,0.0000
medium/valid/012/897,6.238173175636968,7,0.0000,0.0000,0.0000,0.0002,0.0153,0.2388,0.2388,0.5056,0.0013,0.0000
medium/valid/012/626,6.56714147071617,7,0.0000,0.0000,0.0000,0.0001,0.0101,0.1229,0.1579,0.7075,0.0015,0.0000
medium/valid/012/543,6.693077774720884,7,0.0000,0.0000,0.0000,0.0001,0.0036,0.0819,0.1350,0.7767,0.0028,0.0000
medium/valid/012/19,6.038205098544601,7,0.0000,0.0000,0.0000,0.0005,0.0261,0.3176,0.2473,0.4078,0.0008,0.0000
medium/valid/012/539,6.149946088378947,7,0.0000,0.0000,0.0000,0.0002,0.0183,0.2861,0.2228,0.4717,0.0008,0.0000
medium/valid/012/69,5.108155090224402,5,0.0000,0.0000,0.0000,0.0032,0.1212,0.6972,0.1212,0.0572,0.0001,0.0000
medium/valid/012/462,6.325022204180797,7,0.0000,0.0000,0.0000,0.0002,0.0171,0.2081,0.2081,0.5656,0.0011,0.0000
medium/valid/012/219,5.5396700338690055,5,0.0000,0.0000,0.0000,0.0012,0.0572,0.5424,0.1995,0.1995,0.0002,0.0000
medium/valid/012/504,6.251097702371618,7,0.0000,0.0000,0.0000,0.0002,0.0161,0.2522,0.1964,0.5339,0.0012,0.0000
medium/valid/012/40,6.497360458932766,7,0.0000,0.0000,0.0000,0.0001,0.0073,0.1466,0.1882,0.6569,0.0010,0.0000
medium/valid/012/472,5.221159932606092,5,0.0000,0.0000,0.0000,0.0034,0.1138,0.6550,0.1138,0.1138,0.0001,0.0000
medium/valid/012/707,6.494695868092157,7,0.0000,0.0000,0.0000,0.0001,0.0093,0.1460,0.1875,0.6544,0.0027,0.0000
medium/valid/012/364,6.325954923364425,7,0.0000,0.0000,0.0000,0.0002,0.0171,0.2079,0.2079,0.5651,0.0018,0.0000
medium/valid/012/85,5.6181187927111145,5,0.0000,0.0000,0.0000,0.0013,0.0541,0.5131,0.1888,0.2424,0.0004,0.0000
medium/valid/012/922,6.4333075155674075,7,0.0000,0.0000,0.0000,0.0001,0.0090,0.1802,0.1802,0.6291,0.0014,0.0000
medium/valid/012/148,6.238183792953698,7,0.0000,0.0000,0.0000,0.0003,0.0153,0.2388,0.2388,0.5055,0.0014,0.0000
medium/valid/012/228,6.2505177176017295,7,0.0000,0.0000,0.0000,0.0003,0.0161,0.2522,0.1964,0.5339,0.0010,0.0000
medium/valid/012/595,6.333679508742041,7,0.0000,0.0000,0.0000,0.0002,0.0134,0.2088,0.2088,0.5677,0.0011,0.0000
medium/valid/012/41,4.860206453192689,5,0.0000,0.0000,0.0000,0.0093,0.2410,0.6552,0.0691,0.0254,0.0000,0.0000
medium/valid/012/512,6.69226723227723,7,0.0000,0.0000,0.0000,0.0001,0.0036,0.0819,0.1351,0.7772,0.0022,0.0000
medium/valid/012/918,6.572499735052256,7,0.0000,0.0000,0.0000,0.0001,0.0089,0.1229,0.1578,0.7071,0.0033,0.0000
medium/valid/012/957,6.665896686039172,7,0.0000,0.0000,0.0000,0.0000,0.0035,0.0789,0.1671,0.7490,0.0014,0.0000
medium/valid/012/319,6.598095716777023,7,0.0000,0.0000,0.0000,0.0000,0.0047,0.0946,0.2002,0.6988,0.0017,0.0000
medium/valid/012/666,6.138038137981399,7,0.0000,0.0000,0.0000,0.0004,0.0234,0.2846,0.2217,0.4693,0.0006,0.0000
medium/valid/012/806,5.396380694676804,5,0.0000,0.0000,0.0000,0.0042,0.1224,0.5487,0.1224,0.2019,0.0003,0.0000
medium/valid/012/577,6.554006589540646,7,0.0000,0.0000,0.0000,0.0001,0.0059,0.1180,0.1946,0.6791,0.0024,0.0000
medium/valid/012/667,6.578115234994946,7,0.0000,0.0000,0.0000,0.0001,0.0061,0.1234,0.1584,0.7100,0.0020,0.0000
medium/valid/013/29,5.935152152531082,5,0.0000,0.0000,0.0000,0.0007,0.0321,0.3910,0.1847,0.3910,0.0007,0.0000
medium/valid/013/662,6.4891898642457395,7,0.0000,0.0000,0.0000,0.0001,0.0119,0.1455,0.1868,0.6521,0.0034,0.0000
medium/valid/013/889,6.72673816139948,7,0.0000,0.0000,0.0000,0.0000,0.0025,0.0650,0.1377,0.7925,0.0022,0.0000
medium/valid/013/692,6.2506453996426234,7,0.0000,0.0000,0.0000,0.0003,0.0161,0.2522,0.1964,0.5339,0.0010,0.0000
medium/valid/013/657,6.576008184018344,7,0.0000,0.0000,0.0000,0.0001,0.0070,0.1233,0.1583,0.7094,0.0020,0.0000
medium/valid/013/48,6.215365591798799,7,0.0000,0.0000,0.0000,0.0005,0.0249,0.2364,0.2364,0.5005,0.0012,0.0000
medium/valid/013/312,6.838564267516806,7,0.0000,0.0000,0.0000,0.0000,0.0022,0.0337,0.0915,0.8686,0.0040,0.0000
medium/valid/013/731,6.418412863646257,7,0.0000,0.0000,0.0000,0.0002,0.0147,0.1792,0.1792,0.6256,0.0011,0.0000
medium/valid/013/89,6.575850307840345,7,0.0000,0.0000,0.0000,0.0001,0.0070,0.1233,0.1583,0.7094,0.0020,0.0000
medium/valid/013/219,5.576810555090463,5,0.0000,0.0000,0.0000,0.0005,0.0355,0.5553,0.2043,0.2043,0.0002,0.0000
medium/valid/013/139,5.720614923327513,5,0.0000,0.0000,0.0000,0.0015,0.0482,0.4569,0.2158,0.2771,0.0005,0.0000
medium/valid/013/340,6.497600399739811,7,0.0000,0.0000,0.0000,0.0001,0.0073,0.1465,0.1882,0.6568,0.0011,0.0000
medium/valid/013/802,6.406726454057737,7,0.0000,0.0000,0.0000,0.0002,0.0109,0.1710,0.2195,0.5967,0.0017,0.0000
medium/valid/013/975,6.691702272838017,7,0.0000,0.0000,0.0000,0.0000,0.0036,0.0820,0.1351,0.7776,0.0017,0.0000
medium/valid/013/702,5.741221365365672,5,0.0000,0.0000,0.0000,0.0006,0.0379,0.4623,0.2184,0.2804,0.0004,0.0000
medium/valid/013/972,6.325012623806701,7,0.0000,0.0000,0.0000,0.0002,0.0171,0.2080,0.2080,0.5654,0.0012,0.0000
medium/valid/013/660,5.445867353370562,5,0.0000,0.0000,0.0000,0.0020,0.0754,0.5575,0.2051,0.1597,0.0003,0.0000
medium/valid/013/442,6.059542759886039,7,0.0000,0.0000,0.0000,0.0002,0.0160,0.3211,0.2501,0.4123,0.0004,0.0000
medium/valid/013/676,5.920994783297109,5,0.0000,0.0000,0.0000,0.0012,0.0388,0.3679,0.2232,0.3679,0.0010,0.0000
medium/valid/013/496,5.853317006678194,5,0.0000,0.0000,0.0000,0.0005,0.0311,0.3785,0.2948,0.2948,0.0003,0.0000
medium/valid/014/389,5.68150330841826,5,0.0000,0.0000,0.0000,0.0017,0.0640,0.4730,0.1740,0.2869,0.0004,0.0000
medium/valid/014/257,6.433543229451679,7,0.0000,0.0000,0.0000,0.0001,0.0090,0.1802,0.1802,0.6289,0.0016,0.0000
medium/valid/014/343,6.024820341175691,7,0.0000,0.0000,0.0000,0.0006,0.0351,0.3332,0.2021,0.4279,0.0011,0.0000
medium/valid/014/617,6.519702071841235,7,0.0000,0.0000,0.0000,0.0001,0.0076,0.1529,0.1529,0.6851,0.0015,0.0000
medium/valid/014/904,5.395739465339916,5,0.0000,0.0000,0.0000,0.0028,0.0820,0.6060,0.1352,0.1736,0.0003,0.0000
medium/valid/014/686,6.573513909450844,7,0.0000,0.0000,0.0000,0.0001,0.0079,0.1232,0.1581,0.7087,0.0020,0.0000
medium/valid/014/216,6.341119378551591,7,0.0000,0.0000,0.0000,0.0001,0.0104,0.2094,0.2094,0.5693,0.0012,0.0000
medium/valid/014/630,5.513964192708692,5,0.0000,0.0000,0.0000,0.0017,0.0722,0.5334,0.1962,0.1962,0.0003,0.0000
medium/valid/014/528,6.80128638356706,7,0.0000,0.0000,0.0000,0.0000,0.0016,0.0418,0.1136,0.8395,0.0034,0.0000
medium/valid/014/856,6.138044099714022,7,0.0000,0.0000,0.0000,0.0003,0.0234,0.2847,0.2217,0.4694,0.0005,0.0000
medium/valid/014/790,6.72602815305663,7,0.0000,0.0000,0.0000,0.0000,0.0032,0.0649,0.1375,0.7911,0.0032,0.0000
medium/valid/014/87,6.0531884141073675,7,0.0000,0.0000,0.0000,0.0003,0.0216,0.3381,0.2051,0.4342,0.0007,0.0000
medium/valid/014/66,5.359483022061147,5,0.0000,0.0000,0.0000,0.0017,0.0821,0.6068,0.1739,0.1354,0.0001,0.0000
medium/valid/014/884,5.815877642758964,5,0.0000,0.0000,0.0000,0.0007,0.0447,0.4238,0.2002,0.3301,0.0006,0.0000
medium/valid/014/484,5.244553850549481,5,0.0000,0.0000,0.0000,0.0038,0.1102,0.6342,0.1415,0.1102,0.0001,0.0000
medium/valid/014/155,5.938961533770905,5,0.0000,0.0000,0.0000,0.0004,0.0305,0.3716,0.2254,0.3716,0.0006,0.0000
medium/valid/014/316,6.150143689139344,7,0.0000,0.0000,0.0000,0.0002,0.0183,0.2861,0.2228,0.4717,0.0009,0.0000
medium/valid/014/112,6.149616708568622,7,0.0000,0.0000,0.0000,0.0002,0.0183,0.2862,0.2229,0.4718,0.0006,0.0000
medium/valid/014/376,6.625491813318623,7,0.0000,0.0000,0.0000,0.0001,0.0049,0.0990,0.1632,0.7313,0.0016,0.0000
medium/valid/014/793,6.350163316417876,7,0.0000,0.0000,0.0000,0.0003,0.0140,0.2189,0.1705,0.5949,0.0015,0.0000
medium/valid/014/289,6.339947950121123,7,0.0000,0.0000,0.0000,0.0005,0.0179,0.2180,0.1698,0.5926,0.0013,0.0000
medium/valid/014/352,5.246427881828393,5,0.0000,0.0000,0.0000,0.0029,0.1103,0.6347,0.1416,0.1103,0.0001,0.0000
medium/valid/014/117,6.258751314958774,7,0.0000,0.0000,0.0000,0.0002,0.0126,0.2532,0.1972,0.5360,0.0008,0.0000
medium/valid/014/125,6.622695953125001,7,0.0000,0.0000,0.0000,0.0001,0.0063,0.0988,0.1628,0.7297,0.0023,0.0000
medium/valid/014/986,4.938680471472579,5,0.0000,0.0000,0.0000,0.0072,0.1648,0.7386,0.0606,0.0286,0.0000,0.0000
medium/valid/014/65,6.3411947315379,7,0.0000,0.0000,0.0000,0.0002,0.0104,0.2094,0.2094,0.5692,0.0014,0.0000
medium/valid/014/401,6.237019953636246,7,0.0000,0.0000,0.0000,0.0003,0.0153,0.2389,0.2389,0.5058,0.0008,0.0000
medium/valid/014/779,6.324948454463901,7,0.0000,0.0000,0.0000,0.0002,0.0171,0.2081,0.2081,0.5655,0.0011,0.0000
medium/valid/014/889,6.419671370190339,7,0.0000,0.0000,0.0000,0.0003,0.0147,0.1790,0.1790,0.6249,0.0020,0.0000
medium/valid/014/738,5.917598401818519,5,0.0000,0.0000,0.0000,0.0007,0.0408,0.3874,0.1830,0.3874,0.0007,0.0000
medium/valid/014/79,6.625491814918237,7,0.0000,0.0000,0.0000,0.0001,0.0049,0.0990,0.1632,0.7313,0.0016,0.0000
medium/valid/015/350,6.495899139094705,7,0.0000,0.0000,0.0000,0.0001,0.0083,0.1463,0.1879,0.6558,0.0016,0.0000
medium/valid/015/704,6.498078165367369,7,0.0000,0.0000,0.0000,0.0001,0.0073,0.1465,0.1881,0.6566,0.0014,0.0000
medium/valid/015/694,6.856999163452703,7,0.0000,0.0000,0.0000,0.0000,0.0010,0.0264,0.0922,0.8751,0.0052,0.0000
medium/valid/015/887,4.930591278164787,5,0.0000,0.0000,0.0000,0.0188,0.2286,0.6215,0.0655,0.0655,0.0001,0.0000
medium/valid/015/380,6.251097889929719,7,0.0000,0.0000,0.0000,0.0002,0.0161,0.2522,0.1964,0.5339,0.0012,0.0000
medium/valid/015/651,6.571150937913048,7,0.0000,0.0000,0.0000,0.0001,0.0089,0.1230,0.1579,0.7078,0.0023,0.0000
medium/valid/015/820,6.334793449748231,7,0.0000,0.0000,0.0000,0.0001,0.0133,0.2087,0.2087,0.5674,0.0016,0.0000
medium/valid/015/721,6.3372914496962105,7,0.0000,0.0000,0.0000,0.0002,0.0118,0.2092,0.2092,0.5687,0.0010,0.0000
medium/valid/015/49,6.573845412192916,7,0.0000,0.0000,0.0000,0.0001,0.0079,0.1231,0.1581,0.7085,0.0023,0.0000
medium/valid/015/932,4.971062589949765,5,0.0000,0.0000,0.0000,0.0080,0.1606,0.7197,0.0759,0.0358,0.0000,0.0000
medium/valid/015/713,6.251137114394596,7,0.0000,0.0000,0.0000,0.0005,0.0215,0.2623,0.1591,0.5552,0.0014,0.0000
medium/valid/015/234,6.037807711077771,7,0.0000,0.0000,0.0000,0.0004,0.0261,0.3177,0.2474,0.4080,0.0004,0.0000
medium/valid/015/946,6.497600350905666,7,0.0000,0.0000,0.0000,0.0001,0.0073,0.1465,0.1882,0.6568,0.0011,0.0000
medium/valid/015/188,6.158376641800764,7,0.0000,0.0000,0.0000,0.0002,0.0143,0.2874,0.2238,0.4738,0.0006,0.0000
medium/valid/015/32,5.815222579248434,5,0.0000,0.0000,0.0000,0.0008,0.0447,0.4238,0.2002,0.3301,0.0004,0.0000
medium/valid/015/745,6.337431395260676,7,0.0000,0.0000,0.0000,0.0002,0.0118,0.2092,0.2092,0.5686,0.0011,0.0000
medium/valid/015/307,6.146687288117752,7,0.0000,0.0000,0.0000,0.0004,0.0245,0.2990,0.1814,0.4930,0.0016,0.0000
medium/valid/015/235,6.689153575159652,7,0.0000,0.0000,0.0000,0.0001,0.0046,0.0819,0.1350,0.7766,0.0019,0.0000
medium/valid/015/865,5.721471698559126,5,0.0000,0.0000,0.0000,0.0010,0.0482,0.4572,0.2160,0.2773,0.0004,0.0000
medium/valid/015/960,5.6810117640065165,5,0.0000,0.0000,0.0000,0.0019,0.0640,0.4729,0.1740,0.2868,0.0004,0.0000
medium/valid/015/722,5.938961605152781,5,0.0000,0.0000,0.0000,0.0004,0.0305,0.3716,0.2254,0.3716,0.0006,0.0000
medium/valid/015/291,6.240173396526062,7,0.0000,0.0000,0.0000,0.0003,0.0206,0.2511,0.1955,0.5316,0.0009,0.0000
medium/valid/015/577,6.433002479936652,7,0.0000,0.0000,0.0000,0.0001,0.0090,0.1803,0.1803,0.6292,0.0012,0.0000
medium/valid/015/691,6.138565867189793,7,0.0000,0.0000,0.0000,0.0004,0.0234,0.2846,0.2216,0.4692,0.0009,0.0000
medium/valid/015/755,5.420500478695398,5,0.0000,0.0000,0.0000,0.0016,0.0791,0.5843,0.1674,0.1674,0.0002,0.0000
medium/valid/015/814,6.237757593167696,7,0.0000,0.0000,0.0000,0.0002,0.0153,0.2389,0.2389,0.5058,0.0010,0.0000
medium/valid/015/72,6.399704700938086,7,0.0000,0.0000,0.0000,0.0002,0.0140,0.1704,0.2188,0.5948,0.0019,0.0000
medium/valid/016/652,6.040020195656803,7,0.0000,0.0000,0.0000,0.0006,0.0276,0.3360,0.2038,0.4314,0.0007,0.0000
medium/valid/016/744,6.4958510903481415,7,0.0000,0.0000,0.0000,0.0001,0.0083,0.1463,0.1879,0.6558,0.0016,0.0000
medium/valid/016/305,5.4676920828039615,5,0.0000,0.0000,0.0000,0.0010,0.0495,0.6035,0.1729,0.1729,0.0002,0.0000
medium/valid/016/944,6.3490940786990295,7,0.0000,0.0000,0.0000,0.0002,0.0140,0.2190,0.1706,0.5954,0.0007,0.0000
medium/valid/016/995,6.315937818228932,7,0.0000,0.0000,0.0000,0.0002,0.0126,0.1971,0.2530,0.5357,0.0015,0.0000
medium/valid/016/625,6.623744074163536,7,0.0000,0.0000,0.0000,0.0001,0.0056,0.0989,0.1631,0.7308,0.0016,0.0000
medium/valid/016/195,6.315001730878561,7,0.0000,0.0000,0.0000,0.0001,0.0126,0.1972,0.2532,0.5360,0.0009,0.0000
medium/valid/016/254,6.334414145876204,7,0.0000,0.0000,0.0000,0.0002,0.0133,0.2087,0.2087,0.5674,0.0016,0.0000
medium/valid/016/897,5.834161865311519,5,0.0000,0.0000,0.0000,0.0007,0.0351,0.4280,0.2022,0.3333,0.0006,0.0000
medium/valid/016/427,6.130943314675224,7,0.0000,0.0000,0.0000,0.0003,0.0220,0.2677,0.2677,0.4413,0.0011,0.0000
medium/valid/016/147,5.518351982932025,5,0.0000,0.0000,0.0000,0.0012,0.0598,0.5674,0.1626,0.2087,0.0002,0.0000
medium/valid/016/599,5.514908840325208,5,0.0000,0.0000,0.0000,0.0013,0.0722,0.5336,0.1963,0.1963,0.0003,0.0000
medium/valid/016/689,6.251270196926906,7,0.0000,0.0000,0.0000,0.0003,0.0161,0.2521,0.1964,0.5338,0.0013,0.0000
medium/valid/016/795,5.740786810385505,5,0.0000,0.0000,0.0000,0.0007,0.0379,0.4623,0.2184,0.2804,0.0003,0.0000
medium/valid/016/523,6.040245154967866,7,0.0000,0.0000,0.0000,0.0004,0.0276,0.3361,0.2038,0.4315,0.0006,0.0000
medium/valid/016/436,5.942824016125051,5,0.0000,0.0000,0.0000,0.0005,0.0287,0.3491,0.2719,0.3491,0.0008,0.0000
medium/valid/016/138,5.834072138945416,5,0.0000,0.0000,0.0000,0.0008,0.0351,0.4279,0.2021,0.3333,0.0007,0.0000
medium/valid/016/34,6.138332076189971,7,0.0000,0.0000,0.0000,0.0003,0.0234,0.2846,0.2217,0.4693,0.0007,0.0000
medium/valid/016/236,6.341216117033034,7,0.0000,0.0000,0.0000,0.0001,0.0104,0.2094,0.2094,0.5693,0.0012,0.0000
medium/valid/016/902,6.493055148267465,7,0.0000,0.0000,0.0000,0.0001,0.0093,0.1462,0.1877,0.6551,0.0016,0.0000
medium/valid/016/948,6.250733947588459,7,0.0000,0.0000,0.0000,0.0002,0.0161,0.2523,0.1965,0.5340,0.0009,0.0000
medium/valid/016/892,5.2762843411098554,5,0.0000,0.0000,0.0000,0.0025,0.1061,0.6104,0.1749,0.1061,0.0001,0.0000
medium/valid/016/488,6.040211629326804,7,0.0000,0.0000,0.0000,0.0006,0.0276,0.3359,0.2038,0.4313,0.0008,0.0000
medium/valid/016/991,5.657756232972192,5,0.0000,0.0000,0.0000,0.0007,0.0405,0.4929,0.2328,0.2328,0.0004,0.0000
medium/valid/016/752,6.648621627842964,7,0.0000,0.0000,0.0000,0.0001,0.0051,0.1027,0.1319,0.7588,0.0015,0.0000
medium/valid/016/731,6.574220184635638,7,0.0000,0.0000,0.0000,0.0001,0.0079,0.1231,0.1580,0.7083,0.0026,0.0000
medium/valid/016/846,5.043551258783803,5,0.0000,0.0000,0.0000,0.0047,0.1542,0.6909,0.0935,0.0567,0.0000,0.0000
medium/valid/016/461,6.2406277463592605,7,0.0000,0.0000,0.0000,0.0004,0.0206,0.2510,0.1955,0.5313,0.0013,0.0000
medium/valid/017/51,6.050001228801298,7,0.0000,0.0000,0.0000,0.0003,0.0204,0.3195,0.2489,0.4103,0.0005,0.0000
medium/valid/017/584,6.516615285880178,7,0.0000,0.0000,0.0000,0.0001,0.0086,0.1528,0.1528,0.6846,0.0012,0.0000
medium/valid/017/154,5.0198261500469465,5,0.0000,0.0000,0.0000,0.0042,0.1562,0.7001,0.0947,0.0448,0.0000,0.0000
medium/valid/017/365,6.427625235145852,7,0.0000,0.0000,0.0000,0.0001,0.0115,0.1797,0.1797,0.6272,0.0018,0.0000
medium/valid/017/36,5.447066882530913,5,0.0000,0.0000,0.0000,0.0011,0.0627,0.5950,0.1705,0.1705,0.0002,0.0000
medium/valid/017/725,5.406546169324394,5,0.0000,0.0000,0.0000,0.0011,0.0515,0.6275,0.1798,0.1400,0.0001,0.0000
medium/valid/017/38,6.040211616400483,7,0.0000,0.0000,0.0000,0.0006,0.0276,0.3359,0.2038,0.4313,0.0008,0.0000
medium/valid/017/368,6.333623714798168,7,0.0000,0.0000,0.0000,0.0002,0.0134,0.2089,0.2089,0.5678,0.0010,0.0000
medium/valid/017/711,6.820799260407402,7,0.0000,0.0000,0.0000,0.0000,0.0019,0.0429,0.0908,0.8613,0.0031,0.0000
medium/valid/017/28,5.323173807386832,5,0.0000,0.0000,0.0000,0.0040,0.1028,0.5916,0.1695,0.1320,0.0002,0.0000
medium/valid/017/972,6.625106624416987,7,0.0000,0.0000,0.0000,0.0001,0.0056,0.0988,0.1629,0.7300,0.0026,0.0000
medium/valid/017/755,5.4924309020755215,5,0.0000,0.0000,0.0000,0.0016,0.0755,0.5577,0.1598,0.2052,0.0003,0.0000
medium/valid/017/84,6.150291507867586,7,0.0000,0.0000,0.0000,0.0003,0.0183,0.2860,0.2227,0.4715,0.0012,0.0000
medium/valid/017/403,5.447189347533566,5,0.0000,0.0000,0.0000,0.0014,0.0755,0.5579,0.2052,0.1598,0.0002,0.0000
medium/valid/017/191,6.502502668681725,7,0.0000,0.0000,0.0000,0.0001,0.0057,0.1467,0.1884,0.6575,0.0016,0.0000
medium/valid/017/495,5.515242071001088,5,0.0000,0.0000,0.0000,0.0013,0.0722,0.5335,0.1963,0.1963,0.0004,0.0000
medium/valid/017/82,5.952332925195702,5,0.0000,0.0000,0.0000,0.0005,0.0239,0.3740,0.2268,0.3740,0.0008,0.0000
medium/valid/017/306,6.498274366724459,7,0.0000,0.0000,0.0000,0.0001,0.0073,0.1465,0.1881,0.6564,0.0016,0.0000
medium/valid/017/847,6.334283053996146,7,0.0000,0.0000,0.0000,0.0002,0.0133,0.2088,0.2088,0.5675,0.0014,0.0000
medium/valid/017/469,6.626025662651942,7,0.0000,0.0000,0.0000,0.0001,0.0049,0.0989,0.1631,0.7309,0.0021,0.0000
medium/valid/017/814,6.237172141900963,7,0.0000,0.0000,0.0000,0.0005,0.0275,0.2607,0.1581,0.5520,0.0012,0.0000
medium/valid/017/604,5.722444570815176,5,0.0000,0.0000,0.0000,0.0006,0.0482,0.4574,0.2161,0.2774,0.0003,0.0000
medium/valid/017/706,5.834183539848235,5,0.0000,0.0000,0.0000,0.0006,0.0351,0.4282,0.2022,0.3334,0.0004,0.0000
medium/valid/017/93,6.307144979972439,7,0.0000,0.0000,0.0000,0.0002,0.0161,0.1964,0.2522,0.5338,0.0013,0.0000
medium/valid/017/356,6.436261214366172,7,0.0000,0.0000,0.0000,0.0003,0.0153,0.1865,0.1453,0.6510,0.0016,0.0000
medium/valid/017/494,6.723960654196022,7,0.0000,0.0000,0.0000,0.0000,0.0037,0.0650,0.1375,0.7913,0.0025,0.0000
medium/valid/017/820,6.69269488372941,7,0.0000,0.0000,0.0000,0.0000,0.0036,0.0819,0.1350,0.7770,0.0025,0.0000
medium/valid/017/832,6.124804379138545,7,0.0000,0.0000,0.0000,0.0006,0.0298,0.2825,0.2200,0.4657,0.0015,0.0000
medium/valid/017/872,6.5555329890089755,7,0.0000,0.0000,0.0000,0.0000,0.0046,0.1183,0.1951,0.6808,0.0012,0.0000
medium/valid/017/119,6.801025200242514,7,0.0000,0.0000,0.0000,0.0000,0.0013,0.0419,0.1138,0.8407,0.0024,0.0000
medium/valid/017/893,5.516540315694575,5,0.0000,0.0000,0.0000,0.0020,0.0598,0.5669,0.1624,0.2086,0.0003,0.0000
medium/valid/017/401,6.337291296330099,7,0.0000,0.0000,0.0000,0.0002,0.0118,0.2092,0.2092,0.5687,0.0010,0.0000
medium/valid/017/309,6.493804745964756,7,0.0000,0.0000,0.0000,0.0001,0.0093,0.1461,0.1876,0.6548,0.0021,0.0000
medium/valid/017/892,5.61894334069327,5,0.0000,0.0000,0.0000,0.0009,0.0541,0.5134,0.1889,0.2425,0.0003,0.0000
medium/valid/017/360,5.721528840359556,5,0.0000,0.0000,0.0000,0.0009,0.0482,0.4573,0.2160,0.2774,0.0003,0.0000
medium/valid/017/987,6.33435702624734,7,0.0000,0.0000,0.0000,0.0002,0.0133,0.2088,0.2088,0.5675,0.0014,0.0000
medium/valid/017/575,6.250546217350832,7,0.0000,0.0000,0.0000,0.0003,0.0161,0.2522,0.1965,0.5340,0.0009,0.0000
medium/valid/017/253,6.227738022939364,7,0.0000,0.0000,0.0000,0.0003,0.0195,0.2378,0.2378,0.5035,0.0010,0.0000
medium/valid/017/1,6.240771586159535,7,0.0000,0.0000,0.0000,0.0003,0.0206,0.2510,0.1955,0.5313,0.0013,0.0000
medium/valid/017/509,6.333838408119727,7,0.0000,0.0000,0.0000,0.0002,0.0134,0.2088,0.2088,0.5677,0.0011,0.0000
medium/valid/017/437,6.139160962020899,7,0.0000,0.0000,0.0000,0.0003,0.0234,0.2846,0.2216,0.4692,0.0010,0.0000
medium/valid/017/894,6.04097289510801,7,0.0000,0.0000,0.0000,0.0004,0.0276,0.3360,0.2038,0.4314,0.0009,0.0000
medium/valid/017/177,6.055428970877379,7,0.0000,0.0000,0.0000,0.0004,0.0226,0.3542,0.1673,0.4548,0.0006,0.0000
medium/valid/017/387,6.625491727040207,7,0.0000,0.0000,0.0000,0.0001,0.0049,0.0990,0.1632,0.7313,0.0016,0.0000
medium/valid/018/273,6.580749194633283,7,0.0000,0.0000,0.0000,0.0001,0.0054,0.1234,0.1584,0.7101,0.0026,0.0000
medium/valid/018/594,6.692323834798062,7,0.0000,0.0000,0.0000,0.0000,0.0041,0.0818,0.1349,0.7761,0.0032,0.0000
medium/valid/018/799,5.721692418634177,5,0.0000,0.0000,0.0000,0.0009,0.0482,0.4573,0.2160,0.2773,0.0003,0.0000
medium/valid/018/159,6.262030203551447,7,0.0000,0.0000,0.0000,0.0003,0.0169,0.2637,0.1599,0.5582,0.0011,0.0000
medium/valid/018/387,6.340817515948548,7,0.0000,0.0000,0.0000,0.0001,0.0104,0.2095,0.2095,0.5694,0.0011,0.0000
medium/valid/018/609,5.756194295164246,5,0.0000,0.0000,0.0000,0.0004,0.0298,0.4663,0.2203,0.2828,0.0003,0.0000
medium/valid/018/850,6.325107998878842,7,0.0000,0.0000,0.0000,0.0002,0.0171,0.2080,0.2080,0.5654,0.0012,0.0000
medium/valid/018/685,6.2270805689251425,7,0.0000,0.0000,0.0000,0.0004,0.0263,0.2496,0.1944,0.5284,0.0010,0.0000
medium/valid/018/230,6.778625712977994,7,0.0000,0.0000,0.0000,0.0000,0.0018,0.0531,0.1123,0.8301,0.0026,0.0000
medium/valid/018/276,5.833856302507776,5,0.0000,0.0000,0.0000,0.0006,0.0351,0.4281,0.2022,0.3334,0.0004,0.0000
medium/valid/018/696,6.689837726258388,7,0.0000,0.0000,0.0000,0.0001,0.0046,0.0818,0.1349,0.7762,0.0025,0.0000
medium/valid/018/827,5.815035521724945,5,0.0000,0.0000,0.0000,0.0008,0.0447,0.4239,0.2002,0.3301,0.0003,0.0000
medium/valid/018/41,5.245548725384986,5,0.0000,0.0000,0.0000,0.0033,0.1103,0.6345,0.1416,0.1103,0.0001,0.0000
medium/valid/018/577,6.574705329591082,7,0.0000,0.0000,0.0000,0.0001,0.0079,0.1230,0.1580,0.7081,0.0029,0.0000
medium/valid/018/718,5.952131546296265,5,0.0000,0.0000,0.0000,0.0003,0.0239,0.3742,0.2269,0.3742,0.0005,0.0000
medium/valid/018/13,6.624744766492483,7,0.0000,0.0000,0.0000,0.0001,0.0056,0.0988,0.1629,0.7303,0.0023,0.0000
medium/valid/018/199,5.017920014286484,5,0.0000,0.0000,0.0000,0.0105,0.1856,0.6479,0.0877,0.0683,0.0001,0.0000
medium/valid/018/105,6.690864738155408,7,0.0000,0.0000,0.0000,0.0000,0.0046,0.0818,0.1348,0.7756,0.0032,0.0000
medium/valid/018/588,5.93879491174926,5,0.0000,0.0000,0.0000,0.0005,0.0305,0.3715,0.2253,0.3715,0.0006,0.0000
medium/valid/018/706,6.4928221024677475,7,0.0000,0.0000,0.0000,0.0001,0.0093,0.1462,0.1877,0.6552,0.0014,0.0000
medium/valid/018/79,5.960423861137224,5,0.0000,0.0000,0.0000,0.0003,0.0197,0.3962,0.1872,0.3962,0.0004,0.0000
medium/valid/018/977,6.5469976718460385,7,0.0000,0.0000,0.0000,0.0001,0.0085,0.1177,0.1940,0.6772,0.0024,0.0000
medium/valid/018/398,6.498728478041387,7,0.0000,0.0000,0.0000,0.0001,0.0073,0.1464,0.1880,0.6563,0.0018,0.0000
medium/valid/019/355,6.475142853749496,7,0.0000,0.0000,0.0000,0.0001,0.0061,0.1392,0.2294,0.6237,0.0015,0.0000
medium/valid/019/605,6.237006846838241,7,0.0000,0.0000,0.0000,0.0002,0.0153,0.2390,0.2390,0.5059,0.0006,0.0000
medium/valid/019/849,6.227843476903602,7,0.0000,0.0000,0.0000,0.0002,0.0195,0.2379,0.2379,0.5035,0.0010,0.0000
medium/valid/019/273,5.83418344465399,5,0.0000,0.0000,0.0000,0.0006,0.0351,0.4282,0.2022,0.3334,0.0004,0.0000
medium/valid/019/242,6.340713410312583,7,0.0000,0.0000,0.0000,0.0001,0.0104,0.2095,0.2095,0.5695,0.0010,0.0000
medium/valid/019/63,5.939387534614605,5,0.0000,0.0000,0.0000,0.0005,0.0305,0.3714,0.2253,0.3714,0.0009,0.0000
medium/valid/019/228,6.325954923365609,7,0.0000,0.0000,0.0000,0.0002,0.0171,0.2079,0.2079,0.5651,0.0018,0.0000
medium/valid/019/874,6.149615917078212,7,0.0000,0.0000,0.0000,0.0003,0.0183,0.2861,0.2228,0.4717,0.0008,0.0000
medium/valid/019/697,6.72801274295593,7,0.0000,0.0000,0.0000,0.0000,0.0025,0.0650,0.1376,0.7917,0.0032,0.0000
medium/valid/019/963,6.145589888414673,7,0.0000,0.0000,0.0000,0.0005,0.0246,0.2992,0.1815,0.4932,0.0011,0.0000
medium/valid/019/124,6.4060791824993615,7,0.0000,0.0000,0.0000,0.0001,0.0109,0.1711,0.2197,0.5971,0.0012,0.0000
medium/valid/019/652,4.818892718695535,5,0.0000,0.0000,0.0000,0.0156,0.2446,0.6650,0.0546,0.0201,0.0000,0.0000
medium/valid/019/322,5.492430851830903,5,0.0000,0.0000,0.0000,0.0016,0.0755,0.5577,0.1598,0.2052,0.0003,0.0000
medium/valid/019/86,5.720961146437576,5,0.0000,0.0000,0.0000,0.0015,0.0481,0.4568,0.2158,0.2771,0.0007,0.0000
medium/valid/019/852,6.4929935659473745,7,0.0000,0.0000,0.0000,0.0002,0.0093,0.1462,0.1877,0.6550,0.0016,0.0000
medium/valid/019/786,5.041790538671423,5,0.0000,0.0000,0.0000,0.0059,0.1518,0.6805,0.1182,0.0435,0.0001,0.0000
medium/valid/019/720,5.540924612861776,5,0.0000,0.0000,0.0000,0.0007,0.0572,0.5426,0.1996,0.1996,0.0002,0.0000
medium/valid/019/61,5.4467384656499345,5,0.0000,0.0000,0.0000,0.0016,0.0755,0.5578,0.2052,0.1598,0.0002,0.0000
medium/valid/019/121,5.584516918886032,5,0.0000,0.0000,0.0000,0.0015,0.0819,0.4710,0.2225,0.2225,0.0006,0.0000
medium/valid/019/912,5.8256472273691235,5,0.0000,0.0000,0.0000,0.0007,0.0423,0.4010,0.2432,0.3123,0.0005,0.0000
medium/valid/019/954,6.4870908345453975,7,0.0000,0.0000,0.0000,0.0002,0.0120,0.1457,0.1871,0.6530,0.0021,0.0000
medium/valid/019/51,5.420275112789627,5,0.0000,0.0000,0.0000,0.0016,0.0791,0.5843,0.1674,0.1674,0.0001,0.0000
medium/valid/019/18,6.038581224068888,7,0.0000,0.0000,0.0000,0.0004,0.0261,0.3176,0.2473,0.4078,0.0009,0.0000
medium/valid/019/974,6.138193270623313,7,0.0000,0.0000,0.0000,0.0004,0.0234,0.2846,0.2217,0.4693,0.0007,0.0000
medium/valid/019/298,6.55050948851312,7,0.0000,0.0000,0.0000,0.0001,0.0067,0.1180,0.1946,0.6792,0.0015,0.0000
medium/valid/019/407,5.921956188390243,5,0.0000,0.0000,0.0000,0.0006,0.0388,0.3683,0.2234,0.3683,0.0006,0.0000
medium/valid/019/607,6.050617739308165,7,0.0000,0.0000,0.0000,0.0002,0.0204,0.3195,0.2488,0.4103,0.0007,0.0000
medium/valid/019/316,6.139052524589823,7,0.0000,0.0000,0.0000,0.0003,0.0234,0.2846,0.2216,0.4692,0.0010,0.0000
medium/valid/019/271,5.446624759247287,5,0.0000,0.0000,0.0000,0.0013,0.0627,0.5949,0.1704,0.1704,0.0002,0.0000
medium/valid/020/743,5.539814396640663,5,0.0000,0.0000,0.0000,0.0012,0.0572,0.5423,0.1995,0.1995,0.0003,0.0000
medium/valid/020/947,6.5756417868620485,7,0.0000,0.0000,0.0000,0.0001,0.0070,0.1233,0.1583,0.7096,0.0018,0.0000
medium/valid/020/361,5.916491405647195,5,0.0000,0.0000,0.0000,0.0010,0.0408,0.3874,0.1830,0.3874,0.0005,0.0000
medium/valid/020/546,5.538882155085499,5,0.0000,0.0000,0.0000,0.0015,0.0571,0.5422,0.1995,0.1995,0.0002,0.0000
medium/valid/020/8,6.349991621200276,7,0.0000,0.0000,0.0000,0.0003,0.0140,0.2189,0.1705,0.5951,0.0013,0.0000
medium/valid/020/181,5.721692456170463,5,0.0000,0.0000,0.0000,0.0009,0.0482,0.4573,0.2160,0.2773,0.0003,0.0000
medium/valid/020/77,6.64082704908021,7,0.0000,0.0000,0.0000,0.0002,0.0084,0.1022,0.1313,0.7555,0.0024,0.0000
medium/valid/020/777,6.150579436871113,7,0.0000,0.0000,0.0000,0.0003,0.0183,0.2859,0.2227,0.4714,0.0013,0.0000
medium/valid/020/691,5.815606720892813,5,0.0000,0.0000,0.0000,0.0008,0.0447,0.4238,0.2002,0.3300,0.0006,0.0000
medium/valid/020/827,5.825389905754944,5,0.0000,0.0000,0.0000,0.0008,0.0423,0.4010,0.2432,0.3123,0.0005,0.0000
medium/valid/020/60,6.515818927859637,7,0.0000,0.0000,0.0000,0.0002,0.0097,0.1523,0.1523,0.6826,0.0028,0.0000
medium/valid/020/751,5.825985076998879,5,0.0000,0.0000,0.0000,0.0009,0.0422,0.4008,0.2431,0.3121,0.0009,0.0000
medium/valid/020/188,6.334007444205875,7,0.0000,0.0000,0.0000,0.0002,0.0133,0.2088,0.2088,0.5676,0.0012,0.0000
medium/valid/020/108,6.699733106176549,7,0.0000,0.0000,0.0000,0.0000,0.0027,0.0625,0.1699,0.7616,0.0031,0.0000
medium/valid/020/341,5.825648076001653,5,0.0000,0.0000,0.0000,0.0006,0.0423,0.4011,0.2433,0.3124,0.0004,0.0000
medium/valid/020/577,6.489825481372102,7,0.0000,0.0000,0.0000,0.0002,0.0106,0.1460,0.1874,0.6542,0.0016,0.0000
medium/valid/020/558,6.548861986636486,7,0.0000,0.0000,0.0000,0.0001,0.0075,0.1179,0.1943,0.6783,0.0019,0.0000
medium/valid/020/552,6.340746158966823,7,0.0000,0.0000,0.0000,0.0004,0.0179,0.2179,0.1697,0.5924,0.0017,0.0000
medium/valid/020/588,6.625588377413085,7,0.0000,0.0000,0.0000,0.0001,0.0056,0.0988,0.1628,0.7298,0.0030,0.0000
medium/valid/020/347,6.240280792340581,7,0.0000,0.0000,0.0000,0.0005,0.0206,0.2509,0.1954,0.5312,0.0013,0.0000
medium/valid/020/316,5.935422465736166,5,0.0000,0.0000,0.0000,0.0005,0.0321,0.3910,0.1847,0.3910,0.0006,0.0000
medium/valid/020/768,4.742081018303737,5,0.0000,0.0000,0.0000,0.0149,0.2983,0.6316,0.0404,0.0149,0.0000,0.0000
medium/valid/020/486,6.4234516492995715,7,0.0000,0.0000,0.0000,0.0002,0.0130,0.1795,0.1795,0.6264,0.0016,0.0000
medium/valid/020/64,6.495085463208442,7,0.0000,0.0000,0.0000,0.0001,0.0083,0.1464,0.1880,0.6561,0.0011,0.0000
medium/valid/020/647,4.931731510852006,5,0.0000,0.0000,0.0000,0.0129,0.2290,0.6226,0.0843,0.0511,0.0001,0.0000
medium/valid/020/262,5.080419473572065,5,0.0000,0.0000,0.0000,0.0048,0.1243,0.7153,0.0968,0.0587,0.0000,0.0000
medium/valid/020/128,6.334947871935013,7,0.0000,0.0000,0.0000,0.0002,0.0133,0.2087,0.2087,0.5673,0.0018,0.0000
medium/valid/020/625,5.917185981005037,5,0.0000,0.0000,0.0000,0.0010,0.0408,0.3872,0.1829,0.3872,0.0008,0.0000
medium/valid/021/906,5.680606109762813,5,0.0000,0.0000,0.0000,0.0022,0.0640,0.4727,0.1739,0.2867,0.0006,0.0000
medium/valid/021/903,6.059918850622329,7,0.0000,0.0000,0.0000,0.0002,0.0160,0.3210,0.2500,0.4122,0.0006,0.0000
medium/valid/021/415,6.237821476317932,7,0.0000,0.0000,0.0000,0.0001,0.0153,0.2389,0.2389,0.5058,0.0010,0.0000
medium/valid/021/978,6.157014963720489,7,0.0000,0.0000,0.0000,0.0003,0.0192,0.3010,0.1826,0.4963,0.0006,0.0000
medium/valid/021/679,5.037348736599902,5,0.0000,0.0000,0.0000,0.0034,0.1289,0.7420,0.0782,0.0474,0.0000,0.0000
medium/valid/021/934,4.990011535496714,5,0.0000,0.0000,0.0000,0.0094,0.1887,0.6586,0.0891,0.0541,0.0001,0.0000
medium/valid/021/792,6.4961764352832025,7,0.0000,0.0000,0.0000,0.0001,0.0083,0.1463,0.1878,0.6556,0.0018,0.0000
medium/valid/021/109,6.227079774939485,7,0.0000,0.0000,0.0000,0.0003,0.0195,0.2379,0.2379,0.5037,0.0007,0.0000
medium/valid/021/148,6.5528987467021675,7,0.0000,0.0000,0.0000,0.0001,0.0059,0.1181,0.1947,0.6796,0.0017,0.0000
medium/valid/021/72,5.825525845979844,5,0.0000,0.0000,0.0000,0.0008,0.0423,0.4010,0.2432,0.3123,0.0005,0.0000
medium/valid/021/880,6.692694486448724,7,0.0000,0.0000,0.0000,0.0000,0.0036,0.0819,0.1350,0.7770,0.0025,0.0000
medium/valid/021/608,5.246386261690547,5,0.0000,0.0000,0.0000,0.0029,0.1103,0.6347,0.1416,0.1103,0.0001,0.0000
medium/valid/021/922,5.23745894546562,5,0.0000,0.0000,0.0000,0.0031,0.1321,0.5921,0.1696,0.1029,0.0001,0.0000
medium/valid/021/253,5.853794224895578,5,0.0000,0.0000,0.0000,0.0003,0.0311,0.3786,0.2949,0.2949,0.0003,0.0000
medium/valid/021/825,6.725528035838386,7,0.0000,0.0000,0.0000,0.0001,0.0047,0.0647,0.1369,0.7877,0.0060,0.0000
medium/valid/021/209,6.410310098540099,7,0.0000,0.0000,0.0000,0.0001,0.0097,0.1712,0.2198,0.5974,0.0019,0.0000
medium/valid/021/106,6.041059418330001,7,0.0000,0.0000,0.0000,0.0004,0.0276,0.3359,0.2037,0.4313,0.0011,0.0000
medium/valid/021/515,6.327905410018717,7,0.0000,0.0000,0.0000,0.0005,0.0229,0.2169,0.1689,0.5895,0.0013,0.0000
medium/valid/021/311,6.578082467438782,7,0.0000,0.0000,0.0000,0.0001,0.0061,0.1234,0.1584,0.7100,0.0020,0.0000
medium/valid/021/920,5.698255486620868,5,0.0000,0.0000,0.0000,0.0011,0.0610,0.4509,0.2130,0.2735,0.0005,0.0000
medium/valid/021/879,6.0381942547939484,7,0.0000,0.0000,0.0000,0.0004,0.0261,0.3176,0.2474,0.4078,0.0007,0.0000
medium/valid/021/332,6.1103531974511895,7,0.0000,0.0000,0.0000,0.0009,0.0398,0.2944,0.1786,0.4854,0.0009,0.0000
medium/valid/021/911,6.649415668354707,7,0.0000,0.0000,0.0000,0.0001,0.0051,0.1026,0.1318,0.7583,0.0021,0.0000
medium/valid/021/449,5.4585724647093015,5,0.0000,0.0000,0.0000,0.0025,0.0948,0.5455,0.1563,0.2007,0.0003,0.0000
medium/valid/021/424,6.688218028219197,7,0.0000,0.0000,0.0000,0.0001,0.0052,0.0818,0.1348,0.7757,0.0025,0.0000
medium/valid/021/747,6.626059751280959,7,0.0000,0.0000,0.0000,0.0001,0.0049,0.0989,0.1631,0.7309,0.0021,0.0000
medium/valid/021/130,6.1243634100357465,7,0.0000,0.0000,0.0000,0.0005,0.0298,0.2826,0.2201,0.4660,0.0010,0.0000
medium/valid/022/297,6.333763963978721,7,0.0000,0.0000,0.0000,0.0002,0.0134,0.2088,0.2088,0.5677,0.0011,0.0000
medium/valid/022/572,6.692694749190248,7,0.0000,0.0000,0.0000,0.0000,0.0036,0.0819,0.1350,0.7770,0.0025,0.0000
medium/valid/022/847,6.241206782624157,7,0.0000,0.0000,0.0000,0.0003,0.0206,0.2509,0.1954,0.5312,0.0015,0.0000
medium/valid/022/934,6.138031769475246,7,0.0000,0.0000,0.0000,0.0005,0.0234,0.2846,0.2216,0.4692,0.0008,0.0000
medium/valid/022/884,6.05030338768766,7,0.0000,0.0000,0.0000,0.0003,0.0204,0.3195,0.2488,0.4102,0.0007,0.0000
medium/valid/022/503,5.200576014347308,5,0.0000,0.0000,0.0000,0.0039,0.1130,0.6501,0.1450,0.0880,0.0001,0.0000
medium/valid/022/28,5.93860211174441,5,0.0000,0.0000,0.0000,0.0006,0.0305,0.3715,0.2253,0.3715,0.0006,0.0000
medium/valid/022/254,6.341335906096459,7,0.0000,0.0000,0.0000,0.0001,0.0104,0.2094,0.2094,0.5692,0.0014,0.0000
medium/valid/022/10,5.638243333655251,5,0.0000,0.0000,0.0000,0.0010,0.0426,0.5195,0.1911,0.2454,0.0003,0.0000
medium/valid/022/39,6.744071682843469,7,0.0000,0.0000,0.0000,0.0001,0.0048,0.0669,0.1103,0.8150,0.0029,0.0000
medium/valid/022/296,6.3265801512026725,7,0.0000,0.0000,0.0000,0.0003,0.0171,0.2078,0.2078,0.5648,0.0023,0.0000
medium/valid/022/114,6.025098886642586,7,0.0000,0.0000,0.0000,0.0006,0.0351,0.3332,0.2021,0.4278,0.0012,0.0000
medium/valid/022/69,6.693124812064257,7,0.0000,0.0000,0.0000,0.0000,0.0036,0.0819,0.1350,0.7767,0.0028,0.0000
medium/valid/022/806,6.123932710034668,7,0.0000,0.0000,0.0000,0.0007,0.0298,0.2825,0.2200,0.4658,0.0012,0.0000
medium/valid/022/665,6.341445712430972,7,0.0000,0.0000,0.0000,0.0001,0.0104,0.2094,0.2094,0.5692,0.0014,0.0000
medium/valid/022/29,6.04059675141673,7,0.0000,0.0000,0.0000,0.0004,0.0276,0.3360,0.2038,0.4314,0.0008,0.0000
medium/valid/022/799,6.548861792820776,7,0.0000,0.0000,0.0000,0.0001,0.0075,0.1179,0.1943,0.6783,0.0019,0.0000
medium/valid/022/267,5.179782761114963,5,0.0000,0.0000,0.0000,0.0048,0.1413,0.6335,0.1101,0.1101,0.0002,0.0000
medium/valid/022/156,6.410309914604047,7,0.0000,0.0000,0.0000,0.0001,0.0097,0.1712,0.2198,0.5974,0.0019,0.0000
medium/valid/022/402,6.14078943805009,7,0.0000,0.0000,0.0000,0.0002,0.0172,0.2691,0.2691,0.4437,0.0006,0.0000
medium/valid/022/968,6.138565725237305,7,0.0000,0.0000,0.0000,0.0004,0.0234,0.2846,0.2216,0.4692,0.0009,0.0000
medium/valid/022/439,6.35054605440685,7,0.0000,0.0000,0.0000,0.0002,0.0140,0.2189,0.1705,0.5950,0.0015,0.0000
medium/valid/022/228,6.240771514510723,7,0.0000,0.0000,0.0000,0.0003,0.0206,0.2510,0.1955,0.5313,0.0013,0.0000
medium/valid/022/515,5.792178739122516,5,0.0000,0.0000,0.0000,0.0009,0.0566,0.4185,0.1977,0.3259,0.0004,0.0000
medium/valid/022/932,6.6519576151100335,7,0.0000,0.0000,0.0000,0.0000,0.0040,0.1028,0.1320,0.7595,0.0017,0.0000
medium/valid/022/251,6.3253838476464574,7,0.0000,0.0000,0.0000,0.0002,0.0171,0.2080,0.2080,0.5654,0.0014,0.0000
medium/valid/022/548,6.577688485622909,7,0.0000,0.0000,0.0000,0.0001,0.0069,0.1231,0.1581,0.7085,0.0033,0.0000
medium/valid/022/944,6.4933806974669235,7,0.0000,0.0000,0.0000,0.0001,0.0093,0.1461,0.1876,0.6549,0.0018,0.0000
medium/valid/022/413,6.57670272478407,7,0.0000,0.0000,0.0000,0.0001,0.0070,0.1232,0.1582,0.7090,0.0026,0.0000
medium/valid/022/902,5.446798453954569,5,0.0000,0.0000,0.0000,0.0011,0.0627,0.5950,0.1705,0.1705,0.0001,0.0000
medium/valid/022/690,6.4273036344882355,7,0.0000,0.0000,0.0000,0.0002,0.0115,0.1797,0.1797,0.6272,0.0018,0.0000
medium/valid/022/735,6.341695155789728,7,0.0000,0.0000,0.0000,0.0004,0.0179,0.2178,0.1696,0.5921,0.0021,0.0000
medium/valid/023/746,6.318491102300591,7,0.0000,0.0000,0.0000,0.0001,0.0111,0.1975,0.2536,0.5368,0.0009,0.0000
medium/valid/023/293,6.25064545729665,7,0.0000,0.0000,0.0000,0.0003,0.0161,0.2522,0.1964,0.5339,0.0010,0.0000
medium/valid/023/115,6.2377576011111495,7,0.0000,0.0000,0.0000,0.0002,0.0153,0.2389,0.2389,0.5058,0.0010,0.0000
medium/valid/023/815,6.625758174961145,7,0.0000,0.0000,0.0000,0.0001,0.0049,0.0989,0.1631,0.7311,0.0018,0.0000
medium/valid/023/223,6.433255598904927,7,0.0000,0.0000,0.0000,0.0001,0.0090,0.1802,0.1802,0.6291,0.0014,0.0000
medium/valid/023/20,6.250645601360461,7,0.0000,0.0000,0.0000,0.0002,0.0161,0.2523,0.1965,0.5340,0.0009,0.0000
medium/valid/023/754,6.240258750675429,7,0.0000,0.0000,0.0000,0.0003,0.0206,0.2510,0.1955,0.5315,0.0010,0.0000
medium/valid/023/357,6.150812509958751,7,0.0000,0.0000,0.0000,0.0003,0.0183,0.2860,0.2227,0.4715,0.0013,0.0000
medium/valid/023/190,6.648913316946866,7,0.0000,0.0000,0.0000,0.0001,0.0051,0.1027,0.1318,0.7587,0.0017,0.0000
medium/valid/023/694,6.138192435448088,7,0.0000,0.0000,0.0000,0.0004,0.0234,0.2846,0.2217,0.4693,0.0007,0.0000
medium/valid/023/504,6.240627783879083,7,0.0000,0.0000,0.0000,0.0004,0.0206,0.2510,0.1955,0.5313,0.0013,0.0000
medium/valid/023/735,5.359410897647641,5,0.0000,0.0000,0.0000,0.0017,0.0821,0.6068,0.1739,0.1354,0.0001,0.0000
medium/valid/023/605,5.894851333733072,5,0.0000,0.0000,0.0000,0.0011,0.0518,0.3827,0.1808,0.3827,0.0008,0.0000
medium/valid/023/92,5.59380557938125,5,0.0000,0.0000,0.0000,0.0011,0.0684,0.5055,0.1859,0.2388,0.0003,0.0000
medium/valid/023/30,6.502764690726521,7,0.0000,0.0000,0.0000,0.0001,0.0057,0.1467,0.1883,0.6574,0.0018,0.0000
medium/valid/023/926,5.51467460987065,5,0.0000,0.0000,0.0000,0.0015,0.0722,0.5334,0.1962,0.1962,0.0004,0.0000
medium/valid/023/822,6.324904776589285,7,0.0000,0.0000,0.0000,0.0003,0.0171,0.2080,0.2080,0.5654,0.0012,0.0000
medium/valid/023/121,5.825525802952414,5,0.0000,0.0000,0.0000,0.0008,0.0423,0.4010,0.2432,0.3123,0.0005,0.0000
medium/valid/023/893,5.740997522480561,5,0.0000,0.0000,0.0000,0.0007,0.0379,0.4622,0.2183,0.2804,0.0004,0.0000
medium/valid/023/957,5.159643192961806,5,0.0000,0.0000,0.0000,0.0054,0.1403,0.6288,0.1403,0.0851,0.0001,0.0000
medium/valid/023/829,4.994983015549838,5,0.0000,0.0000,0.0000,0.0062,0.1592,0.7137,0.0752,0.0456,0.0000,0.0000
medium/valid/023/751,5.456057102978328,5,0.0000,0.0000,0.0000,0.0037,0.0947,0.5448,0.1561,0.2004,0.0004,0.0000
medium/valid/023/436,6.406206165070976,7,0.0000,0.0000,0.0000,0.0002,0.0109,0.1710,0.2196,0.5970,0.0013,0.0000
medium/valid/023/458,6.2383961501493514,7,0.0000,0.0000,0.0000,0.0003,0.0153,0.2387,0.2387,0.5054,0.0016,0.0000
medium/valid/023/571,6.350181567695492,7,0.0000,0.0000,0.0000,0.0002,0.0140,0.2189,0.1705,0.5951,0.0013,0.0000
medium/valid/023/37,6.62727938801053,7,0.0000,0.0000,0.0000,0.0001,0.0043,0.0990,0.1632,0.7315,0.0018,0.0000
medium/valid/023/22,6.430195494027186,7,0.0000,0.0000,0.0000,0.0001,0.0102,0.1800,0.1800,0.6284,0.0012,0.0000
medium/valid/023/971,6.150046828047209,7,0.0000,0.0000,0.0000,0.0003,0.0183,0.2861,0.2228,0.4717,0.0009,0.0000
medium/valid/023/795,6.751059000195876,7,0.0000,0.0000,0.0000,0.0000,0.0029,0.0669,0.1104,0.8154,0.0043,0.0000
medium/valid/024/356,6.725383664549898,7,0.0000,0.0000,0.0000,0.0000,0.0037,0.0649,0.1374,0.7904,0.0037,0.0000
medium/valid/024/260,6.467717673594658,7,0.0000,0.0000,0.0000,0.0001,0.0089,0.1388,0.2289,0.6221,0.0012,0.0000
medium/valid/024/867,6.688185500472076,7,0.0000,0.0000,0.0000,0.0001,0.0052,0.0818,0.1348,0.7757,0.0025,0.0000
medium/valid/024/873,6.042479614802399,7,0.0000,0.0000,0.0000,0.0004,0.0289,0.3519,0.1662,0.4518,0.0008,0.0000
medium/valid/024/572,6.324768810813153,7,0.0000,0.0000,0.0000,0.0002,0.0171,0.2080,0.2080,0.5655,0.0011,0.0000
medium/valid/024/103,6.157434793156884,7,0.0000,0.0000,0.0000,0.0003,0.0192,0.3010,0.1825,0.4962,0.0007,0.0000
medium/valid/024/882,6.426534532233082,7,0.0000,0.0000,0.0000,0.0001,0.0115,0.1798,0.1798,0.6276,0.0011,0.0000
medium/valid/024/200,5.756463995818453,5,0.0000,0.0000,0.0000,0.0005,0.0298,0.4662,0.2202,0.2828,0.0005,0.0000
medium/valid/024/820,6.325696514307783,7,0.0000,0.0000,0.0000,0.0002,0.0171,0.2079,0.2079,0.5652,0.0016,0.0000
medium/valid/024/78,6.150046933715516,7,0.0000,0.0000,0.0000,0.0003,0.0183,0.2861,0.2228,0.4717,0.0009,0.0000
medium/valid/024/395,5.8149525863334235,5,0.0000,0.0000,0.0000,0.0011,0.0447,0.4237,0.2001,0.3299,0.0006,0.0000
medium/valid/024/349,6.340919744226149,7,0.0000,0.0000,0.0000,0.0002,0.0104,0.2094,0.2094,0.5693,0.0012,0.0000
medium/valid/024/303,6.5528327733254805,7,0.0000,0.0000,0.0000,0.0001,0.0059,0.1181,0.1947,0.6796,0.0017,0.0000
medium/valid/024/586,6.4937496953721405,7,0.0000,0.0000,0.0000,0.0001,0.0093,0.1461,0.1876,0.6548,0.0021,0.0000
medium/valid/024/122,6.338460722414829,7,0.0000,0.0000,0.0000,0.0001,0.0118,0.2091,0.2091,0.5683,0.0016,0.0000
medium/valid/024/657,6.130611491102726,7,0.0000,0.0000,0.0000,0.0002,0.0220,0.2678,0.2678,0.4415,0.0008,0.0000
medium/valid/024/872,5.447269763976195,5,0.0000,0.0000,0.0000,0.0010,0.0627,0.5951,0.1705,0.1705,0.0002,0.0000
medium/valid/024/626,6.577417719221511,7,0.0000,0.0000,0.0000,0.0001,0.0061,0.1234,0.1585,0.7103,0.0016,0.0000
medium/valid/024/499,5.614280344894064,5,0.0000,0.0000,0.0000,0.0009,0.0650,0.4802,0.2268,0.2268,0.0002,0.0000
medium/valid/024/558,5.698015421044337,5,0.0000,0.0000,0.0000,0.0013,0.0610,0.4508,0.2129,0.2734,0.0006,0.0000
medium/valid/024/734,6.426691995785285,7,0.0000,0.0000,0.0000,0.0002,0.0115,0.1798,0.1798,0.6275,0.0012,0.0000
medium/valid/024/673,6.555038721379924,7,0.0000,0.0000,0.0000,0.0001,0.0052,0.1181,0.1948,0.6799,0.0019,0.0000
medium/valid/024/301,6.237440706087882,7,0.0000,0.0000,0.0000,0.0001,0.0153,0.2390,0.2390,0.5059,0.0008,0.0000
medium/valid/024/484,6.124416916510155,7,0.0000,0.0000,0.0000,0.0005,0.0298,0.2826,0.2201,0.4659,0.0012,0.0000
medium/valid/024/557,6.427769036082269,7,0.0000,0.0000,0.0000,0.0002,0.0115,0.1796,0.1796,0.6270,0.0020,0.0000
medium/valid/024/816,6.145186050484738,7,0.0000,0.0000,0.0000,0.0001,0.0152,0.2697,0.2697,0.4447,0.0005,0.0000
medium/valid/024/430,5.492551296430303,5,0.0000,0.0000,0.0000,0.0010,0.0472,0.5752,0.2116,0.1648,0.0002,0.0000
medium/valid/024/354,6.2512702882747995,7,0.0000,0.0000,0.0000,0.0003,0.0161,0.2521,0.1964,0.5338,0.0013,0.0000
medium/valid/024/170,6.726627690004241,7,0.0000,0.0000,0.0000,0.0000,0.0029,0.0650,0.1376,0.7917,0.0029,0.0000
medium/valid/024/247,6.229660602239041,7,0.0000,0.0000,0.0000,0.0003,0.0195,0.2376,0.2376,0.5030,0.0021,0.0000
medium/valid/024/946,6.251369695165971,7,0.0000,0.0000,0.0000,0.0002,0.0161,0.2522,0.1964,0.5338,0.0013,0.0000
medium/valid/025/351,6.554956209329846,7,0.0000,0.0000,0.0000,0.0001,0.0052,0.1181,0.1948,0.6799,0.0019,0.0000
medium/valid/025/684,6.003800720906634,7,0.0000,0.0000,0.0000,0.0011,0.0467,0.3450,0.1630,0.4430,0.0012,0.0000
medium/valid/025/536,5.540404702801986,5,0.0000,0.0000,0.0000,0.0009,0.0572,0.5425,0.1996,0.1996,0.0002,0.0000
medium/valid/025/578,6.427159192004044,7,0.0000,0.0000,0.0000,0.0002,0.0115,0.1797,0.1797,0.6273,0.0016,0.0000
medium/valid/025/551,5.446682500517425,5,0.0000,0.0000,0.0000,0.0016,0.0755,0.5578,0.2052,0.1598,0.0002,0.0000
medium/valid/025/459,5.782186011047113,5,0.0000,0.0000,0.0000,0.0016,0.0592,0.4371,0.1608,0.3404,0.0010,0.0000
medium/valid/025/935,6.5755642904427605,7,0.0000,0.0000,0.0000,0.0001,0.0070,0.1233,0.1583,0.7096,0.0018,0.0000
medium/valid/025/96,6.430906541426658,7,0.0000,0.0000,0.0000,0.0001,0.0102,0.1799,0.1799,0.6281,0.0018,0.0000
medium/valid/025/719,5.708379813726481,5,0.0000,0.0000,0.0000,0.0008,0.0506,0.4802,0.1766,0.2912,0.0005,0.0000
medium/valid/025/622,6.1388864939566234,7,0.0000,0.0000,0.0000,0.0004,0.0234,0.2845,0.2216,0.4690,0.0012,0.0000
medium/valid/025/783,6.240046459639685,7,0.0000,0.0000,0.0000,0.0003,0.0206,0.2511,0.1955,0.5315,0.0009,0.0000
medium/valid/025/433,6.3224711556795015,7,0.0000,0.0000,0.0000,0.0001,0.0098,0.1976,0.2537,0.5372,0.0015,0.0000
medium/valid/025/314,5.276419958657334,5,0.0000,0.0000,0.0000,0.0025,0.1061,0.6104,0.1749,0.1061,0.0002,0.0000
medium/valid/025/671,6.4685141804630595,7,0.0000,0.0000,0.0000,0.0001,0.0089,0.1387,0.2287,0.6218,0.0017,0.0000
medium/valid/025/916,6.419179624734923,7,0.0000,0.0000,0.0000,0.0002,0.0147,0.1791,0.1791,0.6253,0.0015,0.0000
medium/valid/025/427,6.349739094217716,7,0.0000,0.0000,0.0000,0.0003,0.0140,0.2189,0.1705,0.5951,0.0011,0.0000
medium/valid/025/541,6.427559149988133,7,0.0000,0.0000,0.0000,0.0002,0.0115,0.1797,0.1797,0.6272,0.0018,0.0000
medium/valid/025/195,6.690667702066222,7,0.0000,0.0000,0.0000,0.0001,0.0041,0.0819,0.1350,0.7770,0.0019,0.0000
medium/valid/025/588,6.341278595907842,7,0.0000,0.0000,0.0000,0.0004,0.0179,0.2179,0.1697,0.5923,0.0019,0.0000
medium/valid/025/691,6.041338555969836,7,0.0000,0.0000,0.0000,0.0004,0.0276,0.3358,0.2037,0.4312,0.0012,0.0000
medium/valid/025/919,5.223468560460655,5,0.0000,0.0000,0.0000,0.0024,0.1139,0.6557,0.1139,0.1139,0.0001,0.0000
medium/valid/025/867,6.050119324445077,7,0.0000,0.0000,0.0000,0.0003,0.0204,0.3196,0.2489,0.4103,0.0005,0.0000
medium/valid/025/268,5.1353426527344626,5,0.0000,0.0000,0.0000,0.0044,0.1450,0.6497,0.1129,0.0879,0.0001,0.0000
medium/valid/025/715,6.496545055760607,7,0.0000,0.0000,0.0000,0.0001,0.0083,0.1463,0.1878,0.6555,0.0021,0.0000
medium/valid/025/994,5.097072663142119,5,0.0000,0.0000,0.0000,0.0051,0.1478,0.6622,0.1151,0.0698,0.0001,0.0000
medium/valid/025/418,6.578459703780372,7,0.0000,0.0000,0.0000,0.0001,0.0061,0.1233,0.1584,0.7098,0.0023,0.0000
medium/valid/025/197,6.240771690036434,7,0.0000,0.0000,0.0000,0.0003,0.0206,0.2510,0.1955,0.5313,0.0013,0.0000
medium/valid/025/795,6.334147316354417,7,0.0000,0.0000,0.0000,0.0001,0.0133,0.2088,0.2088,0.5676,0.0012,0.0000
medium/valid/025/224,6.325288633169819,7,0.0000,0.0000,0.0000,0.0002,0.0171,0.2080,0.2080,0.5653,0.0014,0.0000
medium/valid/025/717,6.340861130005264,7,0.0000,0.0000,0.0000,0.0003,0.0179,0.2180,0.1698,0.5926,0.0015,0.0000
medium/valid/025/996,6.1388862393745764,7,0.0000,0.0000,0.0000,0.0004,0.0234,0.2845,0.2216,0.4690,0.0012,0.0000
medium/valid/025/903,6.517737076623687,7,0.0000,0.0000,0.0000,0.0001,0.0086,0.1526,0.1526,0.6841,0.0019,0.0000
medium/valid/025/635,6.487270803286199,7,0.0000,0.0000,0.0000,0.0002,0.0120,0.1457,0.1870,0.6528,0.0024,0.0000
medium/valid/025/228,6.350601363867629,7,0.0000,0.0000,0.0000,0.0003,0.0140,0.2188,0.1704,0.5948,0.0017,0.0000
medium/valid/025/425,6.550608917342478,7,0.0000,0.0000,0.0000,0.0001,0.0075,0.1177,0.1941,0.6774,0.0031,0.0000
medium/valid/025/534,6.62436926810294,7,0.0000,0.0000,0.0000,0.0001,0.0056,0.0989,0.1630,0.7305,0.0021,0.0000
medium/valid/025/568,6.038864687012061,7,0.0000,0.0000,0.0000,0.0003,0.0261,0.3176,0.2473,0.4078,0.0009,0.0000
medium/valid/025/706,6.040633405429627,7,0.0000,0.0000,0.0000,0.0005,0.0276,0.3359,0.2037,0.4313,0.0009,0.0000
medium/valid/026/215,6.042032734675579,7,0.0000,0.0000,0.0000,0.0006,0.0275,0.3356,0.2036,0.4309,0.0018,0.0000
medium/valid/026/172,6.241010369979299,7,0.0000,0.0000,0.0000,0.0003,0.0206,0.2510,0.1955,0.5314,0.0013,0.0000
medium/valid/026/440,6.4948326612719445,7,0.0000,0.0000,0.0000,0.0001,0.0083,0.1464,0.1880,0.6562,0.0010,0.0000
medium/valid/026/934,5.514465773664832,5,0.0000,0.0000,0.0000,0.0015,0.0722,0.5335,0.1963,0.1963,0.0003,0.0000
medium/valid/026/585,5.515137922461426,5,0.0000,0.0000,0.0000,0.0012,0.0722,0.5337,0.1963,0.1963,0.0002,0.0000
medium/valid/026/926,6.577781942526869,7,0.0000,0.0000,0.0000,0.0001,0.0061,0.1234,0.1585,0.7102,0.0018,0.0000
medium/valid/026/563,6.43096476456478,7,0.0000,0.0000,0.0000,0.0001,0.0102,0.1799,0.1799,0.6281,0.0018,0.0000
medium/valid/026/174,5.741654615824429,5,0.0000,0.0000,0.0000,0.0006,0.0379,0.4622,0.2183,0.2803,0.0006,0.0000
medium/valid/026/664,5.287596159219503,5,0.0000,0.0000,0.0000,0.0030,0.1284,0.5753,0.1648,0.1284,0.0002,0.0000
medium/valid/026/520,6.627637117378187,7,0.0000,0.0000,0.0000,0.0001,0.0043,0.0990,0.1632,0.7314,0.0021,0.0000
medium/valid/026/924,6.433197544358056,7,0.0000,0.0000,0.0000,0.0001,0.0090,0.1802,0.1802,0.6291,0.0014,0.0000
medium/valid/026/787,5.9524207131032565,5,0.0000,0.0000,0.0000,0.0003,0.0239,0.3741,0.2269,0.3741,0.0006,0.0000
medium/valid/026/854,6.492767452586465,7,0.0000,0.0000,0.0000,0.0001,0.0093,0.1462,0.1877,0.6552,0.0014,0.0000
medium/valid/026/864,5.834539667616106,5,0.0000,0.0000,0.0000,0.0004,0.0351,0.4282,0.2023,0.3335,0.0004,0.0000
medium/valid/026/204,6.552327528448183,7,0.0000,0.0000,0.0000,0.0001,0.0059,0.1181,0.1948,0.6798,0.0013,0.0000
medium/valid/026/539,6.6237146605574795,7,0.0000,0.0000,0.0000,0.0001,0.0056,0.0989,0.1631,0.7308,0.0016,0.0000
medium/valid/026/768,5.682291721466902,5,0.0000,0.0000,0.0000,0.0015,0.0640,0.4730,0.1740,0.2869,0.0005,0.0000
medium/valid/026/333,6.495851090349086,7,0.0000,0.0000,0.0000,0.0001,0.0083,0.1463,0.1879,0.6558,0.0016,0.0000
medium/valid/026/941,5.419535481988717,5,0.0000,0.0000,0.0000,0.0021,0.0790,0.5840,0.1673,0.1673,0.0003,0.0000
medium/valid/026/415,6.053396788786993,7,0.0000,0.0000,0.0000,0.0002,0.0216,0.3382,0.2051,0.4342,0.0007,0.0000
medium/valid/026/583,6.630619872441097,7,0.0000,0.0000,0.0000,0.0000,0.0034,0.0991,0.1633,0.7319,0.0023,0.0000
medium/valid/026/657,6.427625439595877,7,0.0000,0.0000,0.0000,0.0001,0.0115,0.1797,0.1797,0.6272,0.0018,0.0000
medium/valid/026/819,6.518923741063703,7,0.0000,0.0000,0.0000,0.0001,0.0086,0.1525,0.1525,0.6835,0.0028,0.0000
medium/valid/026/64,6.872747367982612,7,0.0000,0.0000,0.0000,0.0000,0.0015,0.0270,0.0733,0.8935,0.0047,0.0000
medium/valid/026/857,6.324768930389136,7,0.0000,0.0000,0.0000,0.0002,0.0171,0.2080,0.2080,0.5655,0.0011,0.0000
medium/valid/026/442,6.49338061440509,7,0.0000,0.0000,0.0000,0.0001,0.0093,0.1461,0.1876,0.6549,0.0018,0.0000
medium/valid/026/769,6.237145630874856,7,0.0000,0.0000,0.0000,0.0002,0.0153,0.2390,0.2390,0.5059,0.0007,0.0000
medium/valid/026/276,5.9183061697471135,5,0.0000,0.0000,0.0000,0.0007,0.0408,0.3872,0.1829,0.3872,0.0011,0.0000
medium/valid/026/7,6.25075311605039,7,0.0000,0.0000,0.0000,0.0001,0.0161,0.2523,0.1965,0.5341,0.0008,0.0000
medium/valid/026/315,5.917420147137004,5,0.0000,0.0000,0.0000,0.0010,0.0408,0.3872,0.1829,0.3872,0.0010,0.0000
medium/valid/027/443,6.700185541290232,7,0.0000,0.0000,0.0000,0.0000,0.0024,0.0626,0.1701,0.7622,0.0027,0.0000
medium/valid/027/916,6.237913298589642,7,0.0000,0.0000,0.0000,0.0002,0.0153,0.2389,0.2389,0.5057,0.0011,0.0000
medium/valid/027/654,6.023599146930034,7,0.0000,0.0000,0.0000,0.0004,0.0332,0.3152,0.2455,0.4048,0.0009,0.0000
medium/valid/027/677,6.05068904816139,7,0.0000,0.0000,0.0000,0.0003,0.0204,0.3194,0.2488,0.4102,0.0009,0.0000
medium/valid/027/230,6.33441405917742,7,0.0000,0.0000,0.0000,0.0002,0.0133,0.2087,0.2087,0.5674,0.0016,0.0000
medium/valid/027/43,6.325107832883141,7,0.0000,0.0000,0.0000,0.0002,0.0171,0.2080,0.2080,0.5654,0.0012,0.0000
medium/valid/027/195,4.931834993660385,5,0.0000,0.0000,0.0000,0.0129,0.2290,0.6226,0.0843,0.0511,0.0001,0.0000
medium/valid/027/359,5.938641409031138,5,0.0000,0.0000,0.0000,0.0005,0.0305,0.3715,0.2254,0.3715,0.0006,0.0000
medium/valid/027/113,6.555038943704084,7,0.0000,0.0000,0.0000,0.0001,0.0052,0.1181,0.1948,0.6799,0.0019,0.0000
medium/valid/027/256,6.050421138442042,7,0.0000,0.0000,0.0000,0.0003,0.0204,0.3195,0.2488,0.4103,0.0007,0.0000
medium/valid/027/57,5.638980071507396,5,0.0000,0.0000,0.0000,0.0007,0.0427,0.5197,0.1912,0.2455,0.0003,0.0000
medium/valid/027/673,6.335801850047333,7,0.0000,0.0000,0.0000,0.0002,0.0133,0.2086,0.2086,0.5670,0.0023,0.0000
medium/valid/027/641,5.815606033635631,5,0.0000,0.0000,0.0000,0.0007,0.0447,0.4239,0.2002,0.3301,0.0004,0.0000
medium/valid/027/464,6.726597946469512,7,0.0000,0.0000,0.0000,0.0000,0.0029,0.0650,0.1376,0.7917,0.0029,0.0000
medium/valid/027/198,6.498690672162559,7,0.0000,0.0000,0.0000,0.0001,0.0073,0.1464,0.1880,0.6563,0.0018,0.0000
medium/valid/027/602,5.806747660370436,5,0.0000,0.0000,0.0000,0.0011,0.0467,0.4432,0.1630,0.3452,0.0008,0.0000
medium/valid/027/324,6.62176690029339,7,0.0000,0.0000,0.0000,0.0001,0.0063,0.0988,0.1629,0.7302,0.0016,0.0000
medium/valid/027/655,6.433307519686912,7,0.0000,0.0000,0.0000,0.0001,0.0090,0.1802,0.1802,0.6291,0.0014,0.0000
medium/valid/027/351,6.040386005577654,7,0.0000,0.0000,0.0000,0.0003,0.0276,0.3361,0.2038,0.4316,0.0006,0.0000
medium/valid/027/560,6.025762799189014,7,0.0000,0.0000,0.0000,0.0008,0.0368,0.3487,0.1647,0.4478,0.0013,0.0000
medium/valid/027/411,6.693612350462292,7,0.0000,0.0000,0.0000,0.0000,0.0036,0.0818,0.1349,0.7764,0.0032,0.0000
medium/valid/027/745,6.643992821958389,7,0.0000,0.0000,0.0000,0.0001,0.0074,0.1023,0.1314,0.7560,0.0027,0.0000
medium/valid/027/97,6.625623176471698,7,0.0000,0.0000,0.0000,0.0001,0.0056,0.0988,0.1628,0.7298,0.0030,0.0000
medium/valid/027/625,5.2024030610071526,5,0.0000,0.0000,0.0000,0.0030,0.1131,0.6506,0.1452,0.0881,0.0001,0.0000
medium/valid/027/203,6.227416061435028,7,0.0000,0.0000,0.0000,0.0003,0.0195,0.2379,0.2379,0.5036,0.0009,0.0000
medium/valid/028/818,6.228019274988425,7,0.0000,0.0000,0.0000,0.0002,0.0195,0.2379,0.2379,0.5036,0.0010,0.0000
medium/valid/028/254,6.4959416893905475,7,0.0000,0.0000,0.0000,0.0001,0.0083,0.1463,0.1879,0.6558,0.0016,0.0000
medium/valid/028/932,6.157497584096727,7,0.0000,0.0000,0.0000,0.0005,0.0192,0.3008,0.1825,0.4960,0.0011,0.0000
medium/valid/028/175,6.598735039672468,7,0.0000,0.0000,0.0000,0.0001,0.0064,0.1279,0.1279,0.7360,0.0018,0.0000
medium/valid/028/56,6.333465008891606,7,0.0000,0.0000,0.0000,0.0002,0.0134,0.2089,0.2089,0.5677,0.0010,0.0000
medium/valid/028/984,6.022817644545097,7,0.0000,0.0000,0.0000,0.0006,0.0332,0.3152,0.2455,0.4047,0.0008,0.0000
medium/valid/028/6,6.430351985525753,7,0.0000,0.0000,0.0000,0.0001,0.0102,0.1800,0.1800,0.6283,0.0014,0.0000
medium/valid/028/520,5.5932072227581955,5,0.0000,0.0000,0.0000,0.0014,0.0684,0.5053,0.1859,0.2387,0.0004,0.0000
medium/valid/028/848,6.546211995544465,7,0.0000,0.0000,0.0000,0.0001,0.0085,0.1177,0.1941,0.6776,0.0019,0.0000
medium/valid/028/299,5.515356098126459,5,0.0000,0.0000,0.0000,0.0010,0.0722,0.5338,0.1964,0.1964,0.0002,0.0000
medium/valid/028/393,6.357914371884561,7,0.0000,0.0000,0.0000,0.0002,0.0109,0.2196,0.1710,0.5969,0.0015,0.0000
medium/valid/028/315,6.628400643654719,7,0.0000,0.0000,0.0000,0.0000,0.0038,0.0991,0.1634,0.7321,0.0016,0.0000
medium/valid/028/638,5.697375118192096,5,0.0000,0.0000,0.0000,0.0013,0.0610,0.4509,0.2130,0.2735,0.0003,0.0000
medium/valid/028/269,5.942366173319153,5,0.0000,0.0000,0.0000,0.0004,0.0287,0.3492,0.2720,0.3492,0.0005,0.0000
medium/valid/028/210,6.241285894409662,7,0.0000,0.0000,0.0000,0.0004,0.0206,0.2509,0.1954,0.5311,0.0017,0.0000
medium/valid/028/516,6.7448182476035585,7,0.0000,0.0000,0.0000,0.0001,0.0043,0.0670,0.1104,0.8160,0.0023,0.0000
medium/valid/028/421,5.952286615227785,5,0.0000,0.0000,0.0000,0.0004,0.0239,0.3741,0.2269,0.3741,0.0006,0.0000
medium/valid/028/933,6.1241631343312255,7,0.0000,0.0000,0.0000,0.0005,0.0298,0.2826,0.2201,0.4659,0.0010,0.0000
medium/valid/028/303,5.863175839613421,5,0.0000,0.0000,0.0000,0.0002,0.0231,0.4094,0.2483,0.3188,0.0003,0.0000
medium/valid/028/390,5.332788565289862,5,0.0000,0.0000,0.0000,0.0023,0.0854,0.6307,0.1407,0.1407,0.0002,0.0000
medium/valid/028/70,6.150524544589617,7,0.0000,0.0000,0.0000,0.0003,0.0183,0.2860,0.2227,0.4715,0.0012,0.0000
medium/valid/028/350,6.409174452009092,7,0.0000,0.0000,0.0000,0.0001,0.0097,0.1713,0.2199,0.5978,0.0012,0.0000
medium/valid/028/249,6.873269596672614,7,0.0000,0.0000,0.0000,0.0000,0.0013,0.0270,0.0734,0.8936,0.0047,0.0000
medium/valid/028/929,5.592607258724762,5,0.0000,0.0000,0.0000,0.0018,0.0683,0.5050,0.1858,0.2385,0.0006,0.0000
medium/valid/028/388,5.3232912552867875,5,0.0000,0.0000,0.0000,0.0040,0.1028,0.5915,0.1695,0.1320,0.0002,0.0000
medium/valid/028/273,6.579611350573105,7,0.0000,0.0000,0.0000,0.0001,0.0054,0.1235,0.1586,0.7107,0.0018,0.0000
medium/valid/028/82,6.856338976397745,7,0.0000,0.0000,0.0000,0.0000,0.0008,0.0265,0.0924,0.8763,0.0041,0.0000
medium/valid/028/766,6.227967561375222,7,0.0000,0.0000,0.0000,0.0003,0.0195,0.2378,0.2378,0.5035,0.0011,0.0000
medium/valid/028/784,6.334863833737675,7,0.0000,0.0000,0.0000,0.0002,0.0133,0.2087,0.2087,0.5673,0.0018,0.0000
medium/valid/028/432,6.648854556607865,7,0.0000,0.0000,0.0000,0.0001,0.0051,0.1027,0.1318,0.7586,0.0017,0.0000
medium/valid/028/484,6.040755717219701,7,0.0000,0.0000,0.0000,0.0004,0.0276,0.3360,0.2038,0.4314,0.0008,0.0000
medium/valid/028/336,5.816041327375458,5,0.0000,0.0000,0.0000,0.0007,0.0447,0.4238,0.2002,0.3300,0.0006,0.0000
medium/valid/029/93,6.7775848682463895,7,0.0000,0.0000,0.0000,0.0000,0.0021,0.0531,0.1124,0.8302,0.0023,0.0000
medium/valid/029/666,6.409773098317993,7,0.0000,0.0000,0.0000,0.0003,0.0188,0.1782,0.1782,0.6221,0.0022,0.0000
medium/valid/029/257,6.138705192134985,7,0.0000,0.0000,0.0000,0.0003,0.0234,0.2846,0.2216,0.4692,0.0009,0.0000
medium/valid/029/896,6.227641000149601,7,0.0000,0.0000,0.0000,0.0002,0.0195,0.2379,0.2379,0.5036,0.0009,0.0000
medium/valid/029/507,6.405911859437264,7,0.0000,0.0000,0.0000,0.0001,0.0109,0.1711,0.2197,0.5972,0.0010,0.0000
medium/valid/029/625,6.0381942547939484,7,0.0000,0.0000,0.0000,0.0004,0.0261,0.3176,0.2474,0.4078,0.0007,0.0000
medium/valid/029/783,6.494270806424994,7,0.0000,0.0000,0.0000,0.0001,0.0093,0.1461,0.1875,0.6546,0.0024,0.0000
medium/valid/029/919,4.967767270641901,5,0.0000,0.0000,0.0000,0.0084,0.1912,0.6674,0.0903,0.0427,0.0000,0.0000
medium/valid/029/259,6.6910027678182695,7,0.0000,0.0000,0.0000,0.0001,0.0041,0.0819,0.1350,0.7768,0.0022,0.0000
medium/valid/029/730,6.023846274453317,7,0.0000,0.0000,0.0000,0.0006,0.0351,0.3334,0.2022,0.4281,0.0006,0.0000
medium/valid/029/1,6.398361301040536,7,0.0000,0.0000,0.0000,0.0002,0.0140,0.1705,0.2190,0.5952,0.0011,0.0000
medium/valid/029/318,5.741124560531541,5,0.0000,0.0000,0.0000,0.0007,0.0379,0.4622,0.2183,0.2803,0.0005,0.0000
medium/valid/029/239,6.508298879979903,7,0.0000,0.0000,0.0000,0.0002,0.0125,0.1519,0.1519,0.6810,0.0025,0.0000
medium/valid/029/133,6.665882494552391,7,0.0000,0.0000,0.0000,0.0000,0.0039,0.0788,0.1669,0.7479,0.0024,0.0000
medium/valid/029/864,6.334198124584169,7,0.0000,0.0000,0.0000,0.0002,0.0133,0.2088,0.2088,0.5675,0.0014,0.0000
medium/valid/029/554,6.498436268003005,7,0.0000,0.0000,0.0000,0.0001,0.0073,0.1465,0.1881,0.6565,0.0016,0.0000
medium/valid/029/638,6.625068576886891,7,0.0000,0.0000,0.0000,0.0001,0.0056,0.0988,0.1629,0.7300,0.0026,0.0000
medium/valid/029/671,5.75685482785337,5,0.0000,0.0000,0.0000,0.0004,0.0357,0.4354,0.2641,0.2641,0.0004,0.0000
medium/valid/029/209,5.741221345124045,5,0.0000,0.0000,0.0000,0.0006,0.0379,0.4623,0.2184,0.2804,0.0004,0.0000
medium/valid/029/365,6.494222604783957,7,0.0000,0.0000,0.0000,0.0001,0.0093,0.1461,0.1875,0.6546,0.0024,0.0000
medium/valid/029/345,6.776307492541155,7,0.0000,0.0000,0.0000,0.0000,0.0026,0.0530,0.1122,0.8294,0.0026,0.0000
medium/valid/029/421,6.059918853054363,7,0.0000,0.0000,0.0000,0.0002,0.0160,0.3210,0.2500,0.4122,0.0006,0.0000
medium/valid/029/988,5.951878030945181,5,0.0000,0.0000,0.0000,0.0004,0.0239,0.3742,0.2269,0.3742,0.0004,0.0000
medium/valid/029/30,6.493380762086982,7,0.0000,0.0000,0.0000,0.0001,0.0093,0.1461,0.1876,0.6549,0.0018,0.0000
medium/valid/029/675,5.591533348381979,5,0.0000,0.0000,0.0000,0.0021,0.0683,0.5049,0.1858,0.2385,0.0004,0.0000
medium/valid/029/109,6.037892524113378,7,0.0000,0.0000,0.0000,0.0004,0.0261,0.3177,0.2474,0.4079,0.0005,0.0000
medium/valid/029/811,6.350007270324019,7,0.0000,0.0000,0.0000,0.0002,0.0140,0.2190,0.1705,0.5952,0.0011,0.0000
medium/valid/030/651,6.4024631738994255,7,0.0000,0.0000,0.0000,0.0002,0.0124,0.1708,0.2193,0.5962,0.0012,0.0000
medium/valid/030/826,4.646149597328413,5,0.0000,0.0000,0.0000,0.0178,0.3578,0.5899,0.0294,0.0051,0.0000,0.0000
medium/valid/030/239,6.150415183429282,7,0.0000,0.0000,0.0000,0.0003,0.0183,0.2860,0.2227,0.4715,0.0012,0.0000
medium/valid/030/797,4.971390364737971,5,0.0000,0.0000,0.0000,0.0066,0.1916,0.6686,0.0905,0.0427,0.0000,0.0000
medium/valid/030/919,5.815972484824661,5,0.0000,0.0000,0.0000,0.0006,0.0447,0.4239,0.2002,0.3301,0.0005,0.0000
medium/valid/030/747,6.548862069509787,7,0.0000,0.0000,0.0000,0.0001,0.0075,0.1179,0.1943,0.6783,0.0019,0.0000
medium/valid/030/265,6.059846867836792,7,0.0000,0.0000,0.0000,0.0002,0.0160,0.3210,0.2500,0.4122,0.0006,0.0000
medium/valid/030/873,6.251252199060803,7,0.0000,0.0000,0.0000,0.0003,0.0215,0.2624,0.1592,0.5555,0.0011,0.0000
medium/valid/030/655,5.893976124111172,5,0.0000,0.0000,0.0000,0.0018,0.0517,0.3823,0.1806,0.3823,0.0014,0.0000
medium/valid/030/635,5.201610238965127,5,0.0000,0.0000,0.0000,0.0034,0.1130,0.6503,0.1451,0.0880,0.0001,0.0000
medium/valid/030/590,6.241519025562537,7,0.0000,0.0000,0.0000,0.0004,0.0206,0.2508,0.1953,0.5309,0.0019,0.0000
medium/valid/030/835,6.691405519941168,7,0.0000,0.0000,0.0000,0.0000,0.0041,0.0819,0.1350,0.7766,0.0025,0.0000
medium/valid/030/696,6.432718847594939,7,0.0000,0.0000,0.0000,0.0001,0.0090,0.1803,0.1803,0.6294,0.0009,0.0000
medium/valid/030/266,6.66855521330167,7,0.0000,0.0000,0.0000,0.0000,0.0035,0.0788,0.1668,0.7475,0.0035,0.0000
medium/valid/030/781,6.053039094034997,7,0.0000,0.0000,0.0000,0.0003,0.0216,0.3382,0.2051,0.4342,0.0006,0.0000
medium/valid/030/761,5.33373404062824,5,0.0000,0.0000,0.0000,0.0018,0.0672,0.6375,0.1826,0.1108,0.0001,0.0000
medium/valid/030/967,6.57589699691993,7,0.0000,0.0000,0.0000,0.0001,0.0070,0.1233,0.1583,0.7094,0.0020,0.0000
medium/valid/030/498,6.340603091451764,7,0.0000,0.0000,0.0000,0.0001,0.0104,0.2095,0.2095,0.5695,0.0010,0.0000
medium/valid/030/43,5.721490814752129,5,0.0000,0.0000,0.0000,0.0011,0.0482,0.4570,0.2159,0.2772,0.0005,0.0000
medium/valid/030/179,6.4372805362013255,7,0.0000,0.0000,0.0000,0.0003,0.0153,0.1864,0.1451,0.6505,0.0023,0.0000
medium/valid/030/983,5.515929730340972,5,0.0000,0.0000,0.0000,0.0008,0.0723,0.5339,0.1964,0.1964,0.0002,0.0000
medium/valid/030/867,6.33400762397623,7,0.0000,0.0000,0.0000,0.0002,0.0133,0.2088,0.2088,0.5676,0.0012,0.0000
medium/valid/030/394,4.818050244003306,5,0.0000,0.0000,0.0000,0.0109,0.2470,0.6713,0.0551,0.0158,0.0000,0.0000
medium/valid/030/964,5.93850592410986,5,0.0000,0.0000,0.0000,0.0005,0.0305,0.3716,0.2254,0.3716,0.0005,0.0000
medium/valid/030/246,5.217859288344866,5,0.0000,0.0000,0.0000,0.0050,0.1136,0.6539,0.1136,0.1136,0.0002,0.0000
medium/valid/030/503,6.57888752011831,7,0.0000,0.0000,0.0000,0.0001,0.0061,0.1233,0.1583,0.7096,0.0026,0.0000
medium/valid/030/973,6.748777467338827,7,0.0000,0.0000,0.0000,0.0000,0.0033,0.0670,0.1104,0.8159,0.0033,0.0000
medium/valid/030/285,6.049876584267019,7,0.0000,0.0000,0.0000,0.0003,0.0204,0.3196,0.2489,0.4103,0.0005,0.0000
medium/valid/030/222,6.842306396674107,7,0.0000,0.0000,0.0000,0.0000,0.0013,0.0337,0.0915,0.8683,0.0052,0.0000
medium/valid/030/900,6.495115257337384,7,0.0000,0.0000,0.0000,0.0002,0.0093,0.1460,0.1874,0.6541,0.0030,0.0000
medium/valid/030/495,6.0398379202666215,7,0.0000,0.0000,0.0000,0.0004,0.0276,0.3361,0.2039,0.4316,0.0004,0.0000
medium/valid/030/215,6.466207155815739,7,0.0000,0.0000,0.0000,0.0001,0.0100,0.1385,0.2284,0.6207,0.0022,0.0000
medium/valid/031/435,6.340732592594841,7,0.0000,0.0000,0.0000,0.0003,0.0179,0.2180,0.1698,0.5926,0.0015,0.0000
medium/valid/031/228,6.690678726303139,7,0.0000,0.0000,0.0000,0.0001,0.0046,0.0817,0.1348,0.7756,0.0032,0.0000
medium/valid/031/361,6.5689647399812285,7,0.0000,0.0000,0.0000,0.0001,0.0101,0.1228,0.1576,0.7065,0.0029,0.0000
medium/valid/031/767,5.301364262098095,5,0.0000,0.0000,0.0000,0.0022,0.1070,0.6158,0.1374,0.1374,0.0002,0.0000
medium/valid/031/183,6.040245161889268,7,0.0000,0.0000,0.0000,0.0004,0.0276,0.3361,0.2038,0.4315,0.0006,0.0000
medium/valid/031/403,6.49427095731127,7,0.0000,0.0000,0.0000,0.0001,0.0093,0.1461,0.1875,0.6546,0.0024,0.0000
medium/valid/031/765,6.024962966093339,7,0.0000,0.0000,0.0000,0.0006,0.0368,0.3490,0.1649,0.4481,0.0006,0.0000
medium/valid/031/589,6.130708258445095,7,0.0000,0.0000,0.0000,0.0002,0.0220,0.2677,0.2677,0.4414,0.0009,0.0000
medium/valid/031/675,6.240737908387304,7,0.0000,0.0000,0.0000,0.0003,0.0206,0.2510,0.1955,0.5314,0.0012,0.0000
medium/valid/031/958,6.42646801908474,7,0.0000,0.0000,0.0000,0.0002,0.0115,0.1798,0.1798,0.6276,0.0011,0.0000
medium/valid/031/93,5.951980892489985,5,0.0000,0.0000,0.0000,0.0004,0.0239,0.3741,0.2269,0.3741,0.0006,0.0000
medium/valid/031/235,6.418975775045039,7,0.0000,0.0000,0.0000,0.0003,0.0147,0.1791,0.1791,0.6252,0.0015,0.0000
medium/valid/031/294,5.334022022919204,5,0.0000,0.0000,0.0000,0.0018,0.0854,0.6310,0.1408,0.1408,0.0002,0.0000
medium/valid/031/490,5.741218483921621,5,0.0000,0.0000,0.0000,0.0005,0.0380,0.4624,0.2184,0.2805,0.0003,0.0000
medium/valid/031/606,6.341394338118747,7,0.0000,0.0000,0.0000,0.0001,0.0104,0.2094,0.2094,0.5692,0.0014,0.0000
medium/valid/031/480,6.212320687783355,7,0.0000,0.0000,0.0000,0.0006,0.0335,0.2473,0.1926,0.5236,0.0024,0.0000
medium/valid/031/933,5.815463786685163,5,0.0000,0.0000,0.0000,0.0009,0.0447,0.4237,0.2001,0.3300,0.0006,0.0000
medium/valid/031/786,5.514303762094484,5,0.0000,0.0000,0.0000,0.0015,0.0722,0.5335,0.1963,0.1963,0.0002,0.0000
medium/valid/031/327,6.3252325049601605,7,0.0000,0.0000,0.0000,0.0004,0.0171,0.2079,0.2079,0.5652,0.0016,0.0000
medium/valid/031/238,6.726152894357452,7,0.0000,0.0000,0.0000,0.0000,0.0029,0.0650,0.1376,0.7920,0.0025,0.0000
medium/valid/031/8,6.85423282618356,7,0.0000,0.0000,0.0000,0.0000,0.0010,0.0265,0.0925,0.8772,0.0028,0.0000
medium/valid/031/681,5.815749450069855,5,0.0000,0.0000,0.0000,0.0010,0.0446,0.4235,0.2001,0.3298,0.0009,0.0000
medium/valid/031/923,6.726556963007865,7,0.0000,0.0000,0.0000,0.0000,0.0032,0.0649,0.1374,0.7907,0.0037,0.0000
medium/valid/031/983,6.124804305686958,7,0.0000,0.0000,0.0000,0.0006,0.0298,0.2825,0.2200,0.4657,0.0015,0.0000
medium/valid/031/734,5.741010586895838,5,0.0000,0.0000,0.0000,0.0006,0.0379,0.4623,0.2184,0.2804,0.0003,0.0000
medium/valid/031/144,6.341705931733677,7,0.0000,0.0000,0.0000,0.0001,0.0104,0.2094,0.2094,0.5691,0.0016,0.0000
medium/valid/031/437,6.412564379926899,7,0.0000,0.0000,0.0000,0.0001,0.0085,0.1714,0.2201,0.5983,0.0015,0.0000
medium/valid/031/759,6.145777540363843,7,0.0000,0.0000,0.0000,0.0004,0.0246,0.2992,0.1815,0.4933,0.0011,0.0000
medium/valid/032/657,6.553222658433954,7,0.0000,0.0000,0.0000,0.0001,0.0059,0.1181,0.1947,0.6794,0.0019,0.0000
medium/valid/032/55,6.624643441675899,7,0.0000,0.0000,0.0000,0.0001,0.0056,0.0988,0.1629,0.7302,0.0023,0.0000
medium/valid/032/638,6.495611726426293,7,0.0000,0.0000,0.0000,0.0001,0.0083,0.1464,0.1879,0.6559,0.0014,0.0000
medium/valid/032/597,6.725822395706941,7,0.0000,0.0000,0.0000,0.0000,0.0029,0.0650,0.1377,0.7922,0.0022,0.0000
medium/valid/032/671,4.717259710173705,5,0.0000,0.0000,0.0000,0.0151,0.3028,0.6410,0.0319,0.0091,0.0000,0.0000
medium/valid/032/114,6.492993468505028,7,0.0000,0.0000,0.0000,0.0002,0.0093,0.1462,0.1877,0.6550,0.0016,0.0000
medium/valid/032/387,6.05000835738093,7,0.0000,0.0000,0.0000,0.0004,0.0204,0.3195,0.2488,0.4103,0.0006,0.0000
medium/valid/032/641,6.2375070036941285,7,0.0000,0.0000,0.0000,0.0002,0.0153,0.2389,0.2389,0.5057,0.0010,0.0000
medium/valid/032/837,6.405745417731301,7,0.0000,0.0000,0.0000,0.0002,0.0109,0.1711,0.2197,0.5971,0.0010,0.0000
medium/valid/032/917,5.89533278320257,5,0.0000,0.0000,0.0000,0.0008,0.0518,0.3829,0.1809,0.3829,0.0007,0.0000
medium/valid/032/458,6.4094190011457295,7,0.0000,0.0000,0.0000,0.0001,0.0097,0.1713,0.2199,0.5978,0.0013,0.0000
medium/valid/032/510,4.97285942193334,5,0.0000,0.0000,0.0000,0.0071,0.1607,0.7204,0.0759,0.0359,0.0000,0.0000
medium/valid/032/805,6.514171254103785,7,0.0000,0.0000,0.0000,0.0001,0.0098,0.1525,0.1525,0.6836,0.0015,0.0000
medium/valid/032/812,5.781601972536241,5,0.0000,0.0000,0.0000,0.0018,0.0591,0.4370,0.1608,0.3403,0.0010,0.0000
medium/valid/032/101,5.637815831433167,5,0.0000,0.0000,0.0000,0.0011,0.0513,0.4871,0.2301,0.2301,0.0003,0.0000
medium/valid/032/554,6.430040225942816,7,0.0000,0.0000,0.0000,0.0001,0.0102,0.1800,0.1800,0.6284,0.0012,0.0000
medium/valid/032/660,6.237995989727109,7,0.0000,0.0000,0.0000,0.0002,0.0153,0.2388,0.2388,0.5056,0.0013,0.0000
medium/valid/032/972,6.145126371417484,7,0.0000,0.0000,0.0000,0.0002,0.0152,0.2697,0.2697,0.4446,0.0006,0.0000
medium/valid/032/206,6.597577851513148,7,0.0000,0.0000,0.0000,0.0000,0.0047,0.0946,0.2003,0.6990,0.0013,0.0000
medium/valid/032/201,6.444746538226413,7,0.0000,0.0000,0.0000,0.0003,0.0120,0.1871,0.1457,0.6531,0.0018,0.0000
medium/valid/032/586,6.495309398994883,7,0.0000,0.0000,0.0000,0.0001,0.0083,0.1464,0.1880,0.6560,0.0013,0.0000
medium/valid/032/347,6.340876545266502,7,0.0000,0.0000,0.0000,0.0001,0.0104,0.2095,0.2095,0.5694,0.0011,0.0000
medium/valid/032/131,6.723899750982474,7,0.0000,0.0000,0.0000,0.0001,0.0037,0.0650,0.1375,0.7913,0.0025,0.0000
medium/valid/032/820,6.399464254464102,7,0.0000,0.0000,0.0000,0.0002,0.0140,0.1704,0.2188,0.5947,0.0019,0.0000
medium/valid/032/546,5.59402152963361,5,0.0000,0.0000,0.0000,0.0011,0.0684,0.5054,0.1859,0.2387,0.0004,0.0000
medium/valid/032/189,6.414427479439122,7,0.0000,0.0000,0.0000,0.0001,0.0075,0.1717,0.2204,0.5991,0.0012,0.0000
medium/valid/033/497,6.624339775508338,7,0.0000,0.0000,0.0000,0.0001,0.0056,0.0989,0.1630,0.7305,0.0021,0.0000
medium/valid/033/741,6.040235577134191,7,0.0000,0.0000,0.0000,0.0004,0.0276,0.3360,0.2038,0.4315,0.0006,0.0000
medium/valid/033/231,5.326731894233626,5,0.0000,0.0000,0.0000,0.0024,0.1030,0.5925,0.1698,0.1322,0.0001,0.0000
medium/valid/033/115,5.245470401527035,5,0.0000,0.0000,0.0000,0.0033,0.1103,0.6345,0.1416,0.1103,0.0001,0.0000
medium/valid/033/364,5.140891226409126,5,0.0000,0.0000,0.0000,0.0023,0.0971,0.7171,0.1246,0.0589,0.0001,0.0000
medium/valid/033/350,6.517106847107526,7,0.0000,0.0000,0.0000,0.0001,0.0086,0.1527,0.1527,0.6844,0.0015,0.0000
medium/valid/033/400,6.053641174247324,7,0.0000,0.0000,0.0000,0.0003,0.0216,0.3380,0.2050,0.4340,0.0009,0.0000
medium/valid/033/727,5.721902624940057,5,0.0000,0.0000,0.0000,0.0009,0.0482,0.4572,0.2160,0.2773,0.0004,0.0000
medium/valid/033/989,6.690817205183595,7,0.0000,0.0000,0.0000,0.0001,0.0046,0.0818,0.1348,0.7756,0.0032,0.0000
medium/valid/033/798,6.777583779373854,7,0.0000,0.0000,0.0000,0.0000,0.0023,0.0530,0.1122,0.8294,0.0030,0.0000
medium/valid/033/739,6.573467472329096,7,0.0000,0.0000,0.0000,0.0001,0.0079,0.1232,0.1581,0.7087,0.0020,0.0000
medium/valid/033/15,6.240773495453096,7,0.0000,0.0000,0.0000,0.0004,0.0206,0.2509,0.1954,0.5312,0.0015,0.0000
medium/valid/033/582,6.334510048197837,7,0.0000,0.0000,0.0000,0.0002,0.0133,0.2087,0.2087,0.5674,0.0016,0.0000
medium/valid/033/273,6.326050633849237,7,0.0000,0.0000,0.0000,0.0002,0.0171,0.2079,0.2079,0.5651,0.0018,0.0000
medium/valid/033/938,5.669310338949846,5,0.0000,0.0000,0.0000,0.0016,0.0666,0.4920,0.1410,0.2984,0.0004,0.0000
medium/valid/033/178,6.150037816861475,7,0.0000,0.0000,0.0000,0.0003,0.0183,0.2860,0.2228,0.4716,0.0010,0.0000
medium/valid/033/186,6.748718779262039,7,0.0000,0.0000,0.0000,0.0001,0.0038,0.0669,0.1103,0.8148,0.0043,0.0000
medium/valid/033/245,6.157372236814205,7,0.0000,0.0000,0.0000,0.0004,0.0192,0.3009,0.1825,0.4961,0.0008,0.0000
medium/valid/033/10,6.123564657504273,7,0.0000,0.0000,0.0000,0.0005,0.0298,0.2827,0.2202,0.4661,0.0007,0.0000
medium/valid/033/317,6.580995368819409,7,0.0000,0.0000,0.0000,0.0001,0.0048,0.1236,0.1587,0.7113,0.0016,0.0000
medium/valid/033/967,6.409468022052585,7,0.0000,0.0000,0.0000,0.0001,0.0097,0.1713,0.2199,0.5978,0.0013,0.0000
medium/valid/033/701,6.038317225828539,7,0.0000,0.0000,0.0000,0.0003,0.0261,0.3177,0.2474,0.4079,0.0006,0.0000
medium/valid/033/56,6.43277877735424,7,0.0000,0.0000,0.0000,0.0001,0.0090,0.1803,0.1803,0.6293,0.0011,0.0000
medium/valid/033/770,5.833426120112637,5,0.0000,0.0000,0.0000,0.0007,0.0351,0.4281,0.2022,0.3334,0.0003,0.0000
medium/valid/033/564,6.776217561337137,7,0.0000,0.0000,0.0000,0.0000,0.0030,0.0530,0.1121,0.8285,0.0034,0.0000
medium/valid/033/347,6.337630349013615,7,0.0000,0.0000,0.0000,0.0001,0.0118,0.2092,0.2092,0.5686,0.0011,0.0000
medium/valid/033/312,5.51752712630664,5,0.0000,0.0000,0.0000,0.0016,0.0598,0.5672,0.1625,0.2087,0.0002,0.0000
medium/valid/033/588,6.554632167640807,7,0.0000,0.0000,0.0000,0.0001,0.0052,0.1182,0.1948,0.6800,0.0017,0.0000
medium/valid/033/124,5.07841483365603,5,0.0000,0.0000,0.0000,0.0028,0.1520,0.6812,0.0922,0.0718,0.0001,0.0000
medium/valid/033/436,6.4060239143940905,7,0.0000,0.0000,0.0000,0.0001,0.0109,0.1711,0.2196,0.5971,0.0012,0.0000
medium/valid/033/890,6.690667385273556,7,0.0000,0.0000,0.0000,0.0001,0.0041,0.0819,0.1350,0.7770,0.0019,0.0000
medium/valid/033/821,5.5137347070287275,5,0.0000,0.0000,0.0000,0.0017,0.0722,0.5334,0.1962,0.1962,0.0002,0.0000
medium/valid/033/481,6.5790900516621065,7,0.0000,0.0000,0.0000,0.0001,0.0054,0.1235,0.1586,0.7110,0.0014,0.0000
medium/valid/033/236,6.050260624741526,7,0.0000,0.0000,0.0000,0.0003,0.0204,0.3195,0.2489,0.4103,0.0006,0.0000
medium/valid/033/807,6.726186433992438,7,0.0000,0.0000,0.0000,0.0000,0.0029,0.0650,0.1376,0.7920,0.0025,0.0000
medium/valid/034/142,6.554006437413085,7,0.0000,0.0000,0.0000,0.0001,0.0059,0.1180,0.1946,0.6791,0.0024,0.0000
medium/valid/034/67,6.215994483991113,7,0.0000,0.0000,0.0000,0.0005,0.0249,0.2363,0.2363,0.5003,0.0016,0.0000
medium/valid/034/69,6.038194277149826,7,0.0000,0.0000,0.0000,0.0004,0.0261,0.3176,0.2474,0.4078,0.0007,0.0000
medium/valid/034/748,6.499059241914372,7,0.0000,0.0000,0.0000,0.0001,0.0073,0.1464,0.1880,0.6561,0.0021,0.0000
medium/valid/034/199,5.815123640339458,5,0.0000,0.0000,0.0000,0.0008,0.0447,0.4239,0.2002,0.3301,0.0003,0.0000
medium/valid/034/283,6.238173323973285,7,0.0000,0.0000,0.0000,0.0002,0.0153,0.2388,0.2388,0.5056,0.0013,0.0000
medium/valid/034/678,6.502797686243268,7,0.0000,0.0000,0.0000,0.0001,0.0057,0.1467,0.1883,0.6574,0.0018,0.0000
medium/valid/034/291,6.801221037551693,7,0.0000,0.0000,0.0000,0.0000,0.0018,0.0418,0.1135,0.8390,0.0039,0.0000
medium/valid/034/565,6.666738679951622,7,0.0000,0.0000,0.0000,0.0001,0.0039,0.0788,0.1668,0.7474,0.0031,0.0000
medium/valid/034/836,5.538754819309989,5,0.0000,0.0000,0.0000,0.0015,0.0571,0.5422,0.1995,0.1995,0.0002,0.0000
medium/valid/034/109,6.130846523813339,7,0.0000,0.0000,0.0000,0.0006,0.0313,0.2970,0.1801,0.4896,0.0014,0.0000
medium/valid/034/931,5.617675402998853,5,0.0000,0.0000,0.0000,0.0014,0.0541,0.5130,0.1887,0.2423,0.0004,0.0000
medium/valid/034/973,5.720923199093394,5,0.0000,0.0000,0.0000,0.0011,0.0482,0.4572,0.2159,0.2773,0.0003,0.0000
medium/valid/034/105,6.4937495070207945,7,0.0000,0.0000,0.0000,0.0001,0.0093,0.1461,0.1876,0.6548,0.0021,0.0000
medium/valid/034/397,5.791462182886844,5,0.0000,0.0000,0.0000,0.0015,0.0566,0.4181,0.1975,0.3256,0.0008,0.0000
medium/valid/034/410,5.935077087421961,5,0.0000,0.0000,0.0000,0.0006,0.0321,0.3910,0.1847,0.3910,0.0005,0.0000
medium/valid/034/121,6.626435636486966,7,0.0000,0.0000,0.0000,0.0001,0.0049,0.0989,0.1630,0.7307,0.0023,0.0000
medium/valid/034/511,5.359575306238497,5,0.0000,0.0000,0.0000,0.0017,0.0821,0.6068,0.1738,0.1354,0.0002,0.0000
medium/valid/034/684,6.063113617914256,7,0.0000,0.0000,0.0000,0.0002,0.0169,0.3398,0.2061,0.4363,0.0006,0.0000
medium/valid/034/901,6.33400755012007,7,0.0000,0.0000,0.0000,0.0002,0.0133,0.2088,0.2088,0.5676,0.0012,0.0000
medium/valid/034/42,6.0405641365159015,7,0.0000,0.0000,0.0000,0.0004,0.0276,0.3360,0.2038,0.4315,0.0007,0.0000
medium/valid/034/521,6.33516803320358,7,0.0000,0.0000,0.0000,0.0002,0.0133,0.2086,0.2086,0.5671,0.0020,0.0000
medium/valid/034/515,5.202429900670332,5,0.0000,0.0000,0.0000,0.0030,0.1131,0.6506,0.1452,0.0881,0.0001,0.0000
medium/valid/034/623,6.3570051392287645,7,0.0000,0.0000,0.0000,0.0002,0.0109,0.2197,0.1711,0.5971,0.0010,0.0000
medium/valid/034/457,6.57579642256118,7,0.0000,0.0000,0.0000,0.0001,0.0070,0.1233,0.1583,0.7094,0.0020,0.0000
medium/valid/034/595,5.699084039124029,5,0.0000,0.0000,0.0000,0.0009,0.0610,0.4510,0.2130,0.2735,0.0006,0.0000
medium/valid/034/843,6.14973987278292,7,0.0000,0.0000,0.0000,0.0003,0.0183,0.2861,0.2228,0.4717,0.0008,0.0000
medium/valid/034/628,5.833722814406719,5,0.0000,0.0000,0.0000,0.0008,0.0351,0.4280,0.2022,0.3333,0.0006,0.0000
medium/valid/034/740,6.350076839209678,7,0.0000,0.0000,0.0000,0.0002,0.0140,0.2190,0.1705,0.5952,0.0011,0.0000
medium/valid/034/783,6.146357314823872,7,0.0000,0.0000,0.0000,0.0004,0.0246,0.2992,0.1815,0.4932,0.0012,0.0000
medium/valid/034/711,6.628035763249846,7,0.0000,0.0000,0.0000,0.0000,0.0043,0.0990,0.1631,0.7312,0.0023,0.0000
medium/valid/034/316,6.33435724263391,7,0.0000,0.0000,0.0000,0.0002,0.0133,0.2088,0.2088,0.5675,0.0014,0.0000
medium/valid/034/696,5.898538206843889,5,0.0000,0.0000,0.0000,0.0017,0.0492,0.3637,0.2206,0.3637,0.0010,0.0000
medium/valid/035/275,6.622734225288667,7,0.0000,0.0000,0.0000,0.0001,0.0063,0.0988,0.1628,0.7297,0.0023,0.0000
medium/valid/035/194,5.638554236965499,5,0.0000,0.0000,0.0000,0.0009,0.0426,0.5196,0.1911,0.2454,0.0003,0.0000
medium/valid/035/491,6.139332049178957,7,0.0000,0.0000,0.0000,0.0004,0.0233,0.2844,0.2215,0.4690,0.0013,0.0000
medium/valid/035/329,6.038217767116481,7,0.0000,0.0000,0.0000,0.0005,0.0261,0.3175,0.2473,0.4077,0.0009,0.0000
medium/valid/035/519,6.049856399349281,7,0.0000,0.0000,0.0000,0.0004,0.0204,0.3195,0.2488,0.4102,0.0006,0.0000
medium/valid/035/141,6.414211750034085,7,0.0000,0.0000,0.0000,0.0001,0.0075,0.1717,0.2204,0.5992,0.0010,0.0000
medium/valid/035/804,6.419506060408733,7,0.0000,0.0000,0.0000,0.0002,0.0147,0.1791,0.1791,0.6251,0.0018,0.0000
medium/valid/035/549,6.519742186535023,7,0.0000,0.0000,0.0000,0.0001,0.0076,0.1529,0.1529,0.6851,0.0015,0.0000
medium/valid/035/367,6.2514575286098895,7,0.0000,0.0000,0.0000,0.0002,0.0161,0.2522,0.1964,0.5338,0.0013,0.0000
medium/valid/035/349,5.560035787601328,5,0.0000,0.0000,0.0000,0.0026,0.0860,0.4950,0.1821,0.2338,0.0005,0.0000
medium/valid/035/512,5.722455391669804,5,0.0000,0.0000,0.0000,0.0008,0.0482,0.4572,0.2160,0.2773,0.0005,0.0000
medium/valid/035/156,5.516993157226676,5,0.0000,0.0000,0.0000,0.0018,0.0598,0.5671,0.1625,0.2086,0.0002,0.0000
medium/valid/035/685,5.922801343315353,5,0.0000,0.0000,0.0000,0.0006,0.0388,0.3682,0.2233,0.3682,0.0010,0.0000
medium/valid/035/250,5.3233820972731145,5,0.0000,0.0000,0.0000,0.0034,0.1283,0.5750,0.1283,0.1647,0.0002,0.0000
medium/valid/035/125,6.3189274611075135,7,0.0000,0.0000,0.0000,0.0001,0.0111,0.1974,0.2535,0.5366,0.0012,0.0000
medium/valid/035/756,5.698416743206276,5,0.0000,0.0000,0.0000,0.0011,0.0610,0.4508,0.2130,0.2735,0.0006,0.0000
medium/valid/035/415,6.334198291179387,7,0.0000,0.0000,0.0000,0.0002,0.0133,0.2088,0.2088,0.5675,0.0014,0.0000
medium/valid/035/821,6.324539199061571,7,0.0000,0.0000,0.0000,0.0003,0.0171,0.2080,0.2080,0.5655,0.0011,0.0000
medium/valid/035/375,6.753149652168403,7,0.0000,0.0000,0.0000,0.0000,0.0023,0.0514,0.1397,0.8040,0.0026,0.0000
medium/valid/035/212,6.1382296670660565,7,0.0000,0.0000,0.0000,0.0005,0.0234,0.2845,0.2216,0.4691,0.0009,0.0000
medium/valid/035/661,5.952129551784133,5,0.0000,0.0000,0.0000,0.0003,0.0239,0.3742,0.2270,0.3742,0.0004,0.0000
medium/valid/035/709,6.240936190149502,7,0.0000,0.0000,0.0000,0.0004,0.0206,0.2509,0.1954,0.5312,0.0015,0.0000
medium/valid/035/485,6.35027791170468,7,0.0000,0.0000,0.0000,0.0003,0.0140,0.2189,0.1705,0.5950,0.0015,0.0000
medium/valid/035/640,5.59244020684507,5,0.0000,0.0000,0.0000,0.0018,0.0683,0.5050,0.1858,0.2385,0.0005,0.0000
medium/valid/035/17,6.038581322831782,7,0.0000,0.0000,0.0000,0.0004,0.0261,0.3176,0.2473,0.4078,0.0009,0.0000
medium/valid/035/399,6.139183347467995,7,0.0000,0.0000,0.0000,0.0003,0.0234,0.2845,0.2216,0.4691,0.0012,0.0000
medium/valid/035/277,6.2518215469289995,7,0.0000,0.0000,0.0000,0.0004,0.0215,0.2623,0.1591,0.5552,0.0016,0.0000
medium/valid/035/239,5.707616668063368,5,0.0000,0.0000,0.0000,0.0011,0.0506,0.4801,0.1766,0.2912,0.0004,0.0000
medium/valid/035/33,5.5938056880674285,5,0.0000,0.0000,0.0000,0.0011,0.0684,0.5055,0.1859,0.2388,0.0003,0.0000
medium/valid/035/220,6.241429508901322,7,0.0000,0.0000,0.0000,0.0003,0.0206,0.2509,0.1954,0.5311,0.0017,0.0000
medium/valid/035/79,5.176764708562096,5,0.0000,0.0000,0.0000,0.0027,0.1169,0.6725,0.1169,0.0910,0.0001,0.0000
medium/valid/035/35,6.626491931352216,7,0.0000,0.0000,0.0000,0.0001,0.0049,0.0989,0.1631,0.7307,0.0023,0.0000
medium/valid/035/119,6.025300810591882,7,0.0000,0.0000,0.0000,0.0005,0.0351,0.3332,0.2021,0.4279,0.0012,0.0000
medium/valid/036/890,6.1499460807536535,7,0.0000,0.0000,0.0000,0.0002,0.0183,0.2861,0.2228,0.4717,0.0008,0.0000
medium/valid/036/49,5.834259686248213,5,0.0000,0.0000,0.0000,0.0005,0.0351,0.4282,0.2023,0.3335,0.0004,0.0000
medium/valid/036/423,6.040705169540125,7,0.0000,0.0000,0.0000,0.0003,0.0276,0.3360,0.2038,0.4315,0.0007,0.0000
medium/valid/036/939,6.517351808973266,7,0.0000,0.0000,0.0000,0.0001,0.0086,0.1527,0.1527,0.6842,0.0017,0.0000
medium/valid/036/797,4.926726945557118,5,0.0000,0.0000,0.0000,0.0087,0.1970,0.6876,0.0725,0.0342,0.0000,0.0000
medium/valid/036/963,5.2796670622468245,5,0.0000,0.0000,0.0000,0.0021,0.0881,0.6512,0.1453,0.1132,0.0001,0.0000
medium/valid/036/629,5.1632873479956345,5,0.0000,0.0000,0.0000,0.0037,0.1405,0.6298,0.1405,0.0852,0.0001,0.0000
medium/valid/036/249,6.240385548224832,7,0.0000,0.0000,0.0000,0.0003,0.0206,0.2511,0.1955,0.5315,0.0010,0.0000
medium/valid/036/237,6.552867104843719,7,0.0000,0.0000,0.0000,0.0001,0.0059,0.1181,0.1947,0.6796,0.0017,0.0000
medium/valid/036/82,6.689105609319918,7,0.0000,0.0000,0.0000,0.0001,0.0052,0.0817,0.1347,0.7751,0.0032,0.0000
medium/valid/036/95,6.1109316621660525,7,0.0000,0.0000,0.0000,0.0008,0.0398,0.2944,0.1785,0.4853,0.0011,0.0000
medium/valid/036/378,6.124138700591117,7,0.0000,0.0000,0.0000,0.0005,0.0298,0.2827,0.2201,0.4660,0.0009,0.0000
medium/valid/036/193,6.433809512031401,7,0.0000,0.0000,0.0000,0.0001,0.0090,0.1802,0.1802,0.6288,0.0018,0.0000
medium/valid/036/678,6.337571907036614,7,0.0000,0.0000,0.0000,0.0001,0.0118,0.2092,0.2092,0.5686,0.0011,0.0000
medium/valid/036/281,6.02393685263239,7,0.0000,0.0000,0.0000,0.0006,0.0351,0.3333,0.2022,0.4280,0.0007,0.0000
medium/valid/036/804,6.4231638051103905,7,0.0000,0.0000,0.0000,0.0002,0.0130,0.1795,0.1795,0.6265,0.0014,0.0000
medium/valid/036/151,5.592602738115934,5,0.0000,0.0000,0.0000,0.0016,0.0684,0.5052,0.1858,0.2386,0.0004,0.0000
medium/valid/036/538,6.2506456544282765,7,0.0000,0.0000,0.0000,0.0002,0.0161,0.2523,0.1965,0.5340,0.0009,0.0000
medium/valid/036/769,6.778625856717155,7,0.0000,0.0000,0.0000,0.0000,0.0018,0.0531,0.1123,0.8301,0.0026,0.0000
medium/valid/036/235,5.420787840259698,5,0.0000,0.0000,0.0000,0.0014,0.0791,0.5844,0.1674,0.1674,0.0002,0.0000
medium/valid/036/276,6.237995989728557,7,0.0000,0.0000,0.0000,0.0002,0.0153,0.2388,0.2388,0.5056,0.0013,0.0000
medium/valid/036/8,6.237757367100878,7,0.0000,0.0000,0.0000,0.0002,0.0153,0.2389,0.2389,0.5058,0.0010,0.0000
medium/valid/036/764,6.800673434563173,7,0.0000,0.0000,0.0000,0.0000,0.0018,0.0418,0.1136,0.8393,0.0034,0.0000
medium/valid/036/81,5.638828681599003,5,0.0000,0.0000,0.0000,0.0008,0.0427,0.5196,0.1912,0.2455,0.0003,0.0000
medium/valid/036/867,5.279117378449653,5,0.0000,0.0000,0.0000,0.0023,0.0881,0.6510,0.1453,0.1131,0.0001,0.0000
medium/valid/036/836,6.575975514128416,7,0.0000,0.0000,0.0000,0.0001,0.0070,0.1233,0.1583,0.7094,0.0020,0.0000
medium/valid/036/508,5.332788603851526,5,0.0000,0.0000,0.0000,0.0023,0.0854,0.6307,0.1407,0.1407,0.0002,0.0000
medium/valid/036/209,6.5005457730505425,7,0.0000,0.0000,0.0000,0.0001,0.0064,0.1466,0.1882,0.6570,0.0016,0.0000
medium/valid/036/351,6.1458553956989395,7,0.0000,0.0000,0.0000,0.0005,0.0246,0.2991,0.1814,0.4932,0.0012,0.0000
medium/valid/036/410,5.539814369523108,5,0.0000,0.0000,0.0000,0.0012,0.0572,0.5423,0.1995,0.1995,0.0003,0.0000
medium/valid/036/370,6.624681368809341,7,0.0000,0.0000,0.0000,0.0001,0.0056,0.0988,0.1629,0.7303,0.0023,0.0000
medium/valid/036/825,6.123740334935549,7,0.0000,0.0000,0.0000,0.0005,0.0298,0.2827,0.2201,0.4660,0.0008,0.0000
medium/valid/036/917,6.139160528512146,7,0.0000,0.0000,0.0000,0.0003,0.0234,0.2846,0.2216,0.4692,0.0010,0.0000
medium/valid/036/4,6.574847066390044,7,0.0000,0.0000,0.0000,0.0001,0.0079,0.1230,0.1580,0.7081,0.0029,0.0000
medium/valid/036/308,6.578850728438867,7,0.0000,0.0000,0.0000,0.0001,0.0061,0.1233,0.1583,0.7096,0.0026,0.0000
medium/valid/036/360,6.426758729220023,7,0.0000,0.0000,0.0000,0.0001,0.0115,0.1798,0.1798,0.6276,0.0012,0.0000
medium/valid/036/334,5.397753466391212,5,0.0000,0.0000,0.0000,0.0019,0.0821,0.6066,0.1353,0.1738,0.0003,0.0000
medium/valid/036/10,5.842882066091074,5,0.0000,0.0000,0.0000,0.0006,0.0332,0.4049,0.2456,0.3153,0.0004,0.0000
medium/valid/036/883,6.333764007456675,7,0.0000,0.0000,0.0000,0.0002,0.0134,0.2088,0.2088,0.5677,0.0011,0.0000
medium/valid/036/108,5.358552518437812,5,0.0000,0.0000,0.0000,0.0022,0.0821,0.6065,0.1738,0.1353,0.0002,0.0000
medium/valid/036/37,5.697874861350937,5,0.0000,0.0000,0.0000,0.0011,0.0610,0.4510,0.2130,0.2735,0.0004,0.0000
medium/valid/036/121,6.1457090257234865,7,0.0000,0.0000,0.0000,0.0004,0.0246,0.2992,0.1815,0.4934,0.0010,0.0000
medium/valid/036/65,6.650828594718608,7,0.0000,0.0000,0.0000,0.0001,0.0045,0.1027,0.1319,0.7590,0.0019,0.0000
medium/valid/037/772,6.495611726427029,7,0.0000,0.0000,0.0000,0.0001,0.0083,0.1464,0.1879,0.6559,0.0014,0.0000
medium/valid/037/310,5.938094338150467,5,0.0000,0.0000,0.0000,0.0006,0.0305,0.3715,0.2253,0.3715,0.0005,0.0000
medium/valid/037/508,6.426869455391296,7,0.0000,0.0000,0.0000,0.0003,0.0115,0.1797,0.1797,0.6273,0.0016,0.0000
medium/valid/037/806,6.574644314019153,7,0.0000,0.0000,0.0000,0.0001,0.0079,0.1230,0.1580,0.7081,0.0029,0.0000
medium/valid/037/4,6.726025245119342,7,0.0000,0.0000,0.0000,0.0000,0.0037,0.0648,0.1373,0.7900,0.0041,0.0000
medium/valid/037/500,5.8345580255412255,5,0.0000,0.0000,0.0000,0.0007,0.0351,0.4279,0.2021,0.3333,0.0008,0.0000
medium/valid/037/936,5.467117253941899,5,0.0000,0.0000,0.0000,0.0013,0.0495,0.6032,0.1728,0.1728,0.0003,0.0000
medium/valid/037/131,6.406079119791875,7,0.0000,0.0000,0.0000,0.0001,0.0109,0.1711,0.2197,0.5971,0.0012,0.0000
medium/valid/037/777,6.690355009013593,7,0.0000,0.0000,0.0000,0.0001,0.0046,0.0818,0.1348,0.7759,0.0028,0.0000
medium/valid/037/47,6.795280876486996,7,0.0000,0.0000,0.0000,0.0001,0.0035,0.0543,0.0895,0.8488,0.0039,0.0000
medium/valid/037/823,5.833578260237096,5,0.0000,0.0000,0.0000,0.0008,0.0351,0.4280,0.2022,0.3333,0.0005,0.0000
medium/valid/037/941,6.03877590032543,7,0.0000,0.0000,0.0000,0.0003,0.0261,0.3176,0.2474,0.4078,0.0008,0.0000
medium/valid/037/288,6.514744896914246,7,0.0000,0.0000,0.0000,0.0001,0.0097,0.1525,0.1525,0.6833,0.0019,0.0000
medium/valid/037/369,6.7279466329230795,7,0.0000,0.0000,0.0000,0.0000,0.0022,0.0650,0.1377,0.7925,0.0025,0.0000
medium/valid/037/46,5.614097299008501,5,0.0000,0.0000,0.0000,0.0011,0.0650,0.4801,0.2268,0.2268,0.0003,0.0000
medium/valid/037/120,6.14977097117022,7,0.0000,0.0000,0.0000,0.0002,0.0183,0.2861,0.2228,0.4718,0.0007,0.0000
medium/valid/037/869,6.02412771473679,7,0.0000,0.0000,0.0000,0.0006,0.0351,0.3333,0.2022,0.4280,0.0008,0.0000
medium/valid/037/332,6.6302109477228015,7,0.0000,0.0000,0.0000,0.0000,0.0034,0.0991,0.1634,0.7321,0.0021,0.0000
medium/valid/037/445,6.350702215543225,7,0.0000,0.0000,0.0000,0.0002,0.0140,0.2188,0.1704,0.5949,0.0017,0.0000
medium/valid/037/810,5.081599422264278,5,0.0000,0.0000,0.0000,0.0043,0.1244,0.7157,0.0969,0.0587,0.0000,0.0000
medium/valid/037/604,5.447587165566902,5,0.0000,0.0000,0.0000,0.0012,0.0755,0.5580,0.2053,0.1599,0.0002,0.0000
medium/valid/037/309,6.690150479134481,7,0.0000,0.0000,0.0000,0.0000,0.0041,0.0819,0.1351,0.7774,0.0015,0.0000
medium/valid/037/797,4.893004108621702,5,0.0000,0.0000,0.0000,0.0089,0.2018,0.7042,0.0578,0.0273,0.0000,0.0000
medium/valid/037/952,5.938641372196396,5,0.0000,0.0000,0.0000,0.0005,0.0305,0.3715,0.2254,0.3715,0.0006,0.0000
medium/valid/037/420,6.57745475998273,7,0.0000,0.0000,0.0000,0.0001,0.0061,0.1234,0.1585,0.7103,0.0016,0.0000
medium/valid/037/893,5.918061872335651,5,0.0000,0.0000,0.0000,0.0007,0.0408,0.3873,0.1830,0.3873,0.0008,0.0000
medium/valid/037/404,5.4720704611905004,5,0.0000,0.0000,0.0000,0.0012,0.0598,0.5675,0.2088,0.1626,0.0001,0.0000
medium/valid/037/150,5.6021220832737,5,0.0000,0.0000,0.0000,0.0010,0.0565,0.5356,0.1535,0.2530,0.0004,0.0000
medium/valid/038/884,6.124362741722775,7,0.0000,0.0000,0.0000,0.0005,0.0298,0.2826,0.2201,0.4660,0.0010,0.0000
medium/valid/038/642,6.5756058838153395,7,0.0000,0.0000,0.0000,0.0001,0.0070,0.1233,0.1583,0.7096,0.0018,0.0000
medium/valid/038/50,5.3233035198711525,5,0.0000,0.0000,0.0000,0.0034,0.1283,0.5750,0.1283,0.1647,0.0002,0.0000
medium/valid/038/747,6.333434339750921,7,0.0000,0.0000,0.0000,0.0002,0.0134,0.2089,0.2089,0.5678,0.0009,0.0000
medium/valid/038/631,6.426871501525689,7,0.0000,0.0000,0.0000,0.0002,0.0115,0.1798,0.1798,0.6274,0.0014,0.0000
medium/valid/038/643,5.513309693116929,5,0.0000,0.0000,0.0000,0.0019,0.0722,0.5333,0.1962,0.1962,0.0003,0.0000
medium/valid/038/350,5.175968377622621,5,0.0000,0.0000,0.0000,0.0031,0.1168,0.6722,0.1168,0.0910,0.0001,0.0000
medium/valid/038/516,6.692276220898824,7,0.0000,0.0000,0.0000,0.0001,0.0041,0.0818,0.1349,0.7760,0.0032,0.0000
medium/valid/038/932,5.084940888219533,5,0.0000,0.0000,0.0000,0.0069,0.1783,0.6223,0.1081,0.0842,0.0002,0.0000
medium/valid/038/555,6.549602425691798,7,0.0000,0.0000,0.0000,0.0001,0.0075,0.1178,0.1942,0.6779,0.0024,0.0000
medium/valid/038/143,5.951845760616148,5,0.0000,0.0000,0.0000,0.0004,0.0239,0.3741,0.2269,0.3741,0.0005,0.0000
medium/valid/038/135,6.498728578332677,7,0.0000,0.0000,0.0000,0.0001,0.0073,0.1464,0.1880,0.6563,0.0018,0.0000
medium/valid/038/420,5.4206634298826595,5,0.0000,0.0000,0.0000,0.0016,0.0791,0.5842,0.1674,0.1674,0.0003,0.0000
medium/valid/038/724,6.49256842478369,7,0.0000,0.0000,0.0000,0.0001,0.0093,0.1462,0.1877,0.6553,0.0013,0.0000
medium/valid/038/310,6.408897902077763,7,0.0000,0.0000,0.0000,0.0001,0.0097,0.1713,0.2200,0.5980,0.0009,0.0000
medium/valid/038/339,6.436487939086271,7,0.0000,0.0000,0.0000,0.0001,0.0079,0.1804,0.1804,0.6295,0.0018,0.0000
medium/valid/038/87,6.693102810128337,7,0.0000,0.0000,0.0000,0.0001,0.0036,0.0819,0.1350,0.7767,0.0028,0.0000
medium/valid/038/391,6.4190840824751065,7,0.0000,0.0000,0.0000,0.0002,0.0147,0.1791,0.1791,0.6252,0.0015,0.0000
medium/valid/038/876,6.433868241573746,7,0.0000,0.0000,0.0000,0.0001,0.0090,0.1802,0.1802,0.6288,0.0018,0.0000
medium/valid/038/340,5.385478716658572,5,0.0000,0.0000,0.0000,0.0014,0.0652,0.6183,0.1771,0.1380,0.0001,0.0000
medium/valid/038/41,6.334948235539644,7,0.0000,0.0000,0.0000,0.0002,0.0133,0.2087,0.2087,0.5673,0.0018,0.0000
medium/valid/039/848,6.8211031236590784,7,0.0000,0.0000,0.0000,0.0000,0.0021,0.0428,0.0907,0.8603,0.0040,0.0000
medium/valid/039/229,6.406483295509343,7,0.0000,0.0000,0.0000,0.0002,0.0109,0.1710,0.2196,0.5969,0.0015,0.0000
medium/valid/039/819,5.7220739866875965,5,0.0000,0.0000,0.0000,0.0008,0.0482,0.4573,0.2160,0.2774,0.0004,0.0000
medium/valid/039/4,6.3405376599784935,7,0.0000,0.0000,0.0000,0.0002,0.0104,0.2095,0.2095,0.5695,0.0010,0.0000
medium/valid/039/122,6.241464939045306,7,0.0000,0.0000,0.0000,0.0002,0.0135,0.2394,0.2394,0.5068,0.0008,0.0000
medium/valid/039/414,5.45805317426242,5,0.0000,0.0000,0.0000,0.0029,0.0947,0.5452,0.1562,0.2006,0.0004,0.0000
medium/valid/039/84,6.138192485043431,7,0.0000,0.0000,0.0000,0.0004,0.0234,0.2846,0.2217,0.4693,0.0007,0.0000
medium/valid/039/950,5.514303731643819,5,0.0000,0.0000,0.0000,0.0015,0.0722,0.5335,0.1963,0.1963,0.0002,0.0000
medium/valid/039/639,6.409419157458859,7,0.0000,0.0000,0.0000,0.0001,0.0097,0.1713,0.2199,0.5978,0.0013,0.0000
medium/valid/039/527,5.454740777426534,5,0.0000,0.0000,0.0000,0.0042,0.0946,0.5445,0.1560,0.2003,0.0003,0.0000
medium/valid/039/562,5.244653575578372,5,0.0000,0.0000,0.0000,0.0038,0.1102,0.6342,0.1415,0.1102,0.0002,0.0000
medium/valid/039/326,6.777760558389016,7,0.0000,0.0000,0.0000,0.0000,0.0026,0.0530,0.1121,0.8284,0.0038,0.0000
medium/valid/039/158,6.648432362177018,7,0.0000,0.0000,0.0000,0.0001,0.0058,0.1025,0.1316,0.7573,0.0027,0.0000
medium/valid/039/444,5.951813409811524,5,0.0000,0.0000,0.0000,0.0003,0.0239,0.3742,0.2270,0.3742,0.0003,0.0000
medium/valid/039/984,6.495850988307775,7,0.0000,0.0000,0.0000,0.0001,0.0083,0.1463,0.1879,0.6558,0.0016,0.0000
medium/valid/039/405,6.334863775711599,7,0.0000,0.0000,0.0000,0.0002,0.0133,0.2087,0.2087,0.5673,0.0018,0.0000
medium/valid/039/840,6.409418933341758,7,0.0000,0.0000,0.0000,0.0001,0.0097,0.1713,0.2199,0.5978,0.0013,0.0000
medium/valid/039/777,6.575939088922244,7,0.0000,0.0000,0.0000,0.0001,0.0070,0.1233,0.1583,0.7094,0.0020,0.0000
medium/valid/039/969,6.337132058220278,7,0.0000,0.0000,0.0000,0.0002,0.0118,0.2092,0.2092,0.5686,0.0010,0.0000
medium/valid/039/108,6.626116153750078,7,0.0000,0.0000,0.0000,0.0001,0.0049,0.0989,0.1631,0.7309,0.0021,0.0000
medium/valid/039/35,6.02379200002064,7,0.0000,0.0000,0.0000,0.0008,0.0351,0.3332,0.2021,0.4278,0.0009,0.0000
medium/valid/039/392,6.574655400010434,7,0.0000,0.0000,0.0000,0.0001,0.0070,0.1234,0.1584,0.7101,0.0011,0.0000
medium/valid/039/698,6.328913184286444,7,0.0000,0.0000,0.0000,0.0004,0.0229,0.2168,0.1689,0.5894,0.0017,0.0000
medium/valid/039/727,5.657165878071106,5,0.0000,0.0000,0.0000,0.0008,0.0405,0.4928,0.2328,0.2328,0.0003,0.0000
medium/valid/039/263,5.921740659914234,5,0.0000,0.0000,0.0000,0.0006,0.0388,0.3683,0.2234,0.3683,0.0006,0.0000
medium/valid/039/466,6.334081607251384,7,0.0000,0.0000,0.0000,0.0002,0.0133,0.2088,0.2088,0.5676,0.0012,0.0000
medium/valid/039/119,4.974295204457158,5,0.0000,0.0000,0.0000,0.0051,0.1918,0.6696,0.0906,0.0428,0.0000,0.0000
medium/valid/039/611,6.843568867548682,7,0.0000,0.0000,0.0000,0.0000,0.0012,0.0337,0.0915,0.8679,0.0058,0.0000
medium/valid/039/630,6.51490179807156,7,0.0000,0.0000,0.0000,0.0002,0.0097,0.1524,0.1524,0.6831,0.0022,0.0000
medium/valid/039/246,6.432678544692783,7,0.0000,0.0000,0.0000,0.0001,0.0090,0.1803,0.1803,0.6294,0.0009,0.0000
medium/valid/039/54,5.917672364012418,5,0.0000,0.0000,0.0000,0.0007,0.0408,0.3874,0.1830,0.3874,0.0007,0.0000
medium/valid/039/252,5.938676013405046,5,0.0000,0.0000,0.0000,0.0004,0.0305,0.3716,0.2254,0.3716,0.0005,0.0000
medium/valid/039/234,5.951906645813111,5,0.0000,0.0000,0.0000,0.0003,0.0239,0.3742,0.2270,0.3742,0.0004,0.0000
medium/valid/039/850,5.327541747486663,5,0.0000,0.0000,0.0000,0.0021,0.1030,0.5927,0.1698,0.1322,0.0002,0.0000
medium/valid/039/711,6.240497500852648,7,0.0000,0.0000,0.0000,0.0003,0.0206,0.2511,0.1955,0.5315,0.0010,0.0000
medium/valid/039/948,5.833969132972621,5,0.0000,0.0000,0.0000,0.0006,0.0351,0.4281,0.2022,0.3334,0.0004,0.0000
medium/valid/039/380,6.409353903191744,7,0.0000,0.0000,0.0000,0.0003,0.0188,0.1783,0.1783,0.6223,0.0020,0.0000
medium/valid/040/907,5.398147242514134,5,0.0000,0.0000,0.0000,0.0017,0.0821,0.6068,0.1354,0.1738,0.0002,0.0000
medium/valid/040/608,5.814462557782591,5,0.0000,0.0000,0.0000,0.0013,0.0446,0.4235,0.2000,0.3298,0.0007,0.0000
medium/valid/040/106,6.325371289985418,7,0.0000,0.0000,0.0000,0.0003,0.0171,0.2079,0.2079,0.5652,0.0016,0.0000
medium/valid/040/10,6.725116422991974,7,0.0000,0.0000,0.0000,0.0000,0.0032,0.0650,0.1376,0.7917,0.0025,0.0000
medium/valid/040/928,5.935459031531467,5,0.0000,0.0000,0.0000,0.0005,0.0321,0.3911,0.1847,0.3911,0.0005,0.0000
medium/valid/040/489,5.601478404273968,5,0.0000,0.0000,0.0000,0.0012,0.0565,0.5356,0.1535,0.2530,0.0003,0.0000
medium/valid/040/39,6.324905086592442,7,0.0000,0.0000,0.0000,0.0003,0.0171,0.2080,0.2080,0.5654,0.0012,0.0000
medium/valid/040/148,5.952132867946165,5,0.0000,0.0000,0.0000,0.0004,0.0239,0.3741,0.2269,0.3741,0.0006,0.0000
medium/valid/040/129,6.6654878641526984,7,0.0000,0.0000,0.0000,0.0000,0.0039,0.0789,0.1669,0.7481,0.0021,0.0000
medium/valid/040/712,5.540336972315565,5,0.0000,0.0000,0.0000,0.0009,0.0572,0.5425,0.1996,0.1996,0.0002,0.0000
medium/valid/040/810,6.500465293633928,7,0.0000,0.0000,0.0000,0.0001,0.0064,0.1466,0.1882,0.6570,0.0016,0.0000
medium/valid/040/717,6.22774217203458,7,0.0000,0.0000,0.0000,0.0004,0.0263,0.2494,0.1943,0.5281,0.0015,0.0000
medium/valid/040/131,6.245141046785377,7,0.0000,0.0000,0.0000,0.0002,0.0119,0.2397,0.2397,0.5075,0.0009,0.0000
medium/valid/040/874,6.4945793260279165,7,0.0000,0.0000,0.0000,0.0002,0.0093,0.1460,0.1875,0.6544,0.0027,0.0000
medium/valid/040/527,4.931805361640669,5,0.0000,0.0000,0.0000,0.0129,0.2290,0.6226,0.0843,0.0511,0.0001,0.0000
medium/valid/040/311,6.552358434017317,7,0.0000,0.0000,0.0000,0.0001,0.0059,0.1181,0.1948,0.6798,0.0013,0.0000
medium/valid/040/207,6.477961465462499,7,0.0000,0.0000,0.0000,0.0002,0.0153,0.1452,0.1865,0.6509,0.0018,0.0000
medium/valid/040/469,6.690757051578417,7,0.0000,0.0000,0.0000,0.0001,0.0046,0.0817,0.1348,0.7756,0.0032,0.0000
medium/valid/040/230,6.040261541927744,7,0.0000,0.0000,0.0000,0.0003,0.0276,0.3361,0.2039,0.4316,0.0004,0.0000
medium/valid/040/264,6.495651955996548,7,0.0000,0.0000,0.0000,0.0002,0.0093,0.1459,0.1873,0.6538,0.0034,0.0000
medium/valid/040/410,6.7776117686331805,7,0.0000,0.0000,0.0000,0.0000,0.0023,0.0530,0.1122,0.8294,0.0030,0.0000
medium/valid/040/372,5.824978670289736,5,0.0000,0.0000,0.0000,0.0009,0.0423,0.4010,0.2432,0.3123,0.0004,0.0000
medium/valid/040/681,6.124804207129216,7,0.0000,0.0000,0.0000,0.0006,0.0298,0.2825,0.2200,0.4657,0.0015,0.0000
medium/valid/040/448,5.4601393565300445,5,0.0000,0.0000,0.0000,0.0020,0.0948,0.5457,0.1564,0.2008,0.0003,0.0000
medium/valid/040/414,6.665861250636977,7,0.0000,0.0000,0.0000,0.0000,0.0039,0.0788,0.1669,0.7479,0.0024,0.0000
medium/valid/040/161,6.237481570274161,7,0.0000,0.0000,0.0000,0.0002,0.0153,0.2389,0.2389,0.5058,0.0009,0.0000
medium/valid/041/512,6.79997869290535,7,0.0000,0.0000,0.0000,0.0000,0.0021,0.0418,0.1136,0.8391,0.0034,0.0000
medium/valid/041/729,6.130516951955967,7,0.0000,0.0000,0.0000,0.0006,0.0313,0.2971,0.1802,0.4898,0.0011,0.0000
medium/valid/041/223,6.839269813394127,7,0.0000,0.0000,0.0000,0.0000,0.0019,0.0337,0.0916,0.8688,0.0040,0.0000
medium/valid/041/19,6.855680747200062,7,0.0000,0.0000,0.0000,0.0000,0.0010,0.0265,0.0923,0.8761,0.0041,0.0000
medium/valid/041/508,6.138630338769575,7,0.0000,0.0000,0.0000,0.0003,0.0234,0.2846,0.2217,0.4693,0.0008,0.0000
medium/valid/041/722,6.041909424953468,7,0.0000,0.0000,0.0000,0.0006,0.0289,0.3518,0.1662,0.4517,0.0008,0.0000
medium/valid/041/892,5.853485448322599,5,0.0000,0.0000,0.0000,0.0004,0.0311,0.3785,0.2948,0.2948,0.0003,0.0000
medium/valid/041/285,6.577749271326934,7,0.0000,0.0000,0.0000,0.0001,0.0061,0.1234,0.1585,0.7102,0.0018,0.0000
medium/valid/041/89,6.414671843283721,7,0.0000,0.0000,0.0000,0.0001,0.0075,0.1716,0.2204,0.5990,0.0013,0.0000
medium/valid/041/538,6.577140495689242,7,0.0000,0.0000,0.0000,0.0001,0.0069,0.1232,0.1581,0.7087,0.0029,0.0000
medium/valid/041/881,5.24451214752732,5,0.0000,0.0000,0.0000,0.0038,0.1102,0.6342,0.1415,0.1102,0.0001,0.0000
medium/valid/041/257,6.62766044924704,7,0.0000,0.0000,0.0000,0.0000,0.0043,0.0990,0.1632,0.7314,0.0021,0.0000
medium/valid/041/299,6.779396505760497,7,0.0000,0.0000,0.0000,0.0000,0.0021,0.0530,0.1122,0.8289,0.0038,0.0000
medium/valid/041/519,5.638658508009836,5,0.0000,0.0000,0.0000,0.0008,0.0427,0.5197,0.1912,0.2455,0.0003,0.0000
medium/valid/041/784,6.337748827178777,7,0.0000,0.0000,0.0000,0.0002,0.0118,0.2091,0.2091,0.5685,0.0012,0.0000
medium/valid/041/267,5.938706893496123,5,0.0000,0.0000,0.0000,0.0004,0.0305,0.3716,0.2254,0.3716,0.0004,0.0000
medium/valid/041/60,6.340210083131462,7,0.0000,0.0000,0.0000,0.0001,0.0104,0.2096,0.2096,0.5697,0.0007,0.0000
medium/valid/041/345,6.325847028448764,7,0.0000,0.0000,0.0000,0.0003,0.0171,0.2079,0.2079,0.5651,0.0018,0.0000
medium/valid/041/684,5.657524691349379,5,0.0000,0.0000,0.0000,0.0007,0.0405,0.4928,0.2328,0.2328,0.0004,0.0000
medium/valid/041/33,6.228107853111147,7,0.0000,0.0000,0.0000,0.0003,0.0195,0.2378,0.2378,0.5034,0.0012,0.0000
medium/valid/041/758,6.624007927054535,7,0.0000,0.0000,0.0000,0.0001,0.0056,0.0989,0.1630,0.7306,0.0018,0.0000
medium/valid/041/982,6.414948463720174,7,0.0000,0.0000,0.0000,0.0001,0.0075,0.1716,0.2203,0.5989,0.0015,0.0000
medium/valid/041/884,6.821456059446972,7,0.0000,0.0000,0.0000,0.0000,0.0017,0.0429,0.0908,0.8615,0.0031,0.0000
medium/valid/041/595,4.993357362329091,5,0.0000,0.0000,0.0000,0.0070,0.1591,0.7131,0.0752,0.0456,0.0000,0.0000
medium/valid/041/346,6.551120903967481,7,0.0000,0.0000,0.0000,0.0001,0.0067,0.1180,0.1945,0.6789,0.0019,0.0000
medium/valid/041/35,6.626089115063291,7,0.0000,0.0000,0.0000,0.0001,0.0049,0.0989,0.1631,0.7309,0.0021,0.0000
medium/valid/041/77,6.549076962945654,7,0.0000,0.0000,0.0000,0.0001,0.0075,0.1178,0.1943,0.6781,0.0022,0.0000
medium/valid/041/186,5.6189433560783595,5,0.0000,0.0000,0.0000,0.0009,0.0541,0.5134,0.1889,0.2425,0.0003,0.0000
medium/valid/041/712,5.741121157027684,5,0.0000,0.0000,0.0000,0.0005,0.0380,0.4624,0.2184,0.2804,0.0003,0.0000
medium/valid/041/268,5.835442321774401,5,0.0000,0.0000,0.0000,0.0005,0.0351,0.4280,0.2022,0.3333,0.0009,0.0000
medium/valid/041/380,5.921393251249936,5,0.0000,0.0000,0.0000,0.0008,0.0388,0.3682,0.2233,0.3682,0.0007,0.0000
medium/valid/042/177,6.619741025896804,7,0.0000,0.0000,0.0000,0.0001,0.0072,0.0987,0.1628,0.7295,0.0018,0.0000
medium/valid/042/314,6.240285178078415,7,0.0000,0.0000,0.0000,0.0003,0.0206,0.2511,0.1956,0.5316,0.0009,0.0000
medium/valid/042/520,5.638901185714791,5,0.0000,0.0000,0.0000,0.0007,0.0427,0.5197,0.1912,0.2455,0.0003,0.0000
medium/valid/042/413,5.952266723132811,5,0.0000,0.0000,0.0000,0.0003,0.0239,0.3741,0.2269,0.3741,0.0006,0.0000
medium/valid/042/652,6.723874181893344,7,0.0000,0.0000,0.0000,0.0001,0.0037,0.0650,0.1375,0.7913,0.0025,0.0000
medium/valid/042/622,5.949443652445483,5,0.0000,0.0000,0.0000,0.0005,0.0252,0.3939,0.1860,0.3939,0.0006,0.0000
medium/valid/042/178,6.052760306307352,7,0.0000,0.0000,0.0000,0.0004,0.0216,0.3381,0.2051,0.4341,0.0007,0.0000
medium/valid/042/706,5.72158269047079,5,0.0000,0.0000,0.0000,0.0010,0.0482,0.4572,0.2159,0.2773,0.0004,0.0000
medium/valid/042/846,5.707750488243293,5,0.0000,0.0000,0.0000,0.0011,0.0506,0.4801,0.1766,0.2912,0.0005,0.0000
medium/valid/042/766,6.14598565539342,7,0.0000,0.0000,0.0000,0.0003,0.0246,0.2993,0.1815,0.4934,0.0010,0.0000
medium/valid/042/901,5.518070404903417,5,0.0000,0.0000,0.0000,0.0014,0.0598,0.5673,0.1625,0.2087,0.0002,0.0000
medium/valid/042/484,6.124804916707358,7,0.0000,0.0000,0.0000,0.0006,0.0298,0.2825,0.2200,0.4657,0.0015,0.0000
medium/valid/042/459,5.921066467886008,5,0.0000,0.0000,0.0000,0.0008,0.0388,0.3682,0.2233,0.3682,0.0006,0.0000
medium/valid/042/868,5.935280098021749,5,0.0000,0.0000,0.0000,0.0005,0.0321,0.3911,0.1847,0.3911,0.0005,0.0000
medium/valid/042/986,6.498403376015878,7,0.0000,0.0000,0.0000,0.0001,0.0073,0.1465,0.1881,0.6564,0.0016,0.0000
medium/valid/042/71,5.276605378560196,5,0.0000,0.0000,0.0000,0.0034,0.0880,0.6503,0.1451,0.1130,0.0001,0.0000
medium/valid/042/481,6.752786479788986,7,0.0000,0.0000,0.0000,0.0000,0.0023,0.0514,0.1398,0.8043,0.0023,0.0000
medium/valid/042/471,6.519953216266759,7,0.0000,0.0000,0.0000,0.0001,0.0076,0.1528,0.1528,0.6849,0.0017,0.0000
medium/valid/042/490,5.669572191210289,5,0.0000,0.0000,0.0000,0.0016,0.0666,0.4920,0.1410,0.2984,0.0005,0.0000
medium/valid/042/701,6.228521464216262,7,0.0000,0.0000,0.0000,0.0003,0.0195,0.2377,0.2377,0.5033,0.0014,0.0000
medium/valid/042/699,6.240499300408248,7,0.0000,0.0000,0.0000,0.0003,0.0206,0.2510,0.1955,0.5314,0.0012,0.0000
medium/valid/042/660,5.161115612244528,5,0.0000,0.0000,0.0000,0.0048,0.1404,0.6291,0.1404,0.0851,0.0001,0.0000
medium/valid/042/97,6.238245870504917,7,0.0000,0.0000,0.0000,0.0002,0.0153,0.2388,0.2388,0.5056,0.0013,0.0000
medium/valid/042/902,5.4918203187313335,5,0.0000,0.0000,0.0000,0.0018,0.0755,0.5576,0.1598,0.2051,0.0003,0.0000
medium/valid/042/447,6.130708341930266,7,0.0000,0.0000,0.0000,0.0002,0.0220,0.2677,0.2677,0.4414,0.0009,0.0000
medium/valid/042/163,5.593423534159104,5,0.0000,0.0000,0.0000,0.0013,0.0684,0.5054,0.1859,0.2387,0.0003,0.0000
medium/valid/042/775,6.250885541917271,7,0.0000,0.0000,0.0000,0.0003,0.0161,0.2522,0.1964,0.5339,0.0012,0.0000
medium/valid/042/594,5.892953161232954,5,0.0000,0.0000,0.0000,0.0020,0.0517,0.3822,0.1806,0.3822,0.0012,0.0000
medium/valid/042/199,5.418856749413795,5,0.0000,0.0000,0.0000,0.0024,0.0790,0.5838,0.1673,0.1673,0.0003,0.0000
medium/valid/042/933,6.350487122793532,7,0.0000,0.0000,0.0000,0.0003,0.0140,0.2188,0.1704,0.5948,0.0017,0.0000
medium/valid/042/801,6.145354827845889,7,0.0000,0.0000,0.0000,0.0005,0.0246,0.2992,0.1815,0.4933,0.0010,0.0000
medium/valid/042/124,6.750430341144877,7,0.0000,0.0000,0.0000,0.0000,0.0029,0.0670,0.1104,0.8159,0.0038,0.0000
medium/valid/043/4,5.720936882796225,5,0.0000,0.0000,0.0000,0.0013,0.0482,0.4570,0.2159,0.2772,0.0005,0.0000
medium/valid/043/464,6.515181961936421,7,0.0000,0.0000,0.0000,0.0001,0.0097,0.1524,0.1524,0.6831,0.0022,0.0000
medium/valid/043/899,6.154662142739079,7,0.0000,0.0000,0.0000,0.0002,0.0162,0.2867,0.2233,0.4728,0.0008,0.0000
medium/valid/043/807,6.041059907672128,7,0.0000,0.0000,0.0000,0.0004,0.0276,0.3359,0.2037,0.4313,0.0011,0.0000
medium/valid/043/205,6.727900517899848,7,0.0000,0.0000,0.0000,0.0000,0.0032,0.0648,0.1373,0.7899,0.0047,0.0000
medium/valid/043/677,6.627637117377549,7,0.0000,0.0000,0.0000,0.0001,0.0043,0.0990,0.1632,0.7314,0.0021,0.0000
medium/valid/043/461,6.251535346455866,7,0.0000,0.0000,0.0000,0.0002,0.0161,0.2522,0.1964,0.5338,0.0013,0.0000
medium/valid/043/836,6.039837936940045,7,0.0000,0.0000,0.0000,0.0004,0.0276,0.3361,0.2039,0.4316,0.0004,0.0000
medium/valid/043/431,5.001003025584457,5,0.0000,0.0000,0.0000,0.0037,0.1579,0.7074,0.0957,0.0352,0.0000,0.0000
medium/valid/043/967,6.227737985495583,7,0.0000,0.0000,0.0000,0.0003,0.0195,0.2378,0.2378,0.5035,0.0010,0.0000
medium/valid/043/874,6.4984032863798245,7,0.0000,0.0000,0.0000,0.0001,0.0073,0.1465,0.1881,0.6564,0.0016,0.0000
medium/valid/043/717,5.7283221209924,5,0.0000,0.0000,0.0000,0.0004,0.0399,0.4859,0.1788,0.2947,0.0003,0.0000
medium/valid/043/96,6.57622842806443,7,0.0000,0.0000,0.0000,0.0001,0.0070,0.1232,0.1582,0.7092,0.0023,0.0000
medium/valid/043/660,5.06400851616344,5,0.0000,0.0000,0.0000,0.0063,0.1828,0.6381,0.0864,0.0864,0.0001,0.0000
medium/valid/043/373,6.356887874638658,7,0.0000,0.0000,0.0000,0.0002,0.0109,0.2197,0.1711,0.5972,0.0009,0.0000
medium/valid/043/716,5.68342197838354,5,0.0000,0.0000,0.0000,0.0010,0.0641,0.4733,0.1741,0.2871,0.0004,0.0000
medium/valid/043/570,6.689869771330353,7,0.0000,0.0000,0.0000,0.0001,0.0046,0.0818,0.1349,0.7762,0.0025,0.0000
medium/valid/043/827,6.428052414963726,7,0.0000,0.0000,0.0000,0.0001,0.0115,0.1797,0.1797,0.6271,0.0020,0.0000
medium/valid/043/839,6.62471545814972,7,0.0000,0.0000,0.0000,0.0001,0.0056,0.0988,0.1629,0.7303,0.0023,0.0000
medium/valid/043/921,6.693124812767486,7,0.0000,0.0000,0.0000,0.0000,0.0036,0.0819,0.1350,0.7767,0.0028,0.0000
medium/valid/043/173,6.500291489614632,7,0.0000,0.0000,0.0000,0.0001,0.0064,0.1466,0.1883,0.6571,0.0014,0.0000
medium/valid/043/973,6.4122064847611595,7,0.0000,0.0000,0.0000,0.0001,0.0085,0.1715,0.2202,0.5984,0.0013,0.0000
medium/valid/043/707,6.149615911877124,7,0.0000,0.0000,0.0000,0.0003,0.0183,0.2861,0.2228,0.4717,0.0008,0.0000
medium/valid/043/674,6.569829182078357,7,0.0000,0.0000,0.0000,0.0001,0.0089,0.1231,0.1581,0.7084,0.0014,0.0000
medium/valid/043/878,5.30609982367668,5,0.0000,0.0000,0.0000,0.0016,0.0700,0.6645,0.1483,0.1155,0.0001,0.0000
medium/valid/044/604,6.241556226420514,7,0.0000,0.0000,0.0000,0.0003,0.0206,0.2509,0.1954,0.5311,0.0017,0.0000
medium/valid/044/612,6.149770940693136,7,0.0000,0.0000,0.0000,0.0002,0.0183,0.2861,0.2228,0.4718,0.0007,0.0000
medium/valid/044/478,6.334734939848365,7,0.0000,0.0000,0.0000,0.0001,0.0133,0.2087,0.2087,0.5674,0.0016,0.0000
medium/valid/044/13,5.8433119921959715,5,0.0000,0.0000,0.0000,0.0005,0.0332,0.4049,0.2456,0.3153,0.0005,0.0000
medium/valid/044/654,6.1462103633405745,7,0.0000,0.0000,0.0000,0.0004,0.0246,0.2992,0.1814,0.4932,0.0012,0.0000
medium/valid/044/195,6.149937373251735,7,0.0000,0.0000,0.0000,0.0003,0.0183,0.2861,0.2228,0.4716,0.0009,0.0000
medium/valid/044/279,6.0532323303842155,7,0.0000,0.0000,0.0000,0.0003,0.0216,0.3381,0.2051,0.4341,0.0007,0.0000
medium/valid/044/503,6.258751106450765,7,0.0000,0.0000,0.0000,0.0002,0.0126,0.2532,0.1972,0.5360,0.0008,0.0000
medium/valid/044/129,6.495654254835289,7,0.0000,0.0000,0.0000,0.0001,0.0083,0.1464,0.1879,0.6559,0.0014,0.0000
medium/valid/044/2,6.7757301248205595,7,0.0000,0.0000,0.0000,0.0000,0.0030,0.0530,0.1122,0.8288,0.0030,0.0000
medium/valid/044/571,6.496059078903393,7,0.0000,0.0000,0.0000,0.0002,0.0083,0.1463,0.1878,0.6556,0.0018,0.0000
medium/valid/044/994,6.7456351254663245,7,0.0000,0.0000,0.0000,0.0001,0.0043,0.0669,0.1104,0.8154,0.0029,0.0000
medium/valid/044/88,5.419372743210911,5,0.0000,0.0000,0.0000,0.0021,0.0790,0.5840,0.1673,0.1673,0.0002,0.0000
medium/valid/044/680,6.493318648386114,7,0.0000,0.0000,0.0000,0.0002,0.0093,0.1461,0.1876,0.6549,0.0018,0.0000
medium/valid/044/408,5.385828016278507,5,0.0000,0.0000,0.0000,0.0012,0.0652,0.6184,0.1772,0.1380,0.0001,0.0000
medium/valid/044/360,5.843448027504294,5,0.0000,0.0000,0.0000,0.0005,0.0332,0.4048,0.2456,0.3153,0.0005,0.0000
medium/valid/044/637,6.498690573297779,7,0.0000,0.0000,0.0000,0.0001,0.0073,0.1464,0.1880,0.6563,0.0018,0.0000
medium/valid/044/679,6.145147682788662,7,0.0000,0.0000,0.0000,0.0005,0.0246,0.2992,0.1815,0.4934,0.0008,0.0000
medium/valid/044/716,5.79139902558501,5,0.0000,0.0000,0.0000,0.0013,0.0566,0.4182,0.1976,0.3257,0.0006,0.0000
medium/valid/044/936,6.0552796882611855,7,0.0000,0.0000,0.0000,0.0004,0.0226,0.3542,0.1673,0.4548,0.0006,0.0000
medium/valid/044/247,6.622319728680565,7,0.0000,0.0000,0.0000,0.0001,0.0063,0.0988,0.1629,0.7299,0.0021,0.0000
medium/valid/044/971,6.124794223391941,7,0.0000,0.0000,0.0000,0.0004,0.0298,0.2826,0.2201,0.4659,0.0012,0.0000
medium/valid/044/99,6.431333405806181,7,0.0000,0.0000,0.0000,0.0001,0.0101,0.1799,0.1799,0.6279,0.0020,0.0000
medium/valid/044/9,6.627637228288379,7,0.0000,0.0000,0.0000,0.0001,0.0043,0.0990,0.1632,0.7314,0.0021,0.0000
medium/valid/044/644,5.420700930350041,5,0.0000,0.0000,0.0000,0.0014,0.0791,0.5844,0.1674,0.1674,0.0001,0.0000
medium/valid/044/745,5.364489426070426,5,0.0000,0.0000,0.0000,0.0024,0.1030,0.5925,0.1322,0.1697,0.0002,0.0000
medium/valid/044/173,6.337217061384052,7,0.0000,0.0000,0.0000,0.0002,0.0118,0.2092,0.2092,0.5686,0.0010,0.0000
medium/valid/044/42,6.139870553823554,7,0.0000,0.0000,0.0000,0.0004,0.0233,0.2843,0.2214,0.4688,0.0017,0.0000
medium/valid/044/427,6.334668853861307,7,0.0000,0.0000,0.0000,0.0002,0.0133,0.2087,0.2087,0.5674,0.0016,0.0000
medium/valid/044/76,6.497781608045568,7,0.0000,0.0000,0.0000,0.0001,0.0073,0.1465,0.1881,0.6567,0.0013,0.0000
medium/valid/044/194,6.650776399470991,7,0.0000,0.0000,0.0000,0.0001,0.0045,0.1027,0.1319,0.7589,0.0019,0.0000
medium/valid/045/734,6.43330729237095,7,0.0000,0.0000,0.0000,0.0001,0.0090,0.1802,0.1802,0.6291,0.0014,0.0000
medium/valid/045/386,6.157319169330781,7,0.0000,0.0000,0.0000,0.0003,0.0192,0.3010,0.1825,0.4962,0.0007,0.0000
medium/valid/045/914,6.0386583954867605,7,0.0000,0.0000,0.0000,0.0003,0.0261,0.3176,0.2474,0.4078,0.0008,0.0000
medium/valid/045/925,6.493688214219688,7,0.0000,0.0000,0.0000,0.0002,0.0093,0.1461,0.1876,0.6547,0.0021,0.0000
medium/valid/045/681,5.708192583814919,5,0.0000,0.0000,0.0000,0.0007,0.0506,0.4803,0.1767,0.2913,0.0003,0.0000
medium/valid/045/931,6.427233477635816,7,0.0000,0.0000,0.0000,0.0002,0.0115,0.1797,0.1797,0.6273,0.0016,0.0000
medium/valid/045/736,5.360780095279498,5,0.0000,0.0000,0.0000,0.0040,0.1028,0.5915,0.1320,0.1695,0.0002,0.0000
medium/valid/045/676,6.4300399803152395,7,0.0000,0.0000,0.0000,0.0001,0.0102,0.1800,0.1800,0.6284,0.0012,0.0000
medium/valid/045/717,6.428090566880769,7,0.0000,0.0000,0.0000,0.0002,0.0115,0.1796,0.1796,0.6268,0.0023,0.0000
medium/valid/045/661,6.577454602211835,7,0.0000,0.0000,0.0000,0.0001,0.0061,0.1234,0.1585,0.7103,0.0016,0.0000
medium/valid/045/338,5.650781913245306,5,0.0000,0.0000,0.0000,0.0028,0.0806,0.4636,0.1706,0.2812,0.0013,0.0000
medium/valid/045/620,6.7499662480818525,7,0.0000,0.0000,0.0000,0.0000,0.0026,0.0671,0.1106,0.8171,0.0026,0.0000
medium/valid/045/311,5.917367833885674,5,0.0000,0.0000,0.0000,0.0007,0.0408,0.3875,0.1830,0.3875,0.0005,0.0000
medium/valid/045/271,5.385097487415789,5,0.0000,0.0000,0.0000,0.0034,0.0991,0.5704,0.1634,0.1634,0.0002,0.0000
medium/valid/045/782,6.325954540842224,7,0.0000,0.0000,0.0000,0.0002,0.0171,0.2079,0.2079,0.5651,0.0018,0.0000
medium/valid/045/735,6.50054584981397,7,0.0000,0.0000,0.0000,0.0001,0.0064,0.1466,0.1882,0.6570,0.0016,0.0000
medium/valid/045/323,6.2403855086992115,7,0.0000,0.0000,0.0000,0.0003,0.0206,0.2511,0.1955,0.5315,0.0010,0.0000
medium/valid/045/883,6.146043742873219,7,0.0000,0.0000,0.0000,0.0004,0.0246,0.2991,0.1814,0.4932,0.0012,0.0000
medium/valid/045/841,6.240258857244121,7,0.0000,0.0000,0.0000,0.0003,0.0206,0.2510,0.1955,0.5315,0.0010,0.0000
medium/valid/045/194,5.707694646857258,5,0.0000,0.0000,0.0000,0.0012,0.0506,0.4799,0.1766,0.2911,0.0006,0.0000
medium/valid/045/591,6.570589581176752,7,0.0000,0.0000,0.0000,0.0002,0.0089,0.1230,0.1580,0.7079,0.0020,0.0000
medium/valid/045/244,6.130074479961143,7,0.0000,0.0000,0.0000,0.0006,0.0313,0.2971,0.1802,0.4899,0.0008,0.0000
medium/valid/045/477,6.406127711277098,7,0.0000,0.0000,0.0000,0.0001,0.0109,0.1711,0.2197,0.5971,0.0012,0.0000
medium/valid/045/510,6.038731368430601,7,0.0000,0.0000,0.0000,0.0004,0.0261,0.3176,0.2473,0.4078,0.0009,0.0000
medium/valid/045/404,6.343799985721156,7,0.0000,0.0000,0.0000,0.0001,0.0092,0.2097,0.2097,0.5701,0.0011,0.0000
medium/valid/045/373,5.385021732168621,5,0.0000,0.0000,0.0000,0.0034,0.0991,0.5704,0.1634,0.1634,0.0002,0.0000
medium/valid/045/309,6.626168265191403,7,0.0000,0.0000,0.0000,0.0001,0.0056,0.0987,0.1628,0.7295,0.0034,0.0000
medium/valid/045/590,6.414671934824242,7,0.0000,0.0000,0.0000,0.0001,0.0075,0.1716,0.2204,0.5990,0.0013,0.0000
medium/valid/045/157,5.682041049079993,5,0.0000,0.0000,0.0000,0.0015,0.0640,0.4731,0.1740,0.2869,0.0004,0.0000
medium/valid/045/975,6.577670838148402,7,0.0000,0.0000,0.0000,0.0001,0.0061,0.1234,0.1585,0.7101,0.0018,0.0000
medium/valid/045/674,6.691383310183957,7,0.0000,0.0000,0.0000,0.0001,0.0041,0.0819,0.1350,0.7766,0.0025,0.0000
medium/valid/045/544,5.720809908906408,5,0.0000,0.0000,0.0000,0.0013,0.0482,0.4570,0.2159,0.2772,0.0004,0.0000
medium/valid/045/319,6.31493964806653,7,0.0000,0.0000,0.0000,0.0002,0.0126,0.1972,0.2532,0.5360,0.0009,0.0000
medium/valid/045/888,6.334767678304005,7,0.0000,0.0000,0.0000,0.0002,0.0133,0.2087,0.2087,0.5673,0.0018,0.0000
medium/valid/046/258,5.518782486006855,5,0.0000,0.0000,0.0000,0.0011,0.0598,0.5675,0.1626,0.2088,0.0002,0.0000
medium/valid/046/209,4.997713651242153,5,0.0000,0.0000,0.0000,0.0048,0.1595,0.7147,0.0753,0.0457,0.0000,0.0000
medium/valid/046/337,5.064111049764946,5,0.0000,0.0000,0.0000,0.0066,0.1499,0.6716,0.1167,0.0551,0.0001,0.0000
medium/valid/046/181,6.4276251505623465,7,0.0000,0.0000,0.0000,0.0001,0.0115,0.1797,0.1797,0.6272,0.0018,0.0000
medium/valid/046/51,5.171531336433243,5,0.0000,0.0000,0.0000,0.0022,0.0955,0.7053,0.1226,0.0743,0.0001,0.0000
medium/valid/046/572,6.157626266505329,7,0.0000,0.0000,0.0000,0.0002,0.0192,0.3010,0.1826,0.4962,0.0007,0.0000
medium/valid/046/847,6.130282069816212,7,0.0000,0.0000,0.0000,0.0006,0.0313,0.2971,0.1802,0.4899,0.0009,0.0000
medium/valid/046/483,6.648471666353264,7,0.0000,0.0000,0.0000,0.0001,0.0058,0.1025,0.1316,0.7573,0.0027,0.0000
medium/valid/046/596,5.843191568071807,5,0.0000,0.0000,0.0000,0.0005,0.0332,0.4049,0.2456,0.3153,0.0004,0.0000
medium/valid/046/0,6.747802933349159,7,0.0000,0.0000,0.0000,0.0001,0.0033,0.0670,0.1105,0.8165,0.0026,0.0000
medium/valid/046/35,6.752321978113935,7,0.0000,0.0000,0.0000,0.0000,0.0026,0.0514,0.1397,0.8038,0.0026,0.0000
medium/valid/046/861,6.5518602348825175,7,0.0000,0.0000,0.0000,0.0001,0.0067,0.1179,0.1944,0.6785,0.0024,0.0000
medium/valid/046/345,5.208668806196398,5,0.0000,0.0000,0.0000,0.0025,0.0935,0.6905,0.1200,0.0935,0.0001,0.0000
medium/valid/046/960,6.495231576941218,7,0.0000,0.0000,0.0000,0.0001,0.0093,0.1460,0.1874,0.6541,0.0030,0.0000
medium/valid/046/970,6.149813353357496,7,0.0000,0.0000,0.0000,0.0003,0.0183,0.2861,0.2228,0.4716,0.0009,0.0000
medium/valid/046/616,5.560706590388465,5,0.0000,0.0000,0.0000,0.0006,0.0451,0.5497,0.2022,0.2022,0.0002,0.0000
medium/valid/046/587,6.334659447059132,7,0.0000,0.0000,0.0000,0.0003,0.0133,0.2087,0.2087,0.5672,0.0018,0.0000
medium/valid/046/555,6.3573763167551665,7,0.0000,0.0000,0.0000,0.0002,0.0109,0.2196,0.1711,0.5971,0.0012,0.0000
medium/valid/046/765,5.939557870180861,5,0.0000,0.0000,0.0000,0.0004,0.0305,0.3714,0.2253,0.3714,0.0009,0.0000
medium/valid/046/306,6.3492722417021055,7,0.0000,0.0000,0.0000,0.0003,0.0140,0.2190,0.1705,0.5952,0.0010,0.0000
medium/valid/046/224,6.149849283792409,7,0.0000,0.0000,0.0000,0.0003,0.0183,0.2861,0.2228,0.4717,0.0008,0.0000
medium/valid/046/772,5.137528760347802,5,0.0000,0.0000,0.0000,0.0036,0.1192,0.6857,0.1192,0.0723,0.0001,0.0000
medium/valid/046/142,6.340751500652567,7,0.0000,0.0000,0.0000,0.0002,0.0104,0.2095,0.2095,0.5694,0.0011,0.0000
medium/valid/046/462,5.5920477581145285,5,0.0000,0.0000,0.0000,0.0018,0.0684,0.5051,0.1858,0.2386,0.0004,0.0000
medium/valid/046/500,5.080706307605744,5,0.0000,0.0000,0.0000,0.0089,0.1779,0.6211,0.1079,0.0841,0.0001,0.0000
medium/valid/046/148,6.74898720562451,7,0.0000,0.0000,0.0000,0.0000,0.0029,0.0670,0.1105,0.8168,0.0026,0.0000
medium/valid/046/401,6.6261158582530175,7,0.0000,0.0000,0.0000,0.0001,0.0049,0.0989,0.1631,0.7309,0.0021,0.0000
medium/valid/046/235,5.815335060642061,5,0.0000,0.0000,0.0000,0.0008,0.0447,0.4238,0.2002,0.3301,0.0004,0.0000
medium/valid/046/751,6.490351437502046,7,0.0000,0.0000,0.0000,0.0002,0.0106,0.1459,0.1873,0.6539,0.0021,0.0000
medium/valid/046/558,5.9212200948341245,5,0.0000,0.0000,0.0000,0.0008,0.0388,0.3682,0.2233,0.3682,0.0006,0.0000
medium/valid/046/338,6.149564492939303,7,0.0000,0.0000,0.0000,0.0003,0.0183,0.2861,0.2228,0.4717,0.0007,0.0000
medium/valid/046/990,6.1383678723187565,7,0.0000,0.0000,0.0000,0.0004,0.0234,0.2846,0.2216,0.4692,0.0008,0.0000
medium/valid/046/926,6.039905489188171,7,0.0000,0.0000,0.0000,0.0005,0.0276,0.3360,0.2038,0.4315,0.0006,0.0000
medium/valid/046/842,6.326355525030233,7,0.0000,0.0000,0.0000,0.0002,0.0171,0.2078,0.2078,0.5650,0.0020,0.0000
medium/valid/046/703,6.693473497803762,7,0.0000,0.0000,0.0000,0.0000,0.0032,0.0820,0.1351,0.7775,0.0022,0.0000
medium/valid/046/953,6.901159508133623,7,0.0000,0.0000,0.0000,0.0000,0.0009,0.0215,0.0584,0.9137,0.0054,0.0000
medium/valid/047/265,6.514271124750531,7,0.0000,0.0000,0.0000,0.0002,0.0097,0.1525,0.1525,0.6834,0.0017,0.0000
medium/valid/047/273,6.053299058443757,7,0.0000,0.0000,0.0000,0.0003,0.0216,0.3382,0.2051,0.4342,0.0007,0.0000
medium/valid/047/600,6.777943077617105,7,0.0000,0.0000,0.0000,0.0000,0.0021,0.0531,0.1123,0.8299,0.0026,0.0000
medium/valid/047/197,6.13905258359937,7,0.0000,0.0000,0.0000,0.0003,0.0234,0.2846,0.2216,0.4692,0.0010,0.0000
medium/valid/047/234,6.497862093664065,7,0.0000,0.0000,0.0000,0.0001,0.0073,0.1465,0.1881,0.6567,0.0013,0.0000
medium/valid/047/914,6.65149706916896,7,0.0000,0.0000,0.0000,0.0001,0.0045,0.1027,0.1318,0.7585,0.0024,0.0000
medium/valid/047/562,5.10897500483641,5,0.0000,0.0000,0.0000,0.0029,0.1212,0.6974,0.1212,0.0572,0.0001,0.0000
medium/valid/047/20,6.650799283251649,7,0.0000,0.0000,0.0000,0.0001,0.0051,0.1025,0.1316,0.7576,0.0031,0.0000
medium/valid/047/333,6.472607013087218,7,0.0000,0.0000,0.0000,0.0001,0.0069,0.1391,0.2293,0.6234,0.0012,0.0000
medium/valid/047/127,6.754041443777342,7,0.0000,0.0000,0.0000,0.0000,0.0023,0.0514,0.1396,0.8034,0.0033,0.0000
medium/valid/047/447,6.496545439393628,7,0.0000,0.0000,0.0000,0.0001,0.0083,0.1463,0.1878,0.6555,0.0021,0.0000
medium/valid/047/974,6.325288768623618,7,0.0000,0.0000,0.0000,0.0002,0.0171,0.2080,0.2080,0.5653,0.0014,0.0000
medium/valid/047/830,6.130101656473975,7,0.0000,0.0000,0.0000,0.0005,0.0313,0.2972,0.1803,0.4900,0.0007,0.0000
medium/valid/047/885,4.812464779701983,5,0.0000,0.0000,0.0000,0.0139,0.2462,0.6692,0.0549,0.0157,0.0000,0.0000
medium/valid/047/584,5.833969184310059,5,0.0000,0.0000,0.0000,0.0006,0.0351,0.4281,0.2022,0.3334,0.0004,0.0000
medium/valid/047/137,6.357628448806426,7,0.0000,0.0000,0.0000,0.0002,0.0109,0.2196,0.1710,0.5970,0.0013,0.0000
medium/valid/047/985,5.105043726182177,5,0.0000,0.0000,0.0000,0.0047,0.1210,0.6962,0.1210,0.0571,0.0000,0.0000
medium/valid/047/753,5.363797450750087,5,0.0000,0.0000,0.0000,0.0027,0.1029,0.5923,0.1322,0.1697,0.0002,0.0000
medium/valid/047/603,6.333838449640424,7,0.0000,0.0000,0.0000,0.0002,0.0134,0.2088,0.2088,0.5677,0.0011,0.0000
medium/valid/047/550,6.315074626445469,7,0.0000,0.0000,0.0000,0.0002,0.0126,0.1971,0.2531,0.5359,0.0010,0.0000
medium/valid/047/382,6.645652299997164,7,0.0000,0.0000,0.0000,0.0001,0.0066,0.1025,0.1316,0.7572,0.0021,0.0000
medium/valid/047/51,5.483094751293148,5,0.0000,0.0000,0.0000,0.0019,0.0908,0.5225,0.1922,0.1922,0.0003,0.0000
medium/valid/047/683,6.326580015967735,7,0.0000,0.0000,0.0000,0.0003,0.0171,0.2078,0.2078,0.5648,0.0023,0.0000
medium/valid/047/881,6.513787513637584,7,0.0000,0.0000,0.0000,0.0002,0.0098,0.1525,0.1525,0.6837,0.0013,0.0000
medium/valid/047/0,5.747977149315319,5,0.0000,0.0000,0.0000,0.0033,0.0746,0.4291,0.1579,0.3342,0.0009,0.0000
medium/valid/047/836,6.149615873361504,7,0.0000,0.0000,0.0000,0.0003,0.0183,0.2861,0.2228,0.4717,0.0008,0.0000
medium/valid/048/830,5.790904599999418,5,0.0000,0.0000,0.0000,0.0015,0.0566,0.4182,0.1975,0.3257,0.0006,0.0000
medium/valid/048/328,6.2227095295638435,7,0.0000,0.0000,0.0000,0.0001,0.0143,0.2237,0.2873,0.4736,0.0009,0.0000
medium/valid/048/275,6.409578179632272,7,0.0000,0.0000,0.0000,0.0002,0.0097,0.1712,0.2199,0.5976,0.0015,0.0000
medium/valid/048/206,6.57906032838575,7,0.0000,0.0000,0.0000,0.0001,0.0069,0.1230,0.1579,0.7078,0.0042,0.0000
medium/valid/048/242,6.496176427423197,7,0.0000,0.0000,0.0000,0.0001,0.0083,0.1463,0.1878,0.6556,0.0018,0.0000
medium/valid/048/950,6.124163134328,7,0.0000,0.0000,0.0000,0.0005,0.0298,0.2826,0.2201,0.4659,0.0010,0.0000
medium/valid/048/106,6.237220207488149,7,0.0000,0.0000,0.0000,0.0002,0.0153,0.2389,0.2389,0.5059,0.0008,0.0000
medium/valid/048/293,5.445244636165078,5,0.0000,0.0000,0.0000,0.0019,0.0627,0.5945,0.1703,0.1703,0.0002,0.0000
medium/valid/048/421,6.406268831580883,7,0.0000,0.0000,0.0000,0.0001,0.0109,0.1710,0.2196,0.5970,0.0013,0.0000
medium/valid/048/251,6.5459376264746405,7,0.0000,0.0000,0.0000,0.0001,0.0085,0.1178,0.1942,0.6777,0.0017,0.0000
medium/valid/048/793,6.040253645177414,7,0.0000,0.0000,0.0000,0.0003,0.0276,0.3361,0.2039,0.4316,0.0005,0.0000
medium/valid/048/30,5.514062151997973,5,0.0000,0.0000,0.0000,0.0017,0.0722,0.5334,0.1962,0.1962,0.0003,0.0000
medium/valid/048/932,6.427159297744799,7,0.0000,0.0000,0.0000,0.0002,0.0115,0.1797,0.1797,0.6273,0.0016,0.0000
medium/valid/048/915,6.040428890075742,7,0.0000,0.0000,0.0000,0.0006,0.0276,0.3359,0.2037,0.4313,0.0009,0.0000
medium/valid/048/154,6.227250655076327,7,0.0000,0.0000,0.0000,0.0005,0.0263,0.2495,0.1943,0.5281,0.0013,0.0000
medium/valid/048/930,6.688217391092306,7,0.0000,0.0000,0.0000,0.0001,0.0052,0.0818,0.1348,0.7757,0.0025,0.0000
medium/valid/048/694,6.666118158022761,7,0.0000,0.0000,0.0000,0.0000,0.0035,0.0789,0.1671,0.7488,0.0016,0.0000
medium/valid/048/427,4.883859230937657,5,0.0000,0.0000,0.0000,0.0070,0.2034,0.7099,0.0583,0.0214,0.0000,0.0000
medium/valid/048/987,6.6267546172769025,7,0.0000,0.0000,0.0000,0.0001,0.0044,0.0990,0.1633,0.7318,0.0014,0.0000
medium/valid/048/757,6.149739756432534,7,0.0000,0.0000,0.0000,0.0003,0.0183,0.2861,0.2228,0.4717,0.0008,0.0000
medium/valid/048/36,5.938386399331537,5,0.0000,0.0000,0.0000,0.0005,0.0305,0.3716,0.2254,0.3716,0.0004,0.0000
medium/valid/048/73,5.938556938589332,5,0.0000,0.0000,0.0000,0.0006,0.0305,0.3714,0.2253,0.3714,0.0007,0.0000
medium/valid/048/490,5.92166739475539,5,0.0000,0.0000,0.0000,0.0006,0.0388,0.3684,0.2234,0.3684,0.0005,0.0000
medium/valid/048/961,6.340817518565897,7,0.0000,0.0000,0.0000,0.0001,0.0104,0.2095,0.2095,0.5694,0.0011,0.0000
medium/valid/048/425,6.04059611095471,7,0.0000,0.0000,0.0000,0.0004,0.0276,0.3360,0.2038,0.4314,0.0008,0.0000
medium/valid/048/604,5.328141968445291,5,0.0000,0.0000,0.0000,0.0010,0.0554,0.6754,0.1507,0.1174,0.0001,0.0000
medium/valid/048/487,5.834183484615343,5,0.0000,0.0000,0.0000,0.0006,0.0351,0.4282,0.2022,0.3334,0.0004,0.0000
medium/valid/048/913,5.9210799007921215,5,0.0000,0.0000,0.0000,0.0009,0.0388,0.3681,0.2233,0.3681,0.0007,0.0000
medium/valid/048/442,6.053423689428974,7,0.0000,0.0000,0.0000,0.0003,0.0216,0.3381,0.2050,0.4341,0.0008,0.0000
medium/valid/048/439,5.848983892056408,5,0.0000,0.0000,0.0000,0.0003,0.0276,0.4316,0.2039,0.3362,0.0003,0.0000
medium/valid/048/957,6.124794159468582,7,0.0000,0.0000,0.0000,0.0004,0.0298,0.2826,0.2201,0.4659,0.0012,0.0000
medium/valid/048/630,6.7286608333788065,7,0.0000,0.0000,0.0000,0.0000,0.0020,0.0651,0.1377,0.7927,0.0025,0.0000
medium/valid/048/341,5.791747602434464,5,0.0000,0.0000,0.0000,0.0013,0.0566,0.4182,0.1975,0.3257,0.0007,0.0000
medium/valid/048/874,5.782794272325664,5,0.0000,0.0000,0.0000,0.0010,0.0592,0.4376,0.1610,0.3408,0.0005,0.0000
medium/valid/049/485,6.800673306268965,7,0.0000,0.0000,0.0000,0.0000,0.0018,0.0418,0.1136,0.8393,0.0034,0.0000
medium/valid/049/751,6.521736656869543,7,0.0000,0.0000,0.0000,0.0001,0.0067,0.1530,0.1530,0.6858,0.0013,0.0000
medium/valid/049/953,6.427074411773957,7,0.0000,0.0000,0.0000,0.0002,0.0115,0.1797,0.1797,0.6273,0.0016,0.0000
medium/valid/049/726,6.228855215687734,7,0.0000,0.0000,0.0000,0.0003,0.0195,0.2377,0.2377,0.5032,0.0016,0.0000
medium/valid/049/10,6.577670742383905,7,0.0000,0.0000,0.0000,0.0001,0.0061,0.1234,0.1585,0.7101,0.0018,0.0000
medium/valid/049/6,5.018721710966785,5,0.0000,0.0000,0.0000,0.0047,0.1561,0.6997,0.0947,0.0447,0.0000,0.0000
medium/valid/049/477,6.149946084328332,7,0.0000,0.0000,0.0000,0.0002,0.0183,0.2861,0.2228,0.4717,0.0008,0.0000
medium/valid/049/868,6.725194937125881,7,0.0000,0.0000,0.0000,0.0000,0.0029,0.0651,0.1377,0.7926,0.0017,0.0000
medium/valid/049/985,6.517294016199049,7,0.0000,0.0000,0.0000,0.0001,0.0086,0.1527,0.1527,0.6842,0.0017,0.0000
medium/valid/049/815,4.924458720791568,5,0.0000,0.0000,0.0000,0.0098,0.1968,0.6868,0.0724,0.0342,0.0000,0.0000
medium/valid/049/505,5.385097380038531,5,0.0000,0.0000,0.0000,0.0034,0.0991,0.5704,0.1634,0.1634,0.0002,0.0000
medium/valid/049/510,5.942778837972459,5,0.0000,0.0000,0.0000,0.0004,0.0287,0.3492,0.2720,0.3492,0.0006,0.0000
medium/valid/049/753,6.7275133725225595,7,0.0000,0.0000,0.0000,0.0000,0.0025,0.0650,0.1376,0.7920,0.0029,0.0000
medium/valid/049/599,6.050099004637536,7,0.0000,0.0000,0.0000,0.0003,0.0204,0.3196,0.2489,0.4104,0.0005,0.0000
medium/valid/049/39,6.405911715274241,7,0.0000,0.0000,0.0000,0.0001,0.0109,0.1711,0.2197,0.5972,0.0010,0.0000
medium/valid/049/686,6.337416059280784,7,0.0000,0.0000,0.0000,0.0001,0.0118,0.2092,0.2092,0.5687,0.0010,0.0000
medium/valid/049/807,5.842988204846188,5,0.0000,0.0000,0.0000,0.0006,0.0332,0.4049,0.2456,0.3153,0.0004,0.0000
medium/valid/049/900,5.952131546295807,5,0.0000,0.0000,0.0000,0.0003,0.0239,0.3742,0.2269,0.3742,0.0005,0.0000
medium/valid/049/778,5.9386409024964095,5,0.0000,0.0000,0.0000,0.0003,0.0305,0.3717,0.2254,0.3717,0.0003,0.0000
medium/valid/049/100,6.251765879238124,7,0.0000,0.0000,0.0000,0.0002,0.0161,0.2521,0.1963,0.5337,0.0015,0.0000
medium/valid/049/992,6.72580902877202,7,0.0000,0.0000,0.0000,0.0000,0.0029,0.0650,0.1377,0.7922,0.0022,0.0000
medium/valid/049/90,5.561537726186588,5,0.0000,0.0000,0.0000,0.0018,0.0861,0.4955,0.1823,0.2341,0.0003,0.0000
medium/valid/049/577,6.433197631440353,7,0.0000,0.0000,0.0000,0.0001,0.0090,0.1802,0.1802,0.6291,0.0014,0.0000
medium/valid/049/140,5.741124501538015,5,0.0000,0.0000,0.0000,0.0007,0.0379,0.4622,0.2183,0.2803,0.0005,0.0000
medium/valid/049/822,6.548936179012942,7,0.0000,0.0000,0.0000,0.0001,0.0075,0.1179,0.1943,0.6783,0.0019,0.0000
medium/valid/049/307,6.33354981918005,7,0.0000,0.0000,0.0000,0.0002,0.0134,0.2089,0.2089,0.5678,0.0010,0.0000
