task,grid_seed,mean_difficulty,std_difficulty,grid_height,grid_width,grid_area,graph_num_free_cells,graph_num_wall_cells,graph_wall_fraction,graph_num_edges,graph_num_components,graph_largest_component_frac,graph_mean_degree,graph_min_degree,graph_max_degree,graph_num_deadends,graph_num_corridor_cells,graph_num_branch_cells,graph_diameter,graph_mean_pair_distance,graph_start_reachable_frac,graph_start_eccentricity,graph_num_markers,spectral_lambda_0,spectral_lambda_1,spectral_lambda_2,spectral_lambda_3,spectral_lambda_4,spectral_lambda_5,reward_pick_markers,reward_put_markers,reward_reach_goal,reward_visit_cells,reward_sparse,reward_crash_penalty_used,probe_move_20_reward,probe_move_20_crashed,probe_move_20_steps,probe_move_pick_10_reward,probe_move_pick_10_crashed,probe_move_pick_10_steps,probe_move_put_10_reward,probe_move_put_10_crashed,probe_move_put_10_steps,probe_turn_move_20_reward,probe_turn_move_20_crashed,probe_turn_move_20_steps,probe_while_front_move_reward,probe_while_front_move_crashed,probe_while_front_move_steps,probe_while_front_move_pick_reward,probe_while_front_move_pick_crashed,probe_while_front_move_pick_steps,probe_zigzag_reward,probe_zigzag_crashed,probe_zigzag_steps,probe_zigzag_right_reward,probe_zigzag_right_crashed,probe_zigzag_right_steps,probe_pick_20_reward,probe_pick_20_crashed,probe_pick_20_steps,probe_put_20_reward,probe_put_20_crashed,probe_put_20_steps,random_mean_reward,random_max_reward,random_median_reward,random_std_reward,random_pct_positive,random_pct_perfect,random_crash_rate,best_probe_reward,any_probe_positive,trunc_search_difficulty
TopOff,0,0.6944444444444443,0.3390709893259362,12.0,12.0,144.0,100.0,44.0,0.3055555555555556,180.0,1.0,1.0,3.6,2.0,4.0,0.0,4.0,96.0,18.0,6.6,1.0,18.0,6.0,-1.3212981885116265e-15,0.0285980083204878,0.0285980083204892,0.0603073792140898,0.1104765839901533,0.1104765839901534,0.0,1.0,0.0,0.0,0.0,1.0,0.0,0.0,20.0,-1.0,0.0,4.0,-1.0,0.0,2.0,0.0,0.0,40.0,0.0,0.0,9.0,-1.0,0.0,4.0,0.0,0.0,40.0,0.0,0.0,41.0,0.0,0.0,20.0,-1.0,0.0,1.0,-0.23,0.0,0.0,0.4121623196967158,0.0,0.0,0.0,0.0,0.0,1.0
TopOff,1,0.5833333333333334,0.4930066485916347,12.0,12.0,144.0,100.0,44.0,0.3055555555555556,180.0,1.0,1.0,3.6,2.0,4.0,0.0,4.0,96.0,18.0,6.6,1.0,18.0,1.0,-1.3212981885116265e-15,0.0285980083204878,0.0285980083204892,0.0603073792140898,0.1104765839901533,0.1104765839901534,0.0,1.0,0.0,0.0,0.0,1.0,0.0,0.0,20.0,-1.0,0.0,18.0,-1.0,0.0,2.0,0.0,0.0,40.0,0.0,0.0,9.0,-1.0,0.0,18.0,0.0,0.0,40.0,0.0,0.0,41.0,0.0,0.0,20.0,-1.0,0.0,1.0,-0.18,0.0,0.0,0.38418745424597095,0.0,0.0,0.0,0.0,0.0,1.0
TopOff,2,0.8611111111111112,0.2873355675774611,12.0,12.0,144.0,100.0,44.0,0.3055555555555556,180.0,1.0,1.0,3.6,2.0,4.0,0.0,4.0,96.0,18.0,6.6,1.0,18.0,3.0,-1.3212981885116265e-15,0.0285980083204878,0.0285980083204892,0.0603073792140898,0.1104765839901533,0.1104765839901534,0.0,1.0,0.0,0.0,0.0,1.0,0.0,0.0,20.0,-1.0,0.0,4.0,-1.0,0.0,2.0,0.0,0.0,40.0,0.0,0.0,9.0,-1.0,0.0,4.0,0.0,0.0,40.0,0.0,0.0,41.0,0.0,0.0,20.0,-1.0,0.0,1.0,-0.22,0.0,0.0,0.41424630354415964,0.0,0.0,0.0,0.0,0.0,1.0
TopOff,3,0.8958333333333334,0.1600238697472626,12.0,12.0,144.0,100.0,44.0,0.3055555555555556,180.0,1.0,1.0,3.6,2.0,4.0,0.0,4.0,96.0,18.0,6.6,1.0,18.0,4.0,-1.3212981885116265e-15,0.0285980083204878,0.0285980083204892,0.0603073792140898,0.1104765839901533,0.1104765839901534,0.0,1.0,0.0,0.0,0.0,1.0,0.0,0.0,20.0,-1.0,0.0,6.0,-1.0,0.0,2.0,0.0,0.0,40.0,0.0,0.0,9.0,-1.0,0.0,6.0,0.0,0.0,40.0,0.0,0.0,41.0,0.0,0.0,20.0,-1.0,0.0,1.0,-0.2,0.0,0.0,0.4,0.0,0.0,0.0,0.0,0.0,1.0
TopOff,4,0.9166666666666666,0.0986013297183269,12.0,12.0,144.0,100.0,44.0,0.3055555555555556,180.0,1.0,1.0,3.6,2.0,4.0,0.0,4.0,96.0,18.0,6.6,1.0,18.0,5.0,-1.3212981885116265e-15,0.0285980083204878,0.0285980083204892,0.0603073792140898,0.1104765839901533,0.1104765839901534,0.0,1.0,0.0,0.0,0.0,1.0,0.0,0.0,20.0,-1.0,0.0,6.0,-1.0,0.0,2.0,0.0,0.0,40.0,0.0,0.0,9.0,-1.0,0.0,6.0,0.0,0.0,40.0,0.0,0.0,41.0,0.0,0.0,20.0,-1.0,0.0,1.0,-0.22,0.0,0.0,0.41424630354415964,0.0,0.0,0.0,0.0,0.0,1.0
TopOff,5,0.5952380952380953,0.3587266469837942,12.0,12.0,144.0,100.0,44.0,0.3055555555555556,180.0,1.0,1.0,3.6,2.0,4.0,0.0,4.0,96.0,18.0,6.6,1.0,18.0,7.0,-1.3212981885116265e-15,0.0285980083204878,0.0285980083204892,0.0603073792140898,0.1104765839901533,0.1104765839901534,0.0,1.0,0.0,0.0,0.0,1.0,0.0,0.0,20.0,-1.0,0.0,2.0,-0.5714285714285714,0.0,8.0,0.0,0.0,40.0,0.0,0.0,9.0,-1.0,0.0,2.0,0.0,0.0,40.0,0.0,0.0,41.0,0.0,0.0,20.0,-1.0,0.0,1.0,-0.13714285714285715,0.14285714285714285,0.0,0.34871191548325386,0.02,0.0,0.0,0.0,0.0,0.8571428571428572
TopOff,6,0.5416666666666666,0.2465033242958173,12.0,12.0,144.0,100.0,44.0,0.3055555555555556,180.0,1.0,1.0,3.6,2.0,4.0,0.0,4.0,96.0,18.0,6.6,1.0,18.0,2.0,-1.3212981885116265e-15,0.0285980083204878,0.0285980083204892,0.0603073792140898,0.1104765839901533,0.1104765839901534,0.0,1.0,0.0,0.0,0.0,1.0,0.0,0.0,20.0,-1.0,0.0,4.0,-1.0,0.0,2.0,0.0,0.0,40.0,0.0,0.0,9.0,-1.0,0.0,4.0,0.0,0.0,40.0,0.0,0.0,41.0,0.0,0.0,20.0,-1.0,0.0,1.0,-0.12,0.0,0.0,0.32496153618543844,0.0,0.0,0.0,0.0,0.0,1.0
TopOff,7,0.8452380952380953,0.1362562278840428,12.0,12.0,144.0,100.0,44.0,0.3055555555555556,180.0,1.0,1.0,3.6,2.0,4.0,0.0,4.0,96.0,18.0,6.6,1.0,18.0,7.0,-1.3212981885116265e-15,0.0285980083204878,0.0285980083204892,0.0603073792140898,0.1104765839901533,0.1104765839901534,0.0,1.0,0.0,0.0,0.0,1.0,0.0,0.0,20.0,-1.0,0.0,2.0,-0.8571428571428572,0.0,4.0,0.0,0.0,40.0,0.0,0.0,9.0,-1.0,0.0,2.0,0.0,0.0,40.0,0.0,0.0,41.0,0.0,0.0,20.0,-1.0,0.0,1.0,-0.2,0.0,0.0,0.4,0.0,0.0,0.0,0.0,0.0,1.0
TopOff,8,0.75,0.4330127018922193,12.0,12.0,144.0,100.0,44.0,0.3055555555555556,180.0,1.0,1.0,3.6,2.0,4.0,0.0,4.0,96.0,18.0,6.6,1.0,18.0,1.0,-1.3212981885116265e-15,0.0285980083204878,0.0285980083204892,0.0603073792140898,0.1104765839901533,0.1104765839901534,0.0,1.0,0.0,0.0,0.0,1.0,0.0,0.0,20.0,-1.0,0.0,16.0,-1.0,0.0,2.0,0.0,0.0,40.0,0.0,0.0,9.0,-1.0,0.0,16.0,0.0,0.0,40.0,0.0,0.0,41.0,0.0,0.0,20.0,-1.0,0.0,1.0,-0.22,0.0,0.0,0.41424630354415964,0.0,0.0,0.0,0.0,0.0,1.0
TopOff,9,0.3333333333333333,0.4714045207910317,12.0,12.0,144.0,100.0,44.0,0.3055555555555556,180.0,1.0,1.0,3.6,2.0,4.0,0.0,4.0,96.0,18.0,6.6,1.0,18.0,1.0,-1.3212981885116265e-15,0.0285980083204878,0.0285980083204892,0.0603073792140898,0.1104765839901533,0.1104765839901534,0.0,1.0,0.0,0.0,0.0,1.0,0.0,0.0,20.0,-1.0,0.0,18.0,-1.0,0.0,2.0,0.0,0.0,40.0,0.0,0.0,9.0,-1.0,0.0,18.0,0.0,0.0,40.0,0.0,0.0,41.0,0.0,0.0,20.0,-1.0,0.0,1.0,-0.14,0.0,0.0,0.34698703145794946,0.0,0.0,0.0,0.0,0.0,1.0
TopOff,10,0.3333333333333333,0.4714045207910317,12.0,12.0,144.0,100.0,44.0,0.3055555555555556,180.0,1.0,1.0,3.6,2.0,4.0,0.0,4.0,96.0,18.0,6.6,1.0,18.0,1.0,-1.3212981885116265e-15,0.0285980083204878,0.0285980083204892,0.0603073792140898,0.1104765839901533,0.1104765839901534,0.0,1.0,0.0,0.0,0.0,1.0,0.0,0.0,20.0,-1.0,0.0,18.0,-1.0,0.0,2.0,0.0,0.0,40.0,0.0,0.0,9.0,-1.0,0.0,18.0,0.0,0.0,40.0,0.0,0.0,41.0,0.0,0.0,20.0,-1.0,0.0,1.0,-0.04,0.0,0.0,0.19595917942265428,0.0,0.0,0.0,0.0,0.0,1.0
TopOff,11,0.6944444444444443,0.358967999536669,12.0,12.0,144.0,100.0,44.0,0.3055555555555556,180.0,1.0,1.0,3.6,2.0,4.0,0.0,4.0,96.0,18.0,6.6,1.0,18.0,6.0,-1.3212981885116265e-15,0.0285980083204878,0.0285980083204892,0.0603073792140898,0.1104765839901533,0.1104765839901534,0.0,1.0,0.0,0.0,0.0,1.0,0.0,0.0,20.0,-1.0,0.0,6.0,-1.0,0.0,2.0,0.0,0.0,40.0,0.0,0.0,9.0,-1.0,0.0,6.0,0.0,0.0,40.0,0.0,0.0,41.0,0.0,0.0,20.0,-1.0,0.0,1.0,-0.12,0.0,0.0,0.3249615361854384,0.0,0.0,0.0,0.0,0.0,1.0
TopOff,12,0.6904761904761907,0.2661985687499749,12.0,12.0,144.0,100.0,44.0,0.3055555555555556,180.0,1.0,1.0,3.6,2.0,4.0,0.0,4.0,96.0,18.0,6.6,1.0,18.0,7.0,-1.3212981885116265e-15,0.0285980083204878,0.0285980083204892,0.0603073792140898,0.1104765839901533,0.1104765839901534,0.0,1.0,0.0,0.0,0.0,1.0,0.0,0.0,20.0,-1.0,0.0,2.0,-0.2857142857142858,0.0,12.0,0.0,0.0,40.0,0.0,0.0,9.0,-1.0,0.0,2.0,0.0,0.0,40.0,0.0,0.0,41.0,0.0,0.0,20.0,-1.0,0.0,1.0,-0.16857142857142857,0.14285714285714285,0.0,0.3699862104435344,0.02,0.0,0.0,0.0,0.0,1.0
TopOff,13,0.9166666666666666,0.1443375672974064,12.0,12.0,144.0,100.0,44.0,0.3055555555555556,180.0,1.0,1.0,3.6,2.0,4.0,0.0,4.0,96.0,18.0,6.6,1.0,18.0,3.0,-1.3212981885116265e-15,0.0285980083204878,0.0285980083204892,0.0603073792140898,0.1104765839901533,0.1104765839901534,0.0,1.0,0.0,0.0,0.0,1.0,0.0,0.0,20.0,-1.0,0.0,4.0,-1.0,0.0,2.0,0.0,0.0,40.0,0.0,0.0,9.0,-1.0,0.0,4.0,0.0,0.0,40.0,0.0,0.0,41.0,0.0,0.0,20.0,-1.0,0.0,1.0,-0.09333333333333334,0.3333333333333333,0.0,0.30579586509812573,0.02,0.0,0.0,0.0,0.0,1.0
TopOff,14,0.5416666666666666,0.3672028907333968,12.0,12.0,144.0,100.0,44.0,0.3055555555555556,180.0,1.0,1.0,3.6,2.0,4.0,0.0,4.0,96.0,18.0,6.6,1.0,18.0,6.0,-1.3212981885116265e-15,0.0285980083204878,0.0285980083204892,0.0603073792140898,0.1104765839901533,0.1104765839901534,0.0,1.0,0.0,0.0,0.0,1.0,0.0,0.0,20.0,-1.0,0.0,2.0,-0.33333333333333337,0.0,10.0,0.0,0.0,40.0,0.0,0.0,9.0,-1.0,0.0,2.0,0.0,0.0,40.0,0.0,0.0,41.0,0.0,0.0,20.0,-1.0,0.0,1.0,-0.2366666666666667,0.16666666666666666,0.0,0.42958636436046765,0.02,0.0,0.0,0.0,0.0,1.0
TopOff,15,0.5208333333333334,0.4443901876604488,12.0,12.0,144.0,100.0,44.0,0.3055555555555556,180.0,1.0,1.0,3.6,2.0,4.0,0.0,4.0,96.0,18.0,6.6,1.0,18.0,8.0,-1.3212981885116265e-15,0.0285980083204878,0.0285980083204892,0.0603073792140898,0.1104765839901533,0.1104765839901534,0.0,1.0,0.0,0.0,0.0,1.0,0.0,0.0,20.0,-1.0,0.0,2.0,1.0,0.0,16.0,0.0,0.0,40.0,0.0,0.0,9.0,-1.0,0.0,2.0,0.0,0.0,40.0,0.0,0.0,41.0,0.0,0.0,20.0,-1.0,0.0,1.0,-0.215,0.0,0.0,0.4054626986542658,0.0,0.0,0.0,1.0,1.0,1.0
TopOff,16,0.7738095238095241,0.2505662521410617,12.0,12.0,144.0,100.0,44.0,0.3055555555555556,180.0,1.0,1.0,3.6,2.0,4.0,0.0,4.0,96.0,18.0,6.6,1.0,18.0,7.0,-1.3212981885116265e-15,0.0285980083204878,0.0285980083204892,0.0603073792140898,0.1104765839901533,0.1104765839901534,0.0,1.0,0.0,0.0,0.0,1.0,0.0,0.0,20.0,-1.0,0.0,2.0,-0.8571428571428572,0.0,4.0,0.0,0.0,40.0,0.0,0.0,9.0,-1.0,0.0,2.0,0.0,0.0,40.0,0.0,0.0,41.0,0.0,0.0,20.0,-1.0,0.0,1.0,-0.17714285714285716,0.0,0.0,0.3785687331440431,0.0,0.0,0.0,0.0,0.0,1.0
TopOff,17,0.6666666666666666,0.3299831645537222,12.0,12.0,144.0,100.0,44.0,0.3055555555555556,180.0,1.0,1.0,3.6,2.0,4.0,0.0,4.0,96.0,18.0,6.6,1.0,18.0,5.0,-1.3212981885116265e-15,0.0285980083204878,0.0285980083204892,0.0603073792140898,0.1104765839901533,0.1104765839901534,0.0,1.0,0.0,0.0,0.0,1.0,0.0,0.0,20.0,-1.0,0.0,2.0,-0.8,0.0,4.0,0.0,0.0,40.0,0.0,0.0,9.0,-1.0,0.0,2.0,0.0,0.0,40.0,0.0,0.0,41.0,0.0,0.0,20.0,-1.0,0.0,1.0,-0.14,0.0,0.0,0.3469870314579494,0.0,0.0,0.0,0.0,0.0,1.0
TopOff,18,0.9166666666666666,0.1443375672974064,12.0,12.0,144.0,100.0,44.0,0.3055555555555556,180.0,1.0,1.0,3.6,2.0,4.0,0.0,4.0,96.0,18.0,6.6,1.0,18.0,3.0,-1.3212981885116265e-15,0.0285980083204878,0.0285980083204892,0.0603073792140898,0.1104765839901533,0.1104765839901534,0.0,1.0,0.0,0.0,0.0,1.0,0.0,0.0,20.0,-1.0,0.0,14.0,-1.0,0.0,2.0,0.0,0.0,40.0,0.0,0.0,9.0,-1.0,0.0,14.0,0.0,0.0,40.0,0.0,0.0,41.0,0.0,0.0,20.0,-1.0,0.0,1.0,-0.1,0.0,0.0,0.3,0.0,0.0,0.0,0.0,0.0,1.0
TopOff,19,0.7976190476190478,0.2505662521410617,12.0,12.0,144.0,100.0,44.0,0.3055555555555556,180.0,1.0,1.0,3.6,2.0,4.0,0.0,4.0,96.0,18.0,6.6,1.0,18.0,7.0,-1.3212981885116265e-15,0.0285980083204878,0.0285980083204892,0.0603073792140898,0.1104765839901533,0.1104765839901534,0.0,1.0,0.0,0.0,0.0,1.0,0.0,0.0,20.0,-1.0,0.0,2.0,-0.7142857142857143,0.0,6.0,0.0,0.0,40.0,0.0,0.0,9.0,-1.0,0.0,2.0,0.0,0.0,40.0,0.0,0.0,41.0,0.0,0.0,20.0,-1.0,0.0,1.0,-0.2,0.0,0.0,0.4,0.0,0.0,0.0,0.0,0.0,1.0
TopOff,20,0.8888888888888888,0.1571348402636772,12.0,12.0,144.0,100.0,44.0,0.3055555555555556,180.0,1.0,1.0,3.6,2.0,4.0,0.0,4.0,96.0,18.0,6.6,1.0,18.0,3.0,-1.3212981885116265e-15,0.0285980083204878,0.0285980083204892,0.0603073792140898,0.1104765839901533,0.1104765839901534,0.0,1.0,0.0,0.0,0.0,1.0,0.0,0.0,20.0,-1.0,0.0,12.0,-1.0,0.0,2.0,0.0,0.0,40.0,0.0,0.0,9.0,-1.0,0.0,12.0,0.0,0.0,40.0,0.0,0.0,41.0,0.0,0.0,20.0,-1.0,0.0,1.0,-0.18,0.0,0.0,0.3841874542459709,0.0,0.0,0.0,0.0,0.0,1.0
TopOff,21,0.5416666666666666,0.4630439743936014,12.0,12.0,144.0,100.0,44.0,0.3055555555555556,180.0,1.0,1.0,3.6,2.0,4.0,0.0,4.0,96.0,18.0,6.6,1.0,18.0,8.0,-1.3212981885116265e-15,0.0285980083204878,0.0285980083204892,0.0603073792140898,0.1104765839901533,0.1104765839901534,0.0,1.0,0.0,0.0,0.0,1.0,0.0,0.0,20.0,-1.0,0.0,2.0,1.0,0.0,16.0,0.0,0.0,40.0,0.0,0.0,9.0,-1.0,0.0,2.0,0.0,0.0,40.0,0.0,0.0,41.0,0.0,0.0,20.0,-1.0,0.0,1.0,-0.1175,0.125,0.0,0.32635295310445717,0.02,0.0,0.0,1.0,1.0,1.0
TopOff,22,0.7500000000000001,0.1443375672974064,12.0,12.0,144.0,100.0,44.0,0.3055555555555556,180.0,1.0,1.0,3.6,2.0,4.0,0.0,4.0,96.0,18.0,6.6,1.0,18.0,5.0,-1.3212981885116265e-15,0.0285980083204878,0.0285980083204892,0.0603073792140898,0.1104765839901533,0.1104765839901534,0.0,1.0,0.0,0.0,0.0,1.0,0.0,0.0,20.0,-1.0,0.0,4.0,-1.0,0.0,2.0,0.0,0.0,40.0,0.0,0.0,9.0,-1.0,0.0,4.0,0.0,0.0,40.0,0.0,0.0,41.0,0.0,0.0,20.0,-1.0,0.0,1.0,-0.16,0.2,0.0,0.3730951621235526,0.04,0.0,0.0,0.0,0.0,1.0
TopOff,23,0.9166666666666666,0.1559023911155808,12.0,12.0,144.0,100.0,44.0,0.3055555555555556,180.0,1.0,1.0,3.6,2.0,4.0,0.0,4.0,96.0,18.0,6.6,1.0,18.0,4.0,-1.3212981885116265e-15,0.0285980083204878,0.0285980083204892,0.0603073792140898,0.1104765839901533,0.1104765839901534,0.0,1.0,0.0,0.0,0.0,1.0,0.0,0.0,20.0,-1.0,0.0,6.0,-1.0,0.0,2.0,0.0,0.0,40.0,0.0,0.0,9.0,-1.0,0.0,6.0,0.0,0.0,40.0,0.0,0.0,41.0,0.0,0.0,20.0,-1.0,0.0,1.0,-0.18,0.0,0.0,0.38418745424597095,0.0,0.0,0.0,0.0,0.0,1.0
TopOff,24,0.6875,0.3404194716326706,12.0,12.0,144.0,100.0,44.0,0.3055555555555556,180.0,1.0,1.0,3.6,2.0,4.0,0.0,4.0,96.0,18.0,6.6,1.0,18.0,8.0,-1.3212981885116265e-15,0.0285980083204878,0.0285980083204892,0.0603073792140898,0.1104765839901533,0.1104765839901534,0.0,1.0,0.0,0.0,0.0,1.0,0.0,0.0,20.0,-1.0,0.0,2.0,-0.75,0.0,6.0,0.0,0.0,40.0,0.0,0.0,9.0,-1.0,0.0,2.0,0.0,0.0,40.0,0.0,0.0,41.0,0.0,0.0,20.0,-1.0,0.0,1.0,-0.19,0.125,0.0,0.3946834174373178,0.04,0.0,0.0,0.0,0.0,1.0
TopOff,25,0.7999999999999999,0.1414213562373095,12.0,12.0,144.0,100.0,44.0,0.3055555555555556,180.0,1.0,1.0,3.6,2.0,4.0,0.0,4.0,96.0,18.0,6.6,1.0,18.0,5.0,-1.3212981885116265e-15,0.0285980083204878,0.0285980083204892,0.0603073792140898,0.1104765839901533,0.1104765839901534,0.0,1.0,0.0,0.0,0.0,1.0,0.0,0.0,20.0,-1.0,0.0,2.0,-0.6,0.0,6.0,0.0,0.0,40.0,0.0,0.0,9.0,-1.0,0.0,2.0,0.0,0.0,40.0,0.0,0.0,41.0,0.0,0.0,20.0,-1.0,0.0,1.0,-0.128,0.2,0.0,0.3435345688573422,0.04,0.0,0.0,0.0,0.0,1.0
TopOff,26,0.8333333333333334,0.3726779962499649,12.0,12.0,144.0,100.0,44.0,0.3055555555555556,180.0,1.0,1.0,3.6,2.0,4.0,0.0,4.0,96.0,18.0,6.6,1.0,18.0,1.0,-1.3212981885116265e-15,0.0285980083204878,0.0285980083204892,0.0603073792140898,0.1104765839901533,0.1104765839901534,0.0,1.0,0.0,0.0,0.0,1.0,0.0,0.0,20.0,-1.0,0.0,8.0,-1.0,0.0,2.0,0.0,0.0,40.0,0.0,0.0,9.0,-1.0,0.0,8.0,0.0,0.0,40.0,0.0,0.0,41.0,0.0,0.0,20.0,-1.0,0.0,1.0,-0.16,0.0,0.0,0.36660605559646714,0.0,0.0,0.0,0.0,0.0,1.0
TopOff,27,0.75,0.3568120160740313,12.0,12.0,144.0,100.0,44.0,0.3055555555555556,180.0,1.0,1.0,3.6,2.0,4.0,0.0,4.0,96.0,18.0,6.6,1.0,18.0,6.0,-1.3212981885116265e-15,0.0285980083204878,0.0285980083204892,0.0603073792140898,0.1104765839901533,0.1104765839901534,0.0,1.0,0.0,0.0,0.0,1.0,0.0,0.0,20.0,-1.0,0.0,4.0,-1.0,0.0,2.0,0.0,0.0,40.0,0.0,0.0,9.0,-1.0,0.0,4.0,0.0,0.0,40.0,0.0,0.0,41.0,0.0,0.0,20.0,-1.0,0.0,1.0,-0.16,0.0,0.0,0.36660605559646714,0.0,0.0,0.0,0.0,0.0,1.0
TopOff,28,0.8541666666666666,0.3300620732865596,12.0,12.0,144.0,100.0,44.0,0.3055555555555556,180.0,1.0,1.0,3.6,2.0,4.0,0.0,4.0,96.0,18.0,6.6,1.0,18.0,4.0,-1.3212981885116265e-15,0.0285980083204878,0.0285980083204892,0.0603073792140898,0.1104765839901533,0.1104765839901534,0.0,1.0,0.0,0.0,0.0,1.0,0.0,0.0,20.0,-1.0,0.0,6.0,-1.0,0.0,2.0,0.0,0.0,40.0,0.0,0.0,9.0,-1.0,0.0,6.0,0.0,0.0,40.0,0.0,0.0,41.0,0.0,0.0,20.0,-1.0,0.0,1.0,-0.135,0.0,0.0,0.3361919094802848,0.0,0.0,0.0,0.0,0.0,1.0
TopOff,29,0.75,0.3227486121839514,12.0,12.0,144.0,100.0,44.0,0.3055555555555556,180.0,1.0,1.0,3.6,2.0,4.0,0.0,4.0,96.0,18.0,6.6,1.0,18.0,2.0,-1.3212981885116265e-15,0.0285980083204878,0.0285980083204892,0.0603073792140898,0.1104765839901533,0.1104765839901534,0.0,1.0,0.0,0.0,0.0,1.0,0.0,0.0,20.0,-1.0,0.0,4.0,-1.0,0.0,2.0,0.0,0.0,40.0,0.0,0.0,9.0,-1.0,0.0,4.0,0.0,0.0,40.0,0.0,0.0,41.0,0.0,0.0,20.0,-1.0,0.0,1.0,-0.24,0.0,0.0,0.4270831300812525,0.0,0.0,0.0,0.0,0.0,1.0
TopOff,30,0.3333333333333333,0.3584302194601094,12.0,12.0,144.0,100.0,44.0,0.3055555555555556,180.0,1.0,1.0,3.6,2.0,4.0,0.0,4.0,96.0,18.0,6.6,1.0,18.0,4.0,-1.3212981885116265e-15,0.0285980083204878,0.0285980083204892,0.0603073792140898,0.1104765839901533,0.1104765839901534,0.0,1.0,0.0,0.0,0.0,1.0,0.0,0.0,20.0,-1.0,0.0,2.0,1.0,0.0,8.0,0.0,0.0,40.0,0.0,0.0,9.0,-1.0,0.0,2.0,0.0,0.0,40.0,0.0,0.0,41.0,0.0,0.0,20.0,-1.0,0.0,1.0,-0.15,0.0,0.0,0.3464101615137754,0.0,0.0,0.0,1.0,1.0,1.0
TopOff,31,0.7976190476190476,0.213954770900136,12.0,12.0,144.0,100.0,44.0,0.3055555555555556,180.0,1.0,1.0,3.6,2.0,4.0,0.0,4.0,96.0,18.0,6.6,1.0,18.0,7.0,-1.3212981885116265e-15,0.0285980083204878,0.0285980083204892,0.0603073792140898,0.1104765839901533,0.1104765839901534,0.0,1.0,0.0,0.0,0.0,1.0,0.0,0.0,20.0,-1.0,0.0,2.0,-0.7142857142857143,0.0,6.0,0.0,0.0,40.0,0.0,0.0,9.0,-1.0,0.0,2.0,0.0,0.0,40.0,0.0,0.0,41.0,0.0,0.0,20.0,-1.0,0.0,1.0,-0.11714285714285716,0.0,0.0,0.31776001726370257,0.0,0.0,0.0,0.0,0.0,1.0
TopOff,32,0.738095238095238,0.1919585178166321,12.0,12.0,144.0,100.0,44.0,0.3055555555555556,180.0,1.0,1.0,3.6,2.0,4.0,0.0,4.0,96.0,18.0,6.6,1.0,18.0,7.0,-1.3212981885116265e-15,0.0285980083204878,0.0285980083204892,0.0603073792140898,0.1104765839901533,0.1104765839901534,0.0,1.0,0.0,0.0,0.0,1.0,0.0,0.0,20.0,-1.0,0.0,2.0,-0.5714285714285714,0.0,8.0,0.0,0.0,40.0,0.0,0.0,9.0,-1.0,0.0,2.0,0.0,0.0,40.0,0.0,0.0,41.0,0.0,0.0,20.0,-1.0,0.0,1.0,-0.17714285714285716,0.0,0.0,0.3785687331440431,0.0,0.0,0.0,0.0,0.0,1.0
TopOff,33,0.8095238095238096,0.1683587574253684,12.0,12.0,144.0,100.0,44.0,0.3055555555555556,180.0,1.0,1.0,3.6,2.0,4.0,0.0,4.0,96.0,18.0,6.6,1.0,18.0,7.0,-1.3212981885116265e-15,0.0285980083204878,0.0285980083204892,0.0603073792140898,0.1104765839901533,0.1104765839901534,0.0,1.0,0.0,0.0,0.0,1.0,0.0,0.0,20.0,-1.0,0.0,2.0,-0.4285714285714286,0.0,10.0,0.0,0.0,40.0,0.0,0.0,9.0,-1.0,0.0,2.0,0.0,0.0,40.0,0.0,0.0,41.0,0.0,0.0,20.0,-1.0,0.0,1.0,-0.21714285714285717,0.0,0.0,0.40931999357819937,0.0,0.0,0.0,0.0,0.0,1.0
TopOff,34,0.6666666666666666,0.3333333333333333,12.0,12.0,144.0,100.0,44.0,0.3055555555555556,180.0,1.0,1.0,3.6,2.0,4.0,0.0,4.0,96.0,18.0,6.6,1.0,18.0,3.0,-1.3212981885116265e-15,0.0285980083204878,0.0285980083204892,0.0603073792140898,0.1104765839901533,0.1104765839901534,0.0,1.0,0.0,0.0,0.0,1.0,0.0,0.0,20.0,-1.0,0.0,2.0,-0.6666666666666667,0.0,4.0,0.0,0.0,40.0,0.0,0.0,9.0,-1.0,0.0,2.0,0.0,0.0,40.0,0.0,0.0,41.0,0.0,0.0,20.0,-1.0,0.0,1.0,-0.14,0.0,0.0,0.3469870314579494,0.0,0.0,0.0,0.0,0.0,1.0
TopOff,35,0.875,0.2975595178559521,12.0,12.0,144.0,100.0,44.0,0.3055555555555556,180.0,1.0,1.0,3.6,2.0,4.0,0.0,4.0,96.0,18.0,6.6,1.0,18.0,2.0,-1.3212981885116265e-15,0.0285980083204878,0.0285980083204892,0.0603073792140898,0.1104765839901533,0.1104765839901534,0.0,1.0,0.0,0.0,0.0,1.0,0.0,0.0,20.0,-1.0,0.0,6.0,-1.0,0.0,2.0,0.0,0.0,40.0,0.0,0.0,9.0,-1.0,0.0,6.0,0.0,0.0,40.0,0.0,0.0,41.0,0.0,0.0,20.0,-1.0,0.0,1.0,-0.14,0.0,0.0,0.3469870314579494,0.0,0.0,0.0,0.0,0.0,1.0
TopOff,36,0.8333333333333334,0.3118047822311617,12.0,12.0,144.0,100.0,44.0,0.3055555555555556,180.0,1.0,1.0,3.6,2.0,4.0,0.0,4.0,96.0,18.0,6.6,1.0,18.0,2.0,-1.3212981885116265e-15,0.0285980083204878,0.0285980083204892,0.0603073792140898,0.1104765839901533,0.1104765839901534,0.0,1.0,0.0,0.0,0.0,1.0,0.0,0.0,20.0,-1.0,0.0,10.0,-1.0,0.0,2.0,0.0,0.0,40.0,0.0,0.0,9.0,-1.0,0.0,10.0,0.0,0.0,40.0,0.0,0.0,41.0,0.0,0.0,20.0,-1.0,0.0,1.0,-0.16,0.0,0.0,0.36660605559646714,0.0,0.0,0.0,0.0,0.0,1.0
TopOff,37,0.0,0.0,12.0,12.0,144.0,100.0,44.0,0.3055555555555556,180.0,1.0,1.0,3.6,2.0,4.0,0.0,4.0,96.0,18.0,6.6,1.0,18.0,1.0,-1.3212981885116265e-15,0.0285980083204878,0.0285980083204892,0.0603073792140898,0.1104765839901533,0.1104765839901534,0.0,1.0,0.0,0.0,0.0,1.0,0.0,0.0,20.0,-1.0,0.0,2.0,1.0,0.0,2.0,0.0,0.0,40.0,0.0,0.0,9.0,-1.0,0.0,2.0,0.0,0.0,40.0,0.0,0.0,41.0,0.0,0.0,20.0,-1.0,0.0,1.0,-0.18,1.0,0.0,0.4331281565541543,0.02,0.02,0.0,1.0,1.0,1.0
TopOff,38,0.53125,0.4022236370064129,12.0,12.0,144.0,100.0,44.0,0.3055555555555556,180.0,1.0,1.0,3.6,2.0,4.0,0.0,4.0,96.0,18.0,6.6,1.0,18.0,8.0,-1.3212981885116265e-15,0.0285980083204878,0.0285980083204892,0.0603073792140898,0.1104765839901533,0.1104765839901534,0.0,1.0,0.0,0.0,0.0,1.0,0.0,0.0,20.0,-1.0,0.0,2.0,-0.875,0.0,4.0,0.0,0.0,40.0,0.0,0.0,9.0,-1.0,0.0,2.0,0.0,0.0,40.0,0.0,0.0,41.0,0.0,0.0,20.0,-1.0,0.0,1.0,-0.235,0.125,0.0,0.42473521163190603,0.02,0.0,0.0,0.0,0.0,1.0
TopOff,39,0.7083333333333334,0.3359274061791062,12.0,12.0,144.0,100.0,44.0,0.3055555555555556,180.0,1.0,1.0,3.6,2.0,4.0,0.0,4.0,96.0,18.0,6.6,1.0,18.0,4.0,-1.3212981885116265e-15,0.0285980083204878,0.0285980083204892,0.0603073792140898,0.1104765839901533,0.1104765839901534,0.0,1.0,0.0,0.0,0.0,1.0,0.0,0.0,20.0,-1.0,0.0,4.0,-1.0,0.0,2.0,0.0,0.0,40.0,0.0,0.0,9.0,-1.0,0.0,4.0,0.0,0.0,40.0,0.0,0.0,41.0,0.0,0.0,20.0,-1.0,0.0,1.0,-0.12,0.0,0.0,0.32496153618543844,0.0,0.0,0.0,0.0,0.0,1.0
TopOff,40,0.7604166666666666,0.2363917857897962,12.0,12.0,144.0,100.0,44.0,0.3055555555555556,180.0,1.0,1.0,3.6,2.0,4.0,0.0,4.0,96.0,18.0,6.6,1.0,18.0,8.0,-1.3212981885116265e-15,0.0285980083204878,0.0285980083204892,0.0603073792140898,0.1104765839901533,0.1104765839901534,0.0,1.0,0.0,0.0,0.0,1.0,0.0,0.0,20.0,-1.0,0.0,2.0,-0.25,0.0,14.0,0.0,0.0,40.0,0.0,0.0,9.0,-1.0,0.0,2.0,0.0,0.0,40.0,0.0,0.0,41.0,0.0,0.0,20.0,-1.0,0.0,1.0,-0.1725,0.0,0.0,0.36902743800427634,0.0,0.0,0.0,0.0,0.0,1.0
TopOff,41,0.8194444444444445,0.1858206688924951,12.0,12.0,144.0,100.0,44.0,0.3055555555555556,180.0,1.0,1.0,3.6,2.0,4.0,0.0,4.0,96.0,18.0,6.6,1.0,18.0,6.0,-1.3212981885116265e-15,0.0285980083204878,0.0285980083204892,0.0603073792140898,0.1104765839901533,0.1104765839901534,0.0,1.0,0.0,0.0,0.0,1.0,0.0,0.0,20.0,-1.0,0.0,4.0,-1.0,0.0,2.0,0.0,0.0,40.0,0.0,0.0,9.0,-1.0,0.0,4.0,0.0,0.0,40.0,0.0,0.0,41.0,0.0,0.0,20.0,-1.0,0.0,1.0,-0.14,0.0,0.0,0.3469870314579494,0.0,0.0,0.0,0.0,0.0,1.0
TopOff,42,0.8611111111111112,0.2873355675774611,12.0,12.0,144.0,100.0,44.0,0.3055555555555556,180.0,1.0,1.0,3.6,2.0,4.0,0.0,4.0,96.0,18.0,6.6,1.0,18.0,3.0,-1.3212981885116265e-15,0.0285980083204878,0.0285980083204892,0.0603073792140898,0.1104765839901533,0.1104765839901534,0.0,1.0,0.0,0.0,0.0,1.0,0.0,0.0,20.0,-1.0,0.0,4.0,-1.0,0.0,2.0,0.0,0.0,40.0,0.0,0.0,9.0,-1.0,0.0,4.0,0.0,0.0,40.0,0.0,0.0,41.0,0.0,0.0,20.0,-1.0,0.0,1.0,-0.16,0.0,0.0,0.36660605559646714,0.0,0.0,0.0,0.0,0.0,1.0
TopOff,43,0.8541666666666666,0.2787310033387428,12.0,12.0,144.0,100.0,44.0,0.3055555555555556,180.0,1.0,1.0,3.6,2.0,4.0,0.0,4.0,96.0,18.0,6.6,1.0,18.0,4.0,-1.3212981885116265e-15,0.0285980083204878,0.0285980083204892,0.0603073792140898,0.1104765839901533,0.1104765839901534,0.0,1.0,0.0,0.0,0.0,1.0,0.0,0.0,20.0,-1.0,0.0,8.0,-1.0,0.0,2.0,0.0,0.0,40.0,0.0,0.0,9.0,-1.0,0.0,8.0,0.0,0.0,40.0,0.0,0.0,41.0,0.0,0.0,20.0,-1.0,0.0,1.0,-0.14,0.0,0.0,0.34698703145794946,0.0,0.0,0.0,0.0,0.0,1.0
TopOff,44,0.6666666666666666,0.3118047822311617,12.0,12.0,144.0,100.0,44.0,0.3055555555555556,180.0,1.0,1.0,3.6,2.0,4.0,0.0,4.0,96.0,18.0,6.6,1.0,18.0,4.0,-1.3212981885116265e-15,0.0285980083204878,0.0285980083204892,0.0603073792140898,0.1104765839901533,0.1104765839901534,0.0,1.0,0.0,0.0,0.0,1.0,0.0,0.0,20.0,-1.0,0.0,2.0,-0.75,0.0,4.0,0.0,0.0,40.0,0.0,0.0,9.0,-1.0,0.0,2.0,0.0,0.0,40.0,0.0,0.0,41.0,0.0,0.0,20.0,-1.0,0.0,1.0,-0.215,0.25,0.0,0.41835989291517894,0.02,0.0,0.0,0.0,0.0,1.0
TopOff,45,0.7708333333333334,0.1965412735845125,12.0,12.0,144.0,100.0,44.0,0.3055555555555556,180.0,1.0,1.0,3.6,2.0,4.0,0.0,4.0,96.0,18.0,6.6,1.0,18.0,8.0,-1.3212981885116265e-15,0.0285980083204878,0.0285980083204892,0.0603073792140898,0.1104765839901533,0.1104765839901534,0.0,1.0,0.0,0.0,0.0,1.0,0.0,0.0,20.0,-1.0,0.0,2.0,-0.625,0.0,8.0,0.0,0.0,40.0,0.0,0.0,9.0,-1.0,0.0,2.0,0.0,0.0,40.0,0.0,0.0,41.0,0.0,0.0,20.0,-1.0,0.0,1.0,-0.2125,0.125,0.0,0.4132568813704135,0.04,0.0,0.0,0.0,0.0,1.0
TopOff,46,0.9166666666666666,0.1178511301977579,12.0,12.0,144.0,100.0,44.0,0.3055555555555556,180.0,1.0,1.0,3.6,2.0,4.0,0.0,4.0,96.0,18.0,6.6,1.0,18.0,4.0,-1.3212981885116265e-15,0.0285980083204878,0.0285980083204892,0.0603073792140898,0.1104765839901533,0.1104765839901534,0.0,1.0,0.0,0.0,0.0,1.0,0.0,0.0,20.0,-1.0,0.0,4.0,-1.0,0.0,2.0,0.0,0.0,40.0,0.0,0.0,9.0,-1.0,0.0,4.0,0.0,0.0,40.0,0.0,0.0,41.0,0.0,0.0,20.0,-1.0,0.0,1.0,-0.2,0.0,0.0,0.4,0.0,0.0,0.0,0.0,0.0,1.0
TopOff,47,0.7083333333333334,0.3076004804215291,12.0,12.0,144.0,100.0,44.0,0.3055555555555556,180.0,1.0,1.0,3.6,2.0,4.0,0.0,4.0,96.0,18.0,6.6,1.0,18.0,8.0,-1.3212981885116265e-15,0.0285980083204878,0.0285980083204892,0.0603073792140898,0.1104765839901533,0.1104765839901534,0.0,1.0,0.0,0.0,0.0,1.0,0.0,0.0,20.0,-1.0,0.0,2.0,-0.125,0.0,16.0,0.0,0.0,40.0,0.0,0.0,9.0,-1.0,0.0,2.0,0.0,0.0,40.0,0.0,0.0,41.0,0.0,0.0,20.0,-1.0,0.0,1.0,-0.17,0.125,0.0,0.3714498620271651,0.02,0.0,0.0,0.0,0.0,1.0
TopOff,48,0.8690476190476192,0.1592748590507101,12.0,12.0,144.0,100.0,44.0,0.3055555555555556,180.0,1.0,1.0,3.6,2.0,4.0,0.0,4.0,96.0,18.0,6.6,1.0,18.0,7.0,-1.3212981885116265e-15,0.0285980083204878,0.0285980083204892,0.0603073792140898,0.1104765839901533,0.1104765839901534,0.0,1.0,0.0,0.0,0.0,1.0,0.0,0.0,20.0,-1.0,0.0,4.0,-1.0,0.0,2.0,0.0,0.0,40.0,0.0,0.0,9.0,-1.0,0.0,4.0,0.0,0.0,40.0,0.0,0.0,41.0,0.0,0.0,20.0,-1.0,0.0,1.0,-0.21714285714285717,0.0,0.0,0.4093199935781993,0.0,0.0,0.0,0.0,0.0,1.0
TopOff,49,0.7976190476190476,0.2217611429785375,12.0,12.0,144.0,100.0,44.0,0.3055555555555556,180.0,1.0,1.0,3.6,2.0,4.0,0.0,4.0,96.0,18.0,6.6,1.0,18.0,7.0,-1.3212981885116265e-15,0.0285980083204878,0.0285980083204892,0.0603073792140898,0.1104765839901533,0.1104765839901534,0.0,1.0,0.0,0.0,0.0,1.0,0.0,0.0,20.0,-1.0,0.0,2.0,-0.2857142857142858,0.0,12.0,0.0,0.0,40.0,0.0,0.0,9.0,-1.0,0.0,2.0,0.0,0.0,40.0,0.0,0.0,41.0,0.0,0.0,20.0,-1.0,0.0,1.0,-0.1542857142857143,0.14285714285714285,0.0,0.37015165121603755,0.04,0.0,0.0,0.0,0.0,1.0
TopOff,50,0.7361111111111112,0.292327294164572,12.0,12.0,144.0,100.0,44.0,0.3055555555555556,180.0,1.0,1.0,3.6,2.0,4.0,0.0,4.0,96.0,18.0,6.6,1.0,18.0,6.0,-1.3212981885116265e-15,0.0285980083204878,0.0285980083204892,0.0603073792140898,0.1104765839901533,0.1104765839901534,0.0,1.0,0.0,0.0,0.0,1.0,0.0,0.0,20.0,-1.0,0.0,4.0,-1.0,0.0,2.0,0.0,0.0,40.0,0.0,0.0,9.0,-1.0,0.0,4.0,0.0,0.0,40.0,0.0,0.0,41.0,0.0,0.0,20.0,-1.0,0.0,1.0,-0.28,0.0,0.0,0.44899888641287294,0.0,0.0,0.0,0.0,0.0,1.0
TopOff,51,0.875,0.2165063509461096,12.0,12.0,144.0,100.0,44.0,0.3055555555555556,180.0,1.0,1.0,3.6,2.0,4.0,0.0,4.0,96.0,18.0,6.6,1.0,18.0,2.0,-1.3212981885116265e-15,0.0285980083204878,0.0285980083204892,0.0603073792140898,0.1104765839901533,0.1104765839901534,0.0,1.0,0.0,0.0,0.0,1.0,0.0,0.0,20.0,-1.0,0.0,8.0,-1.0,0.0,2.0,0.0,0.0,40.0,0.0,0.0,9.0,-1.0,0.0,8.0,0.0,0.0,40.0,0.0,0.0,41.0,0.0,0.0,20.0,-1.0,0.0,1.0,-0.14,0.0,0.0,0.3469870314579494,0.0,0.0,0.0,0.0,0.0,1.0
TopOff,52,0.3055555555555556,0.3458305443885759,12.0,12.0,144.0,100.0,44.0,0.3055555555555556,180.0,1.0,1.0,3.6,2.0,4.0,0.0,4.0,96.0,18.0,6.6,1.0,18.0,3.0,-1.3212981885116265e-15,0.0285980083204878,0.0285980083204892,0.0603073792140898,0.1104765839901533,0.1104765839901534,0.0,1.0,0.0,0.0,0.0,1.0,0.0,0.0,20.0,-1.0,0.0,2.0,1.0,0.0,6.0,0.0,0.0,40.0,0.0,0.0,9.0,-1.0,0.0,2.0,0.0,0.0,40.0,0.0,0.0,41.0,0.0,0.0,20.0,-1.0,0.0,1.0,-0.13333333333333333,0.3333333333333333,0.0,0.35276684147527876,0.02,0.0,0.0,1.0,1.0,1.0
TopOff,53,0.0555555555555555,0.1842569327975222,12.0,12.0,144.0,100.0,44.0,0.3055555555555556,180.0,1.0,1.0,3.6,2.0,4.0,0.0,4.0,96.0,18.0,6.6,1.0,18.0,3.0,-1.3212981885116265e-15,0.0285980083204878,0.0285980083204892,0.0603073792140898,0.1104765839901533,0.1104765839901534,0.0,1.0,0.0,0.0,0.0,1.0,0.0,0.0,20.0,-1.0,0.0,2.0,1.0,0.0,6.0,0.0,0.0,40.0,0.0,0.0,9.0,-1.0,0.0,2.0,0.0,0.0,40.0,0.0,0.0,41.0,0.0,0.0,20.0,-1.0,0.0,1.0,-0.10666666666666667,0.3333333333333333,0.0,0.31580584752872026,0.02,0.0,0.0,1.0,1.0,1.0
TopOff,54,0.7261904761904762,0.2366024632660927,12.0,12.0,144.0,100.0,44.0,0.3055555555555556,180.0,1.0,1.0,3.6,2.0,4.0,0.0,4.0,96.0,18.0,6.6,1.0,18.0,7.0,-1.3212981885116265e-15,0.0285980083204878,0.0285980083204892,0.0603073792140898,0.1104765839901533,0.1104765839901534,0.0,1.0,0.0,0.0,0.0,1.0,0.0,0.0,20.0,-1.0,0.0,2.0,-0.7142857142857143,0.0,6.0,0.0,0.0,40.0,0.0,0.0,9.0,-1.0,0.0,2.0,0.0,0.0,40.0,0.0,0.0,41.0,0.0,0.0,20.0,-1.0,0.0,1.0,-0.22571428571428573,0.0,0.0,0.4061667497117761,0.0,0.0,0.0,0.0,0.0,1.0
TopOff,55,0.875,0.2165063509461096,12.0,12.0,144.0,100.0,44.0,0.3055555555555556,180.0,1.0,1.0,3.6,2.0,4.0,0.0,4.0,96.0,18.0,6.6,1.0,18.0,4.0,-1.3212981885116265e-15,0.0285980083204878,0.0285980083204892,0.0603073792140898,0.1104765839901533,0.1104765839901534,0.0,1.0,0.0,0.0,0.0,1.0,0.0,0.0,20.0,-1.0,0.0,4.0,-1.0,0.0,2.0,0.0,0.0,40.0,0.0,0.0,9.0,-1.0,0.0,4.0,0.0,0.0,40.0,0.0,0.0,41.0,0.0,0.0,20.0,-1.0,0.0,1.0,-0.18,0.0,0.0,0.38418745424597095,0.0,0.0,0.0,0.0,0.0,1.0
TopOff,56,0.8541666666666666,0.1232516621479086,12.0,12.0,144.0,100.0,44.0,0.3055555555555556,180.0,1.0,1.0,3.6,2.0,4.0,0.0,4.0,96.0,18.0,6.6,1.0,18.0,4.0,-1.3212981885116265e-15,0.0285980083204878,0.0285980083204892,0.0603073792140898,0.1104765839901533,0.1104765839901534,0.0,1.0,0.0,0.0,0.0,1.0,0.0,0.0,20.0,-1.0,0.0,4.0,-1.0,0.0,2.0,0.0,0.0,40.0,0.0,0.0,9.0,-1.0,0.0,4.0,0.0,0.0,40.0,0.0,0.0,41.0,0.0,0.0,20.0,-1.0,0.0,1.0,-0.16,0.0,0.0,0.36660605559646714,0.0,0.0,0.0,0.0,0.0,1.0
TopOff,57,0.8229166666666666,0.1650310366432797,12.0,12.0,144.0,100.0,44.0,0.3055555555555556,180.0,1.0,1.0,3.6,2.0,4.0,0.0,4.0,96.0,18.0,6.6,1.0,18.0,8.0,-1.3212981885116265e-15,0.0285980083204878,0.0285980083204892,0.0603073792140898,0.1104765839901533,0.1104765839901534,0.0,1.0,0.0,0.0,0.0,1.0,0.0,0.0,20.0,-1.0,0.0,2.0,-0.25,0.0,14.0,0.0,0.0,40.0,0.0,0.0,9.0,-1.0,0.0,2.0,0.0,0.0,40.0,0.0,0.0,41.0,0.0,0.0,20.0,-1.0,0.0,1.0,-0.135,0.125,0.0,0.3426368339802363,0.02,0.0,0.0,0.0,0.0,0.875
TopOff,58,0.7777777777777778,0.3685138655950444,12.0,12.0,144.0,100.0,44.0,0.3055555555555556,180.0,1.0,1.0,3.6,2.0,4.0,0.0,4.0,96.0,18.0,6.6,1.0,18.0,3.0,-1.3212981885116265e-15,0.0285980083204878,0.0285980083204892,0.0603073792140898,0.1104765839901533,0.1104765839901534,0.0,1.0,0.0,0.0,0.0,1.0,0.0,0.0,20.0,-1.0,0.0,6.0,-1.0,0.0,2.0,0.0,0.0,40.0,0.0,0.0,9.0,-1.0,0.0,6.0,0.0,0.0,40.0,0.0,0.0,41.0,0.0,0.0,20.0,-1.0,0.0,1.0,-0.24,0.0,0.0,0.4270831300812525,0.0,0.0,0.0,0.0,0.0,1.0
TopOff,59,0.6666666666666666,0.3761556267764123,12.0,12.0,144.0,100.0,44.0,0.3055555555555556,180.0,1.0,1.0,3.6,2.0,4.0,0.0,4.0,96.0,18.0,6.6,1.0,18.0,8.0,-1.3212981885116265e-15,0.0285980083204878,0.0285980083204892,0.0603073792140898,0.1104765839901533,0.1104765839901534,0.0,1.0,0.0,0.0,0.0,1.0,0.0,0.0,20.0,-1.0,0.0,2.0,-0.875,0.0,4.0,0.0,0.0,40.0,0.0,0.0,9.0,-1.0,0.0,2.0,0.0,0.0,40.0,0.0,0.0,41.0,0.0,0.0,20.0,-1.0,0.0,1.0,-0.12,0.0,0.0,0.3249615361854384,0.0,0.0,0.0,0.0,0.0,1.0
TopOff,60,0.7916666666666666,0.3796013991310124,12.0,12.0,144.0,100.0,44.0,0.3055555555555556,180.0,1.0,1.0,3.6,2.0,4.0,0.0,4.0,96.0,18.0,6.6,1.0,18.0,2.0,-1.3212981885116265e-15,0.0285980083204878,0.0285980083204892,0.0603073792140898,0.1104765839901533,0.1104765839901534,0.0,1.0,0.0,0.0,0.0,1.0,0.0,0.0,20.0,-1.0,0.0,10.0,-1.0,0.0,2.0,0.0,0.0,40.0,0.0,0.0,9.0,-1.0,0.0,10.0,0.0,0.0,40.0,0.0,0.0,41.0,0.0,0.0,20.0,-1.0,0.0,1.0,-0.16,0.0,0.0,0.36660605559646714,0.0,0.0,0.0,0.0,0.0,1.0
TopOff,61,0.6458333333333334,0.3220755173695897,12.0,12.0,144.0,100.0,44.0,0.3055555555555556,180.0,1.0,1.0,3.6,2.0,4.0,0.0,4.0,96.0,18.0,6.6,1.0,18.0,8.0,-1.3212981885116265e-15,0.0285980083204878,0.0285980083204892,0.0603073792140898,0.1104765839901533,0.1104765839901534,0.0,1.0,0.0,0.0,0.0,1.0,0.0,0.0,20.0,-1.0,0.0,2.0,-0.625,0.0,8.0,0.0,0.0,40.0,0.0,0.0,9.0,-1.0,0.0,2.0,0.0,0.0,40.0,0.0,0.0,41.0,0.0,0.0,20.0,-1.0,0.0,1.0,-0.1575,0.125,0.0,0.36811173575424083,0.02,0.0,0.0,0.0,0.0,1.0
TopOff,62,0.875,0.2165063509461096,12.0,12.0,144.0,100.0,44.0,0.3055555555555556,180.0,1.0,1.0,3.6,2.0,4.0,0.0,4.0,96.0,18.0,6.6,1.0,18.0,2.0,-1.3212981885116265e-15,0.0285980083204878,0.0285980083204892,0.0603073792140898,0.1104765839901533,0.1104765839901534,0.0,1.0,0.0,0.0,0.0,1.0,0.0,0.0,20.0,-1.0,0.0,12.0,-1.0,0.0,2.0,0.0,0.0,40.0,0.0,0.0,9.0,-1.0,0.0,12.0,0.0,0.0,40.0,0.0,0.0,41.0,0.0,0.0,20.0,-1.0,0.0,1.0,-0.2,0.0,0.0,0.4,0.0,0.0,0.0,0.0,0.0,1.0
TopOff,63,0.5277777777777778,0.4185144214810934,12.0,12.0,144.0,100.0,44.0,0.3055555555555556,180.0,1.0,1.0,3.6,2.0,4.0,0.0,4.0,96.0,18.0,6.6,1.0,18.0,3.0,-1.3212981885116265e-15,0.0285980083204878,0.0285980083204892,0.0603073792140898,0.1104765839901533,0.1104765839901534,0.0,1.0,0.0,0.0,0.0,1.0,0.0,0.0,20.0,-1.0,0.0,14.0,-1.0,0.0,2.0,0.0,0.0,40.0,0.0,0.0,9.0,-1.0,0.0,14.0,0.0,0.0,40.0,0.0,0.0,41.0,0.0,0.0,20.0,-1.0,0.0,1.0,-0.18,0.0,0.0,0.38418745424597095,0.0,0.0,0.0,0.0,0.0,1.0
TopOff,64,0.53125,0.3312106894913468,12.0,12.0,144.0,100.0,44.0,0.3055555555555556,180.0,1.0,1.0,3.6,2.0,4.0,0.0,4.0,96.0,18.0,6.6,1.0,18.0,8.0,-1.3212981885116265e-15,0.0285980083204878,0.0285980083204892,0.0603073792140898,0.1104765839901533,0.1104765839901534,0.0,1.0,0.0,0.0,0.0,1.0,0.0,0.0,20.0,-1.0,0.0,2.0,-0.5,0.0,10.0,0.0,0.0,40.0,0.0,0.0,9.0,-1.0,0.0,2.0,0.0,0.0,40.0,0.0,0.0,41.0,0.0,0.0,20.0,-1.0,0.0,1.0,-0.2,0.0,0.0,0.4,0.0,0.0,0.0,0.0,0.0,0.875
TopOff,65,0.75,0.3818813079129867,12.0,12.0,144.0,100.0,44.0,0.3055555555555556,180.0,1.0,1.0,3.6,2.0,4.0,0.0,4.0,96.0,18.0,6.6,1.0,18.0,2.0,-1.3212981885116265e-15,0.0285980083204878,0.0285980083204892,0.0603073792140898,0.1104765839901533,0.1104765839901534,0.0,1.0,0.0,0.0,0.0,1.0,0.0,0.0,20.0,-1.0,0.0,8.0,-1.0,0.0,2.0,0.0,0.0,40.0,0.0,0.0,9.0,-1.0,0.0,8.0,0.0,0.0,40.0,0.0,0.0,41.0,0.0,0.0,20.0,-1.0,0.0,1.0,-0.22,0.0,0.0,0.41424630354415964,0.0,0.0,0.0,0.0,0.0,1.0
TopOff,66,0.1666666666666666,0.3726779962499649,12.0,12.0,144.0,100.0,44.0,0.3055555555555556,180.0,1.0,1.0,3.6,2.0,4.0,0.0,4.0,96.0,18.0,6.6,1.0,18.0,1.0,-1.3212981885116265e-15,0.0285980083204878,0.0285980083204892,0.0603073792140898,0.1104765839901533,0.1104765839901534,0.0,1.0,0.0,0.0,0.0,1.0,0.0,0.0,20.0,-1.0,0.0,2.0,1.0,0.0,2.0,0.0,0.0,40.0,0.0,0.0,9.0,-1.0,0.0,2.0,0.0,0.0,40.0,0.0,0.0,41.0,0.0,0.0,20.0,-1.0,0.0,1.0,-0.08,1.0,0.0,0.33704599092705434,0.02,0.02,0.0,1.0,1.0,1.0
TopOff,67,0.75,0.2097176232019652,12.0,12.0,144.0,100.0,44.0,0.3055555555555556,180.0,1.0,1.0,3.6,2.0,4.0,0.0,4.0,96.0,18.0,6.6,1.0,18.0,6.0,-1.3212981885116265e-15,0.0285980083204878,0.0285980083204892,0.0603073792140898,0.1104765839901533,0.1104765839901534,0.0,1.0,0.0,0.0,0.0,1.0,0.0,0.0,20.0,-1.0,0.0,2.0,-0.6666666666666667,0.0,6.0,0.0,0.0,40.0,0.0,0.0,9.0,-1.0,0.0,2.0,0.0,0.0,40.0,0.0,0.0,41.0,0.0,0.0,20.0,-1.0,0.0,1.0,-0.2333333333333333,0.16666666666666666,0.0,0.43204937989385733,0.04,0.0,0.0,0.0,0.0,0.8333333333333334
TopOff,68,0.71875,0.3272557931751043,12.0,12.0,144.0,100.0,44.0,0.3055555555555556,180.0,1.0,1.0,3.6,2.0,4.0,0.0,4.0,96.0,18.0,6.6,1.0,18.0,8.0,-1.3212981885116265e-15,0.0285980083204878,0.0285980083204892,0.0603073792140898,0.1104765839901533,0.1104765839901534,0.0,1.0,0.0,0.0,0.0,1.0,0.0,0.0,20.0,-1.0,0.0,2.0,-0.75,0.0,6.0,0.0,0.0,40.0,0.0,0.0,9.0,-1.0,0.0,2.0,0.0,0.0,40.0,0.0,0.0,41.0,0.0,0.0,20.0,-1.0,0.0,1.0,-0.1575,0.0,0.0,0.3612564878310146,0.0,0.0,0.0,0.0,0.0,1.0
TopOff,69,0.7857142857142859,0.2508488988774461,12.0,12.0,144.0,100.0,44.0,0.3055555555555556,180.0,1.0,1.0,3.6,2.0,4.0,0.0,4.0,96.0,18.0,6.6,1.0,18.0,7.0,-1.3212981885116265e-15,0.0285980083204878,0.0285980083204892,0.0603073792140898,0.1104765839901533,0.1104765839901534,0.0,1.0,0.0,0.0,0.0,1.0,0.0,0.0,20.0,-1.0,0.0,2.0,-0.5714285714285714,0.0,8.0,0.0,0.0,40.0,0.0,0.0,9.0,-1.0,0.0,2.0,0.0,0.0,40.0,0.0,0.0,41.0,0.0,0.0,20.0,-1.0,0.0,1.0,-0.2114285714285714,0.14285714285714285,0.0,0.40631745907728417,0.02,0.0,0.0,0.0,0.0,1.0
TopOff,70,0.8333333333333334,0.245326690731329,12.0,12.0,144.0,100.0,44.0,0.3055555555555556,180.0,1.0,1.0,3.6,2.0,4.0,0.0,4.0,96.0,18.0,6.6,1.0,18.0,6.0,-1.3212981885116265e-15,0.0285980083204878,0.0285980083204892,0.0603073792140898,0.1104765839901533,0.1104765839901534,0.0,1.0,0.0,0.0,0.0,1.0,0.0,0.0,20.0,-1.0,0.0,4.0,-1.0,0.0,2.0,0.0,0.0,40.0,0.0,0.0,9.0,-1.0,0.0,4.0,0.0,0.0,40.0,0.0,0.0,41.0,0.0,0.0,20.0,-1.0,0.0,1.0,-0.12,0.0,0.0,0.3249615361854384,0.0,0.0,0.0,0.0,0.0,1.0
TopOff,71,0.9166666666666666,0.2763853991962833,12.0,12.0,144.0,100.0,44.0,0.3055555555555556,180.0,1.0,1.0,3.6,2.0,4.0,0.0,4.0,96.0,18.0,6.6,1.0,18.0,2.0,-1.3212981885116265e-15,0.0285980083204878,0.0285980083204892,0.0603073792140898,0.1104765839901533,0.1104765839901534,0.0,1.0,0.0,0.0,0.0,1.0,0.0,0.0,20.0,-1.0,0.0,8.0,-1.0,0.0,2.0,0.0,0.0,40.0,0.0,0.0,9.0,-1.0,0.0,8.0,0.0,0.0,40.0,0.0,0.0,41.0,0.0,0.0,20.0,-1.0,0.0,1.0,-0.12,0.0,0.0,0.32496153618543844,0.0,0.0,0.0,0.0,0.0,1.0
TopOff,72,0.7777777777777778,0.1842569327975222,12.0,12.0,144.0,100.0,44.0,0.3055555555555556,180.0,1.0,1.0,3.6,2.0,4.0,0.0,4.0,96.0,18.0,6.6,1.0,18.0,6.0,-1.3212981885116265e-15,0.0285980083204878,0.0285980083204892,0.0603073792140898,0.1104765839901533,0.1104765839901534,0.0,1.0,0.0,0.0,0.0,1.0,0.0,0.0,20.0,-1.0,0.0,2.0,-0.5,0.0,8.0,0.0,0.0,40.0,0.0,0.0,9.0,-1.0,0.0,2.0,0.0,0.0,40.0,0.0,0.0,41.0,0.0,0.0,20.0,-1.0,0.0,1.0,-0.31333333333333335,0.0,0.0,0.4578209256903839,0.0,0.0,0.0,0.0,0.0,1.0
TopOff,73,0.5555555555555556,0.4779069592801459,12.0,12.0,144.0,100.0,44.0,0.3055555555555556,180.0,1.0,1.0,3.6,2.0,4.0,0.0,4.0,96.0,18.0,6.6,1.0,18.0,3.0,-1.3212981885116265e-15,0.0285980083204878,0.0285980083204892,0.0603073792140898,0.1104765839901533,0.1104765839901534,0.0,1.0,0.0,0.0,0.0,1.0,0.0,0.0,20.0,-1.0,0.0,4.0,-1.0,0.0,2.0,0.0,0.0,40.0,0.0,0.0,9.0,-1.0,0.0,4.0,0.0,0.0,40.0,0.0,0.0,41.0,0.0,0.0,20.0,-1.0,0.0,1.0,-0.12,0.0,0.0,0.32496153618543844,0.0,0.0,0.0,0.0,0.0,1.0
TopOff,74,0.6875,0.2525907427704613,12.0,12.0,144.0,100.0,44.0,0.3055555555555556,180.0,1.0,1.0,3.6,2.0,4.0,0.0,4.0,96.0,18.0,6.6,1.0,18.0,4.0,-1.3212981885116265e-15,0.0285980083204878,0.0285980083204892,0.0603073792140898,0.1104765839901533,0.1104765839901534,0.0,1.0,0.0,0.0,0.0,1.0,0.0,0.0,20.0,-1.0,0.0,2.0,-0.75,0.0,4.0,0.0,0.0,40.0,0.0,0.0,9.0,-1.0,0.0,2.0,0.0,0.0,40.0,0.0,0.0,41.0,0.0,0.0,20.0,-1.0,0.0,1.0,-0.18,0.0,0.0,0.38418745424597095,0.0,0.0,0.0,0.0,0.0,1.0
TopOff,75,0.8055555555555557,0.3716413377849903,12.0,12.0,144.0,100.0,44.0,0.3055555555555556,180.0,1.0,1.0,3.6,2.0,4.0,0.0,4.0,96.0,18.0,6.6,1.0,18.0,3.0,-1.3212981885116265e-15,0.0285980083204878,0.0285980083204892,0.0603073792140898,0.1104765839901533,0.1104765839901534,0.0,1.0,0.0,0.0,0.0,1.0,0.0,0.0,20.0,-1.0,0.0,6.0,-1.0,0.0,2.0,0.0,0.0,40.0,0.0,0.0,9.0,-1.0,0.0,6.0,0.0,0.0,40.0,0.0,0.0,41.0,0.0,0.0,20.0,-1.0,0.0,1.0,-0.17333333333333337,0.0,0.0,0.3726183629995232,0.0,0.0,0.0,0.0,0.0,1.0
TopOff,76,0.5833333333333334,0.4930066485916347,12.0,12.0,144.0,100.0,44.0,0.3055555555555556,180.0,1.0,1.0,3.6,2.0,4.0,0.0,4.0,96.0,18.0,6.6,1.0,18.0,1.0,-1.3212981885116265e-15,0.0285980083204878,0.0285980083204892,0.0603073792140898,0.1104765839901533,0.1104765839901534,0.0,1.0,0.0,0.0,0.0,1.0,0.0,0.0,20.0,-1.0,0.0,14.0,-1.0,0.0,2.0,0.0,0.0,40.0,0.0,0.0,9.0,-1.0,0.0,14.0,0.0,0.0,40.0,0.0,0.0,41.0,0.0,0.0,20.0,-1.0,0.0,1.0,-0.16,0.0,0.0,0.36660605559646714,0.0,0.0,0.0,0.0,0.0,1.0
TopOff,77,0.5,0.5,12.0,12.0,144.0,100.0,44.0,0.3055555555555556,180.0,1.0,1.0,3.6,2.0,4.0,0.0,4.0,96.0,18.0,6.6,1.0,18.0,1.0,-1.3212981885116265e-15,0.0285980083204878,0.0285980083204892,0.0603073792140898,0.1104765839901533,0.1104765839901534,0.0,1.0,0.0,0.0,0.0,1.0,0.0,0.0,20.0,-1.0,0.0,6.0,-1.0,0.0,2.0,0.0,0.0,40.0,0.0,0.0,9.0,-1.0,0.0,6.0,0.0,0.0,40.0,0.0,0.0,41.0,0.0,0.0,20.0,-1.0,0.0,1.0,-0.14,1.0,0.0,0.4004996878900157,0.02,0.02,0.0,0.0,0.0,1.0
TopOff,78,0.75,0.2700308624336608,12.0,12.0,144.0,100.0,44.0,0.3055555555555556,180.0,1.0,1.0,3.6,2.0,4.0,0.0,4.0,96.0,18.0,6.6,1.0,18.0,4.0,-1.3212981885116265e-15,0.0285980083204878,0.0285980083204892,0.0603073792140898,0.1104765839901533,0.1104765839901534,0.0,1.0,0.0,0.0,0.0,1.0,0.0,0.0,20.0,-1.0,0.0,6.0,-1.0,0.0,2.0,0.0,0.0,40.0,0.0,0.0,9.0,-1.0,0.0,6.0,0.0,0.0,40.0,0.0,0.0,41.0,0.0,0.0,20.0,-1.0,0.0,1.0,-0.1,0.0,0.0,0.3,0.0,0.0,0.0,0.0,0.0,0.75
TopOff,79,0.5416666666666666,0.3796013991310125,12.0,12.0,144.0,100.0,44.0,0.3055555555555556,180.0,1.0,1.0,3.6,2.0,4.0,0.0,4.0,96.0,18.0,6.6,1.0,18.0,2.0,-1.3212981885116265e-15,0.0285980083204878,0.0285980083204892,0.0603073792140898,0.1104765839901533,0.1104765839901534,0.0,1.0,0.0,0.0,0.0,1.0,0.0,0.0,20.0,-1.0,0.0,4.0,-1.0,0.0,2.0,0.0,0.0,40.0,0.0,0.0,9.0,-1.0,0.0,4.0,0.0,0.0,40.0,0.0,0.0,41.0,0.0,0.0,20.0,-1.0,0.0,1.0,-0.2,0.0,0.0,0.4,0.0,0.0,0.0,0.0,0.0,1.0
TopOff,80,0.6111111111111112,0.3286710990610897,12.0,12.0,144.0,100.0,44.0,0.3055555555555556,180.0,1.0,1.0,3.6,2.0,4.0,0.0,4.0,96.0,18.0,6.6,1.0,18.0,3.0,-1.3212981885116265e-15,0.0285980083204878,0.0285980083204892,0.0603073792140898,0.1104765839901533,0.1104765839901534,0.0,1.0,0.0,0.0,0.0,1.0,0.0,0.0,20.0,-1.0,0.0,2.0,-0.33333333333333337,0.0,6.0,0.0,0.0,40.0,0.0,0.0,9.0,-1.0,0.0,2.0,0.0,0.0,40.0,0.0,0.0,41.0,0.0,0.0,20.0,-1.0,0.0,1.0,-0.26666666666666666,0.3333333333333333,0.0,0.447213595499958,0.02,0.0,0.0,0.0,0.0,0.6666666666666667
TopOff,81,0.8472222222222223,0.3151890477197281,12.0,12.0,144.0,100.0,44.0,0.3055555555555556,180.0,1.0,1.0,3.6,2.0,4.0,0.0,4.0,96.0,18.0,6.6,1.0,18.0,6.0,-1.3212981885116265e-15,0.0285980083204878,0.0285980083204892,0.0603073792140898,0.1104765839901533,0.1104765839901534,0.0,1.0,0.0,0.0,0.0,1.0,0.0,0.0,20.0,-1.0,0.0,6.0,-1.0,0.0,2.0,0.0,0.0,40.0,0.0,0.0,9.0,-1.0,0.0,6.0,0.0,0.0,40.0,0.0,0.0,41.0,0.0,0.0,20.0,-1.0,0.0,1.0,-0.07666666666666667,0.16666666666666666,0.0,0.2732723509207943,0.02,0.0,0.0,0.0,0.0,1.0
TopOff,82,0.5833333333333334,0.3367876570272817,12.0,12.0,144.0,100.0,44.0,0.3055555555555556,180.0,1.0,1.0,3.6,2.0,4.0,0.0,4.0,96.0,18.0,6.6,1.0,18.0,3.0,-1.3212981885116265e-15,0.0285980083204878,0.0285980083204892,0.0603073792140898,0.1104765839901533,0.1104765839901534,0.0,1.0,0.0,0.0,0.0,1.0,0.0,0.0,20.0,-1.0,0.0,2.0,-0.33333333333333337,0.0,6.0,0.0,0.0,40.0,0.0,0.0,9.0,-1.0,0.0,2.0,0.0,0.0,40.0,0.0,0.0,41.0,0.0,0.0,20.0,-1.0,0.0,1.0,-0.17333333333333337,0.3333333333333333,0.0,0.3900997023554078,0.02,0.0,0.0,0.0,0.0,1.0
TopOff,83,0.8055555555555555,0.2133651596630168,12.0,12.0,144.0,100.0,44.0,0.3055555555555556,180.0,1.0,1.0,3.6,2.0,4.0,0.0,4.0,96.0,18.0,6.6,1.0,18.0,3.0,-1.3212981885116265e-15,0.0285980083204878,0.0285980083204892,0.0603073792140898,0.1104765839901533,0.1104765839901534,0.0,1.0,0.0,0.0,0.0,1.0,0.0,0.0,20.0,-1.0,0.0,4.0,-1.0,0.0,2.0,0.0,0.0,40.0,0.0,0.0,9.0,-1.0,0.0,4.0,0.0,0.0,40.0,0.0,0.0,41.0,0.0,0.0,20.0,-1.0,0.0,1.0,-0.22,0.0,0.0,0.41424630354415964,0.0,0.0,0.0,0.0,0.0,1.0
TopOff,84,0.8690476190476191,0.1084575426088606,12.0,12.0,144.0,100.0,44.0,0.3055555555555556,180.0,1.0,1.0,3.6,2.0,4.0,0.0,4.0,96.0,18.0,6.6,1.0,18.0,7.0,-1.3212981885116265e-15,0.0285980083204878,0.0285980083204892,0.0603073792140898,0.1104765839901533,0.1104765839901534,0.0,1.0,0.0,0.0,0.0,1.0,0.0,0.0,20.0,-1.0,0.0,2.0,-0.8571428571428572,0.0,4.0,0.0,0.0,40.0,0.0,0.0,9.0,-1.0,0.0,2.0,0.0,0.0,40.0,0.0,0.0,41.0,0.0,0.0,20.0,-1.0,0.0,1.0,-0.2142857142857143,0.14285714285714285,0.0,0.418208033380127,0.04,0.0,0.0,0.0,0.0,1.0
TopOff,85,0.9444444444444444,0.1242259987499882,12.0,12.0,144.0,100.0,44.0,0.3055555555555556,180.0,1.0,1.0,3.6,2.0,4.0,0.0,4.0,96.0,18.0,6.6,1.0,18.0,3.0,-1.3212981885116265e-15,0.0285980083204878,0.0285980083204892,0.0603073792140898,0.1104765839901533,0.1104765839901534,0.0,1.0,0.0,0.0,0.0,1.0,0.0,0.0,20.0,-1.0,0.0,4.0,-1.0,0.0,2.0,0.0,0.0,40.0,0.0,0.0,9.0,-1.0,0.0,4.0,0.0,0.0,40.0,0.0,0.0,41.0,0.0,0.0,20.0,-1.0,0.0,1.0,-0.1,0.0,0.0,0.3,0.0,0.0,0.0,0.0,0.0,1.0
TopOff,86,0.7916666666666666,0.3200477394945253,12.0,12.0,144.0,100.0,44.0,0.3055555555555556,180.0,1.0,1.0,3.6,2.0,4.0,0.0,4.0,96.0,18.0,6.6,1.0,18.0,2.0,-1.3212981885116265e-15,0.0285980083204878,0.0285980083204892,0.0603073792140898,0.1104765839901533,0.1104765839901534,0.0,1.0,0.0,0.0,0.0,1.0,0.0,0.0,20.0,-1.0,0.0,6.0,-1.0,0.0,2.0,0.0,0.0,40.0,0.0,0.0,9.0,-1.0,0.0,6.0,0.0,0.0,40.0,0.0,0.0,41.0,0.0,0.0,20.0,-1.0,0.0,1.0,-0.26,0.0,0.0,0.4386342439892262,0.0,0.0,0.0,0.0,0.0,1.0
TopOff,87,0.5833333333333334,0.4930066485916347,12.0,12.0,144.0,100.0,44.0,0.3055555555555556,180.0,1.0,1.0,3.6,2.0,4.0,0.0,4.0,96.0,18.0,6.6,1.0,18.0,1.0,-1.3212981885116265e-15,0.0285980083204878,0.0285980083204892,0.0603073792140898,0.1104765839901533,0.1104765839901534,0.0,1.0,0.0,0.0,0.0,1.0,0.0,0.0,20.0,-1.0,0.0,6.0,-1.0,0.0,2.0,0.0,0.0,40.0,0.0,0.0,9.0,-1.0,0.0,6.0,0.0,0.0,40.0,0.0,0.0,41.0,0.0,0.0,20.0,-1.0,0.0,1.0,-0.14,0.0,0.0,0.34698703145794946,0.0,0.0,0.0,0.0,0.0,1.0
TopOff,88,0.6666666666666666,0.4714045207910317,12.0,12.0,144.0,100.0,44.0,0.3055555555555556,180.0,1.0,1.0,3.6,2.0,4.0,0.0,4.0,96.0,18.0,6.6,1.0,18.0,1.0,-1.3212981885116265e-15,0.0285980083204878,0.0285980083204892,0.0603073792140898,0.1104765839901533,0.1104765839901534,0.0,1.0,0.0,0.0,0.0,1.0,0.0,0.0,20.0,-1.0,0.0,16.0,-1.0,0.0,2.0,0.0,0.0,40.0,0.0,0.0,9.0,-1.0,0.0,16.0,0.0,0.0,40.0,0.0,0.0,41.0,0.0,0.0,20.0,-1.0,0.0,1.0,-0.18,0.0,0.0,0.38418745424597095,0.0,0.0,0.0,0.0,0.0,1.0
TopOff,89,0.6666666666666669,0.1360827634879543,12.0,12.0,144.0,100.0,44.0,0.3055555555555556,180.0,1.0,1.0,3.6,2.0,4.0,0.0,4.0,96.0,18.0,6.6,1.0,18.0,3.0,-1.3212981885116265e-15,0.0285980083204878,0.0285980083204892,0.0603073792140898,0.1104765839901533,0.1104765839901534,0.0,1.0,0.0,0.0,0.0,1.0,0.0,0.0,20.0,-1.0,0.0,2.0,-0.6666666666666667,0.0,4.0,0.0,0.0,40.0,0.0,0.0,9.0,-1.0,0.0,2.0,0.0,0.0,40.0,0.0,0.0,41.0,0.0,0.0,20.0,-1.0,0.0,1.0,-0.18,0.3333333333333333,0.0,0.4011649702221436,0.04,0.0,0.0,0.0,0.0,1.0
TopOff,90,0.5,0.5,12.0,12.0,144.0,100.0,44.0,0.3055555555555556,180.0,1.0,1.0,3.6,2.0,4.0,0.0,4.0,96.0,18.0,6.6,1.0,18.0,1.0,-1.3212981885116265e-15,0.0285980083204878,0.0285980083204892,0.0603073792140898,0.1104765839901533,0.1104765839901534,0.0,1.0,0.0,0.0,0.0,1.0,0.0,0.0,20.0,-1.0,0.0,14.0,-1.0,0.0,2.0,0.0,0.0,40.0,0.0,0.0,9.0,-1.0,0.0,14.0,0.0,0.0,40.0,0.0,0.0,41.0,0.0,0.0,20.0,-1.0,0.0,1.0,-0.16,0.0,0.0,0.36660605559646714,0.0,0.0,0.0,0.0,0.0,1.0
TopOff,91,0.7083333333333334,0.3477773340430254,12.0,12.0,144.0,100.0,44.0,0.3055555555555556,180.0,1.0,1.0,3.6,2.0,4.0,0.0,4.0,96.0,18.0,6.6,1.0,18.0,6.0,-1.3212981885116265e-15,0.0285980083204878,0.0285980083204892,0.0603073792140898,0.1104765839901533,0.1104765839901534,0.0,1.0,0.0,0.0,0.0,1.0,0.0,0.0,20.0,-1.0,0.0,2.0,-0.6666666666666667,0.0,6.0,0.0,0.0,40.0,0.0,0.0,9.0,-1.0,0.0,2.0,0.0,0.0,40.0,0.0,0.0,41.0,0.0,0.0,20.0,-1.0,0.0,1.0,-0.15333333333333335,0.0,0.0,0.352514775104061,0.0,0.0,0.0,0.0,0.0,1.0
TopOff,92,0.6666666666666666,0.2357022603955158,12.0,12.0,144.0,100.0,44.0,0.3055555555555556,180.0,1.0,1.0,3.6,2.0,4.0,0.0,4.0,96.0,18.0,6.6,1.0,18.0,3.0,-1.3212981885116265e-15,0.0285980083204878,0.0285980083204892,0.0603073792140898,0.1104765839901533,0.1104765839901534,0.0,1.0,0.0,0.0,0.0,1.0,0.0,0.0,20.0,-1.0,0.0,2.0,-0.6666666666666667,0.0,4.0,0.0,0.0,40.0,0.0,0.0,9.0,-1.0,0.0,2.0,0.0,0.0,40.0,0.0,0.0,41.0,0.0,0.0,20.0,-1.0,0.0,1.0,-0.20666666666666667,0.3333333333333333,0.0,0.4103656905736638,0.02,0.0,0.0,0.0,0.0,1.0
TopOff,93,0.5833333333333334,0.3298428357510532,12.0,12.0,144.0,100.0,44.0,0.3055555555555556,180.0,1.0,1.0,3.6,2.0,4.0,0.0,4.0,96.0,18.0,6.6,1.0,18.0,6.0,-1.3212981885116265e-15,0.0285980083204878,0.0285980083204892,0.0603073792140898,0.1104765839901533,0.1104765839901534,0.0,1.0,0.0,0.0,0.0,1.0,0.0,0.0,20.0,-1.0,0.0,2.0,-0.5,0.0,8.0,0.0,0.0,40.0,0.0,0.0,9.0,-1.0,0.0,2.0,0.0,0.0,40.0,0.0,0.0,41.0,0.0,0.0,20.0,-1.0,0.0,1.0,-0.26,0.0,0.0,0.4386342439892262,0.0,0.0,0.0,0.0,0.0,1.0
TopOff,94,0.5833333333333334,0.4930066485916347,12.0,12.0,144.0,100.0,44.0,0.3055555555555556,180.0,1.0,1.0,3.6,2.0,4.0,0.0,4.0,96.0,18.0,6.6,1.0,18.0,1.0,-1.3212981885116265e-15,0.0285980083204878,0.0285980083204892,0.0603073792140898,0.1104765839901533,0.1104765839901534,0.0,1.0,0.0,0.0,0.0,1.0,0.0,0.0,20.0,-1.0,0.0,16.0,-1.0,0.0,2.0,0.0,0.0,40.0,0.0,0.0,9.0,-1.0,0.0,16.0,0.0,0.0,40.0,0.0,0.0,41.0,0.0,0.0,20.0,-1.0,0.0,1.0,-0.22,0.0,0.0,0.41424630354415964,0.0,0.0,0.0,0.0,0.0,1.0
TopOff,95,0.3333333333333333,0.4714045207910317,12.0,12.0,144.0,100.0,44.0,0.3055555555555556,180.0,1.0,1.0,3.6,2.0,4.0,0.0,4.0,96.0,18.0,6.6,1.0,18.0,1.0,-1.3212981885116265e-15,0.0285980083204878,0.0285980083204892,0.0603073792140898,0.1104765839901533,0.1104765839901534,0.0,1.0,0.0,0.0,0.0,1.0,0.0,0.0,20.0,-1.0,0.0,18.0,-1.0,0.0,2.0,0.0,0.0,40.0,0.0,0.0,9.0,-1.0,0.0,18.0,0.0,0.0,40.0,0.0,0.0,41.0,0.0,0.0,20.0,-1.0,0.0,1.0,-0.16,0.0,0.0,0.36660605559646714,0.0,0.0,0.0,0.0,0.0,1.0
TopOff,96,0.7142857142857144,0.2973808570665903,12.0,12.0,144.0,100.0,44.0,0.3055555555555556,180.0,1.0,1.0,3.6,2.0,4.0,0.0,4.0,96.0,18.0,6.6,1.0,18.0,7.0,-1.3212981885116265e-15,0.0285980083204878,0.0285980083204892,0.0603073792140898,0.1104765839901533,0.1104765839901534,0.0,1.0,0.0,0.0,0.0,1.0,0.0,0.0,20.0,-1.0,0.0,2.0,-0.7142857142857143,0.0,6.0,0.0,0.0,40.0,0.0,0.0,9.0,-1.0,0.0,2.0,0.0,0.0,40.0,0.0,0.0,41.0,0.0,0.0,20.0,-1.0,0.0,1.0,-0.27714285714285714,0.0,0.0,0.44484347166808497,0.0,0.0,0.0,0.0,0.0,1.0
TopOff,97,0.4166666666666667,0.4930066485916347,12.0,12.0,144.0,100.0,44.0,0.3055555555555556,180.0,1.0,1.0,3.6,2.0,4.0,0.0,4.0,96.0,18.0,6.6,1.0,18.0,1.0,-1.3212981885116265e-15,0.0285980083204878,0.0285980083204892,0.0603073792140898,0.1104765839901533,0.1104765839901534,0.0,1.0,0.0,0.0,0.0,1.0,0.0,0.0,20.0,-1.0,0.0,6.0,-1.0,0.0,2.0,0.0,0.0,40.0,0.0,0.0,9.0,-1.0,0.0,6.0,0.0,0.0,40.0,0.0,0.0,41.0,0.0,0.0,20.0,-1.0,0.0,1.0,-0.08,0.0,0.0,0.2712931993250107,0.0,0.0,0.0,0.0,0.0,1.0
TopOff,98,0.8333333333333334,0.2151657414559676,12.0,12.0,144.0,100.0,44.0,0.3055555555555556,180.0,1.0,1.0,3.6,2.0,4.0,0.0,4.0,96.0,18.0,6.6,1.0,18.0,3.0,-1.3212981885116265e-15,0.0285980083204878,0.0285980083204892,0.0603073792140898,0.1104765839901533,0.1104765839901534,0.0,1.0,0.0,0.0,0.0,1.0,0.0,0.0,20.0,-1.0,0.0,6.0,-1.0,0.0,2.0,0.0,0.0,40.0,0.0,0.0,9.0,-1.0,0.0,6.0,0.0,0.0,40.0,0.0,0.0,41.0,0.0,0.0,20.0,-1.0,0.0,1.0,-0.22,0.0,0.0,0.4142463035441596,0.0,0.0,0.0,0.0,0.0,1.0
TopOff,99,0.7638888888888888,0.240161339802647,12.0,12.0,144.0,100.0,44.0,0.3055555555555556,180.0,1.0,1.0,3.6,2.0,4.0,0.0,4.0,96.0,18.0,6.6,1.0,18.0,6.0,-1.3212981885116265e-15,0.0285980083204878,0.0285980083204892,0.0603073792140898,0.1104765839901533,0.1104765839901534,0.0,1.0,0.0,0.0,0.0,1.0,0.0,0.0,20.0,-1.0,0.0,2.0,-0.8333333333333334,0.0,4.0,0.0,0.0,40.0,0.0,0.0,9.0,-1.0,0.0,2.0,0.0,0.0,40.0,0.0,0.0,41.0,0.0,0.0,20.0,-1.0,0.0,1.0,-0.16,0.0,0.0,0.36660605559646714,0.0,0.0,0.0,0.0,0.0,1.0
TopOff,100,0.8194444444444445,0.1729152721942879,12.0,12.0,144.0,100.0,44.0,0.3055555555555556,180.0,1.0,1.0,3.6,2.0,4.0,0.0,4.0,96.0,18.0,6.6,1.0,18.0,6.0,-1.3212981885116265e-15,0.0285980083204878,0.0285980083204892,0.0603073792140898,0.1104765839901533,0.1104765839901534,0.0,1.0,0.0,0.0,0.0,1.0,0.0,0.0,20.0,-1.0,0.0,4.0,-1.0,0.0,2.0,0.0,0.0,40.0,0.0,0.0,9.0,-1.0,0.0,4.0,0.0,0.0,40.0,0.0,0.0,41.0,0.0,0.0,20.0,-1.0,0.0,1.0,-0.14,0.0,0.0,0.3469870314579494,0.0,0.0,0.0,0.0,0.0,1.0
TopOff,101,0.625,0.3919768275463912,12.0,12.0,144.0,100.0,44.0,0.3055555555555556,180.0,1.0,1.0,3.6,2.0,4.0,0.0,4.0,96.0,18.0,6.6,1.0,18.0,8.0,-1.3212981885116265e-15,0.0285980083204878,0.0285980083204892,0.0603073792140898,0.1104765839901533,0.1104765839901534,0.0,1.0,0.0,0.0,0.0,1.0,0.0,0.0,20.0,-1.0,0.0,2.0,-0.875,0.0,4.0,0.0,0.0,40.0,0.0,0.0,9.0,-1.0,0.0,2.0,0.0,0.0,40.0,0.0,0.0,41.0,0.0,0.0,20.0,-1.0,0.0,1.0,-0.05,0.25,0.0,0.23318447632722034,0.04,0.0,0.0,0.0,0.0,1.0
TopOff,102,0.75,0.3227486121839514,12.0,12.0,144.0,100.0,44.0,0.3055555555555556,180.0,1.0,1.0,3.6,2.0,4.0,0.0,4.0,96.0,18.0,6.6,1.0,18.0,2.0,-1.3212981885116265e-15,0.0285980083204878,0.0285980083204892,0.0603073792140898,0.1104765839901533,0.1104765839901534,0.0,1.0,0.0,0.0,0.0,1.0,0.0,0.0,20.0,-1.0,0.0,4.0,-1.0,0.0,2.0,0.0,0.0,40.0,0.0,0.0,9.0,-1.0,0.0,4.0,0.0,0.0,40.0,0.0,0.0,41.0,0.0,0.0,20.0,-1.0,0.0,1.0,-0.21,0.5,0.0,0.4253234063627348,0.02,0.0,0.0,0.0,0.0,1.0
TopOff,103,0.6805555555555555,0.3151890477197282,12.0,12.0,144.0,100.0,44.0,0.3055555555555556,180.0,1.0,1.0,3.6,2.0,4.0,0.0,4.0,96.0,18.0,6.6,1.0,18.0,6.0,-1.3212981885116265e-15,0.0285980083204878,0.0285980083204892,0.0603073792140898,0.1104765839901533,0.1104765839901534,0.0,1.0,0.0,0.0,0.0,1.0,0.0,0.0,20.0,-1.0,0.0,2.0,-0.8333333333333334,0.0,4.0,0.0,0.0,40.0,0.0,0.0,9.0,-1.0,0.0,2.0,0.0,0.0,40.0,0.0,0.0,41.0,0.0,0.0,20.0,-1.0,0.0,1.0,-0.12666666666666668,0.16666666666666666,0.0,0.3309246305597561,0.02,0.0,0.0,0.0,0.0,1.0
TopOff,104,0.9375,0.1082531754730548,12.0,12.0,144.0,100.0,44.0,0.3055555555555556,180.0,1.0,1.0,3.6,2.0,4.0,0.0,4.0,96.0,18.0,6.6,1.0,18.0,4.0,-1.3212981885116265e-15,0.0285980083204878,0.0285980083204892,0.0603073792140898,0.1104765839901533,0.1104765839901534,0.0,1.0,0.0,0.0,0.0,1.0,0.0,0.0,20.0,-1.0,0.0,6.0,-1.0,0.0,2.0,0.0,0.0,40.0,0.0,0.0,9.0,-1.0,0.0,6.0,0.0,0.0,40.0,0.0,0.0,41.0,0.0,0.0,20.0,-1.0,0.0,1.0,-0.28,0.0,0.0,0.448998886412873,0.0,0.0,0.0,0.0,0.0,1.0
TopOff,105,0.6666666666666666,0.4714045207910317,12.0,12.0,144.0,100.0,44.0,0.3055555555555556,180.0,1.0,1.0,3.6,2.0,4.0,0.0,4.0,96.0,18.0,6.6,1.0,18.0,1.0,-1.3212981885116265e-15,0.0285980083204878,0.0285980083204892,0.0603073792140898,0.1104765839901533,0.1104765839901534,0.0,1.0,0.0,0.0,0.0,1.0,0.0,0.0,20.0,-1.0,0.0,16.0,-1.0,0.0,2.0,0.0,0.0,40.0,0.0,0.0,9.0,-1.0,0.0,16.0,0.0,0.0,40.0,0.0,0.0,41.0,0.0,0.0,20.0,-1.0,0.0,1.0,-0.22,0.0,0.0,0.41424630354415964,0.0,0.0,0.0,0.0,0.0,1.0
TopOff,106,0.638888888888889,0.2133651596630169,12.0,12.0,144.0,100.0,44.0,0.3055555555555556,180.0,1.0,1.0,3.6,2.0,4.0,0.0,4.0,96.0,18.0,6.6,1.0,18.0,3.0,-1.3212981885116265e-15,0.0285980083204878,0.0285980083204892,0.0603073792140898,0.1104765839901533,0.1104765839901534,0.0,1.0,0.0,0.0,0.0,1.0,0.0,0.0,20.0,-1.0,0.0,2.0,-0.6666666666666667,0.0,4.0,0.0,0.0,40.0,0.0,0.0,9.0,-1.0,0.0,2.0,0.0,0.0,40.0,0.0,0.0,41.0,0.0,0.0,20.0,-1.0,0.0,1.0,-0.18,0.0,0.0,0.38418745424597095,0.0,0.0,0.0,0.0,0.0,1.0
TopOff,107,0.4895833333333333,0.4432900589781919,12.0,12.0,144.0,100.0,44.0,0.3055555555555556,180.0,1.0,1.0,3.6,2.0,4.0,0.0,4.0,96.0,18.0,6.6,1.0,18.0,8.0,-1.3212981885116265e-15,0.0285980083204878,0.0285980083204892,0.0603073792140898,0.1104765839901533,0.1104765839901534,0.0,1.0,0.0,0.0,0.0,1.0,0.0,0.0,20.0,-1.0,0.0,4.0,-1.0,0.0,2.0,0.0,0.0,40.0,0.0,0.0,9.0,-1.0,0.0,4.0,0.0,0.0,40.0,0.0,0.0,41.0,0.0,0.0,20.0,-1.0,0.0,1.0,-0.16,0.0,0.0,0.36660605559646714,0.0,0.0,0.0,0.0,0.0,1.0
TopOff,108,0.638888888888889,0.3778186252426511,12.0,12.0,144.0,100.0,44.0,0.3055555555555556,180.0,1.0,1.0,3.6,2.0,4.0,0.0,4.0,96.0,18.0,6.6,1.0,18.0,6.0,-1.3212981885116265e-15,0.0285980083204878,0.0285980083204892,0.0603073792140898,0.1104765839901533,0.1104765839901534,0.0,1.0,0.0,0.0,0.0,1.0,0.0,0.0,20.0,-1.0,0.0,2.0,-0.8333333333333334,0.0,4.0,0.0,0.0,40.0,0.0,0.0,9.0,-1.0,0.0,2.0,0.0,0.0,40.0,0.0,0.0,41.0,0.0,0.0,20.0,-1.0,0.0,1.0,-0.19333333333333336,0.0,0.0,0.38924428205319994,0.0,0.0,0.0,0.0,0.0,0.8333333333333334
TopOff,109,0.59375,0.3576725981956124,12.0,12.0,144.0,100.0,44.0,0.3055555555555556,180.0,1.0,1.0,3.6,2.0,4.0,0.0,4.0,96.0,18.0,6.6,1.0,18.0,8.0,-1.3212981885116265e-15,0.0285980083204878,0.0285980083204892,0.0603073792140898,0.1104765839901533,0.1104765839901534,0.0,1.0,0.0,0.0,0.0,1.0,0.0,0.0,20.0,-1.0,0.0,2.0,-0.25,0.0,14.0,0.0,0.0,40.0,0.0,0.0,9.0,-1.0,0.0,2.0,0.0,0.0,40.0,0.0,0.0,41.0,0.0,0.0,20.0,-1.0,0.0,1.0,-0.24,0.125,0.0,0.41746257317273366,0.02,0.0,0.0,0.0,0.0,1.0
TopOff,110,0.6666666666666666,0.4714045207910317,12.0,12.0,144.0,100.0,44.0,0.3055555555555556,180.0,1.0,1.0,3.6,2.0,4.0,0.0,4.0,96.0,18.0,6.6,1.0,18.0,1.0,-1.3212981885116265e-15,0.0285980083204878,0.0285980083204892,0.0603073792140898,0.1104765839901533,0.1104765839901534,0.0,1.0,0.0,0.0,0.0,1.0,0.0,0.0,20.0,-1.0,0.0,10.0,-1.0,0.0,2.0,0.0,0.0,40.0,0.0,0.0,9.0,-1.0,0.0,10.0,0.0,0.0,40.0,0.0,0.0,41.0,0.0,0.0,20.0,-1.0,0.0,1.0,-0.14,0.0,0.0,0.3469870314579494,0.0,0.0,0.0,0.0,0.0,1.0
TopOff,111,0.6666666666666666,0.2357022603955158,12.0,12.0,144.0,100.0,44.0,0.3055555555555556,180.0,1.0,1.0,3.6,2.0,4.0,0.0,4.0,96.0,18.0,6.6,1.0,18.0,3.0,-1.3212981885116265e-15,0.0285980083204878,0.0285980083204892,0.0603073792140898,0.1104765839901533,0.1104765839901534,0.0,1.0,0.0,0.0,0.0,1.0,0.0,0.0,20.0,-1.0,0.0,2.0,-0.6666666666666667,0.0,4.0,0.0,0.0,40.0,0.0,0.0,9.0,-1.0,0.0,2.0,0.0,0.0,40.0,0.0,0.0,41.0,0.0,0.0,20.0,-1.0,0.0,1.0,-0.15333333333333335,0.0,0.0,0.3540872459970534,0.0,0.0,0.0,0.0,0.0,1.0
TopOff,112,0.75,0.2975595178559521,12.0,12.0,144.0,100.0,44.0,0.3055555555555556,180.0,1.0,1.0,3.6,2.0,4.0,0.0,4.0,96.0,18.0,6.6,1.0,18.0,8.0,-1.3212981885116265e-15,0.0285980083204878,0.0285980083204892,0.0603073792140898,0.1104765839901533,0.1104765839901534,0.0,1.0,0.0,0.0,0.0,1.0,0.0,0.0,20.0,-1.0,0.0,2.0,-0.5,0.0,10.0,0.0,0.0,40.0,0.0,0.0,9.0,-1.0,0.0,2.0,0.0,0.0,40.0,0.0,0.0,41.0,0.0,0.0,20.0,-1.0,0.0,1.0,-0.1975,0.125,0.0,0.40162949343891563,0.02,0.0,0.0,0.0,0.0,1.0
TopOff,113,0.763888888888889,0.1436677837887305,12.0,12.0,144.0,100.0,44.0,0.3055555555555556,180.0,1.0,1.0,3.6,2.0,4.0,0.0,4.0,96.0,18.0,6.6,1.0,18.0,6.0,-1.3212981885116265e-15,0.0285980083204878,0.0285980083204892,0.0603073792140898,0.1104765839901533,0.1104765839901534,0.0,1.0,0.0,0.0,0.0,1.0,0.0,0.0,20.0,-1.0,0.0,2.0,-0.6666666666666667,0.0,6.0,0.0,0.0,40.0,0.0,0.0,9.0,-1.0,0.0,2.0,0.0,0.0,40.0,0.0,0.0,41.0,0.0,0.0,20.0,-1.0,0.0,1.0,-0.19666666666666668,0.16666666666666666,0.0,0.40234037552522345,0.02,0.0,0.0,0.0,0.0,1.0
TopOff,114,0.761904761904762,0.3466718994895484,12.0,12.0,144.0,100.0,44.0,0.3055555555555556,180.0,1.0,1.0,3.6,2.0,4.0,0.0,4.0,96.0,18.0,6.6,1.0,18.0,7.0,-1.3212981885116265e-15,0.0285980083204878,0.0285980083204892,0.0603073792140898,0.1104765839901533,0.1104765839901534,0.0,1.0,0.0,0.0,0.0,1.0,0.0,0.0,20.0,-1.0,0.0,2.0,-0.5714285714285714,0.0,8.0,0.0,0.0,40.0,0.0,0.0,9.0,-1.0,0.0,2.0,0.0,0.0,40.0,0.0,0.0,41.0,0.0,0.0,20.0,-1.0,0.0,1.0,-0.17714285714285716,0.14285714285714285,0.0,0.38604218866410367,0.02,0.0,0.0,0.0,0.0,1.0
TopOff,115,0.7083333333333334,0.3076004804215292,12.0,12.0,144.0,100.0,44.0,0.3055555555555556,180.0,1.0,1.0,3.6,2.0,4.0,0.0,4.0,96.0,18.0,6.6,1.0,18.0,8.0,-1.3212981885116265e-15,0.0285980083204878,0.0285980083204892,0.0603073792140898,0.1104765839901533,0.1104765839901534,0.0,1.0,0.0,0.0,0.0,1.0,0.0,0.0,20.0,-1.0,0.0,2.0,-0.75,0.0,6.0,0.0,0.0,40.0,0.0,0.0,9.0,-1.0,0.0,2.0,0.0,0.0,40.0,0.0,0.0,41.0,0.0,0.0,20.0,-1.0,0.0,1.0,-0.1375,0.125,0.0,0.34843399661915886,0.02,0.0,0.0,0.0,0.0,0.875
TopOff,116,0.6666666666666666,0.3280836614171588,12.0,12.0,144.0,100.0,44.0,0.3055555555555556,180.0,1.0,1.0,3.6,2.0,4.0,0.0,4.0,96.0,18.0,6.6,1.0,18.0,4.0,-1.3212981885116265e-15,0.0285980083204878,0.0285980083204892,0.0603073792140898,0.1104765839901533,0.1104765839901534,0.0,1.0,0.0,0.0,0.0,1.0,0.0,0.0,20.0,-1.0,0.0,2.0,-0.75,0.0,4.0,0.0,0.0,40.0,0.0,0.0,9.0,-1.0,0.0,2.0,0.0,0.0,40.0,0.0,0.0,41.0,0.0,0.0,20.0,-1.0,0.0,1.0,-0.19,0.25,0.0,0.39547439866570383,0.02,0.0,0.0,0.0,0.0,1.0
TopOff,117,0.9166666666666666,0.2763853991962833,12.0,12.0,144.0,100.0,44.0,0.3055555555555556,180.0,1.0,1.0,3.6,2.0,4.0,0.0,4.0,96.0,18.0,6.6,1.0,18.0,1.0,-1.3212981885116265e-15,0.0285980083204878,0.0285980083204892,0.0603073792140898,0.1104765839901533,0.1104765839901534,0.0,1.0,0.0,0.0,0.0,1.0,0.0,0.0,20.0,-1.0,0.0,16.0,-1.0,0.0,2.0,0.0,0.0,40.0,0.0,0.0,9.0,-1.0,0.0,16.0,0.0,0.0,40.0,0.0,0.0,41.0,0.0,0.0,20.0,-1.0,0.0,1.0,-0.16,0.0,0.0,0.36660605559646714,0.0,0.0,0.0,0.0,0.0,1.0
TopOff,118,0.7708333333333334,0.2787310033387427,12.0,12.0,144.0,100.0,44.0,0.3055555555555556,180.0,1.0,1.0,3.6,2.0,4.0,0.0,4.0,96.0,18.0,6.6,1.0,18.0,4.0,-1.3212981885116265e-15,0.0285980083204878,0.0285980083204892,0.0603073792140898,0.1104765839901533,0.1104765839901534,0.0,1.0,0.0,0.0,0.0,1.0,0.0,0.0,20.0,-1.0,0.0,4.0,-1.0,0.0,2.0,0.0,0.0,40.0,0.0,0.0,9.0,-1.0,0.0,4.0,0.0,0.0,40.0,0.0,0.0,41.0,0.0,0.0,20.0,-1.0,0.0,1.0,-0.175,0.0,0.0,0.37499999999999994,0.0,0.0,0.0,0.0,0.0,1.0
TopOff,119,0.8214285714285715,0.2191899123752615,12.0,12.0,144.0,100.0,44.0,0.3055555555555556,180.0,1.0,1.0,3.6,2.0,4.0,0.0,4.0,96.0,18.0,6.6,1.0,18.0,7.0,-1.3212981885116265e-15,0.0285980083204878,0.0285980083204892,0.0603073792140898,0.1104765839901533,0.1104765839901534,0.0,1.0,0.0,0.0,0.0,1.0,0.0,0.0,20.0,-1.0,0.0,2.0,-0.7142857142857143,0.0,6.0,0.0,0.0,40.0,0.0,0.0,9.0,-1.0,0.0,2.0,0.0,0.0,40.0,0.0,0.0,41.0,0.0,0.0,20.0,-1.0,0.0,1.0,-0.21714285714285717,0.0,0.0,0.40931999357819937,0.0,0.0,0.0,0.0,0.0,1.0
TopOff,120,0.78125,0.1155264219417647,12.0,12.0,144.0,100.0,44.0,0.3055555555555556,180.0,1.0,1.0,3.6,2.0,4.0,0.0,4.0,96.0,18.0,6.6,1.0,18.0,8.0,-1.3212981885116265e-15,0.0285980083204878,0.0285980083204892,0.0603073792140898,0.1104765839901533,0.1104765839901534,0.0,1.0,0.0,0.0,0.0,1.0,0.0,0.0,20.0,-1.0,0.0,2.0,-0.125,0.0,16.0,0.0,0.0,40.0,0.0,0.0,9.0,-1.0,0.0,2.0,0.0,0.0,40.0,0.0,0.0,41.0,0.0,0.0,20.0,-1.0,0.0,1.0,-0.1025,0.5,0.0,0.3323119769132614,0.06,0.0,0.0,0.0,0.0,1.0
TopOff,121,0.8611111111111112,0.2873355675774611,12.0,12.0,144.0,100.0,44.0,0.3055555555555556,180.0,1.0,1.0,3.6,2.0,4.0,0.0,4.0,96.0,18.0,6.6,1.0,18.0,3.0,-1.3212981885116265e-15,0.0285980083204878,0.0285980083204892,0.0603073792140898,0.1104765839901533,0.1104765839901534,0.0,1.0,0.0,0.0,0.0,1.0,0.0,0.0,20.0,-1.0,0.0,8.0,-1.0,0.0,2.0,0.0,0.0,40.0,0.0,0.0,9.0,-1.0,0.0,8.0,0.0,0.0,40.0,0.0,0.0,41.0,0.0,0.0,20.0,-1.0,0.0,1.0,-0.28,0.0,0.0,0.448998886412873,0.0,0.0,0.0,0.0,0.0,1.0
TopOff,122,0.7976190476190478,0.1886068990208911,12.0,12.0,144.0,100.0,44.0,0.3055555555555556,180.0,1.0,1.0,3.6,2.0,4.0,0.0,4.0,96.0,18.0,6.6,1.0,18.0,7.0,-1.3212981885116265e-15,0.0285980083204878,0.0285980083204892,0.0603073792140898,0.1104765839901533,0.1104765839901534,0.0,1.0,0.0,0.0,0.0,1.0,0.0,0.0,20.0,-1.0,0.0,2.0,-0.4285714285714286,0.0,10.0,0.0,0.0,40.0,0.0,0.0,9.0,-1.0,0.0,2.0,0.0,0.0,40.0,0.0,0.0,41.0,0.0,0.0,20.0,-1.0,0.0,1.0,-0.17142857142857143,0.14285714285714285,0.0,0.38225966172170434,0.04,0.0,0.0,0.0,0.0,1.0
TopOff,123,0.5833333333333334,0.2763853991962833,12.0,12.0,144.0,100.0,44.0,0.3055555555555556,180.0,1.0,1.0,3.6,2.0,4.0,0.0,4.0,96.0,18.0,6.6,1.0,18.0,2.0,-1.3212981885116265e-15,0.0285980083204878,0.0285980083204892,0.0603073792140898,0.1104765839901533,0.1104765839901534,0.0,1.0,0.0,0.0,0.0,1.0,0.0,0.0,20.0,-1.0,0.0,2.0,-0.5,0.0,4.0,0.0,0.0,40.0,0.0,0.0,9.0,-1.0,0.0,2.0,0.0,0.0,40.0,0.0,0.0,41.0,0.0,0.0,20.0,-1.0,0.0,1.0,-0.18,0.0,0.0,0.38418745424597095,0.0,0.0,0.0,0.0,0.0,1.0
TopOff,124,0.6071428571428572,0.2980948577511645,12.0,12.0,144.0,100.0,44.0,0.3055555555555556,180.0,1.0,1.0,3.6,2.0,4.0,0.0,4.0,96.0,18.0,6.6,1.0,18.0,7.0,-1.3212981885116265e-15,0.0285980083204878,0.0285980083204892,0.0603073792140898,0.1104765839901533,0.1104765839901534,0.0,1.0,0.0,0.0,0.0,1.0,0.0,0.0,20.0,-1.0,0.0,2.0,-0.8571428571428572,0.0,4.0,0.0,0.0,40.0,0.0,0.0,9.0,-1.0,0.0,2.0,0.0,0.0,40.0,0.0,0.0,41.0,0.0,0.0,20.0,-1.0,0.0,1.0,-0.1942857142857143,0.14285714285714285,0.0,0.39668010038419665,0.02,0.0,0.0,0.0,0.0,1.0
TopOff,125,0.7380952380952382,0.2725124557680856,12.0,12.0,144.0,100.0,44.0,0.3055555555555556,180.0,1.0,1.0,3.6,2.0,4.0,0.0,4.0,96.0,18.0,6.6,1.0,18.0,7.0,-1.3212981885116265e-15,0.0285980083204878,0.0285980083204892,0.0603073792140898,0.1104765839901533,0.1104765839901534,0.0,1.0,0.0,0.0,0.0,1.0,0.0,0.0,20.0,-1.0,0.0,2.0,-0.7142857142857143,0.0,6.0,0.0,0.0,40.0,0.0,0.0,9.0,-1.0,0.0,2.0,0.0,0.0,40.0,0.0,0.0,41.0,0.0,0.0,20.0,-1.0,0.0,1.0,-0.19714285714285715,0.14285714285714285,0.0,0.4019239444756397,0.02,0.0,0.0,0.0,0.0,1.0
TopOff,126,0.6666666666666666,0.4249182927993987,12.0,12.0,144.0,100.0,44.0,0.3055555555555556,180.0,1.0,1.0,3.6,2.0,4.0,0.0,4.0,96.0,18.0,6.6,1.0,18.0,2.0,-1.3212981885116265e-15,0.0285980083204878,0.0285980083204892,0.0603073792140898,0.1104765839901533,0.1104765839901534,0.0,1.0,0.0,0.0,0.0,1.0,0.0,0.0,20.0,-1.0,0.0,12.0,-1.0,0.0,2.0,0.0,0.0,40.0,0.0,0.0,9.0,-1.0,0.0,12.0,0.0,0.0,40.0,0.0,0.0,41.0,0.0,0.0,20.0,-1.0,0.0,1.0,-0.3,0.0,0.0,0.45825756949558394,0.0,0.0,0.0,0.0,0.0,1.0
TopOff,127,0.6666666666666666,0.2990145853001525,12.0,12.0,144.0,100.0,44.0,0.3055555555555556,180.0,1.0,1.0,3.6,2.0,4.0,0.0,4.0,96.0,18.0,6.6,1.0,18.0,8.0,-1.3212981885116265e-15,0.0285980083204878,0.0285980083204892,0.0603073792140898,0.1104765839901533,0.1104765839901534,0.0,1.0,0.0,0.0,0.0,1.0,0.0,0.0,20.0,-1.0,0.0,2.0,-0.75,0.0,6.0,0.0,0.0,40.0,0.0,0.0,9.0,-1.0,0.0,2.0,0.0,0.0,40.0,0.0,0.0,41.0,0.0,0.0,20.0,-1.0,0.0,1.0,-0.115,0.125,0.0,0.32771939216347884,0.04,0.0,0.0,0.0,0.0,1.0
TopOff,128,0.8194444444444445,0.1589655991980499,12.0,12.0,144.0,100.0,44.0,0.3055555555555556,180.0,1.0,1.0,3.6,2.0,4.0,0.0,4.0,96.0,18.0,6.6,1.0,18.0,6.0,-1.3212981885116265e-15,0.0285980083204878,0.0285980083204892,0.0603073792140898,0.1104765839901533,0.1104765839901534,0.0,1.0,0.0,0.0,0.0,1.0,0.0,0.0,20.0,-1.0,0.0,2.0,-0.6666666666666667,0.0,6.0,0.0,0.0,40.0,0.0,0.0,9.0,-1.0,0.0,2.0,0.0,0.0,40.0,0.0,0.0,41.0,0.0,0.0,20.0,-1.0,0.0,1.0,-0.21,0.0,0.0,0.3969466798786289,0.0,0.0,0.0,0.0,0.0,1.0
TopOff,129,0.9444444444444444,0.1242259987499882,12.0,12.0,144.0,100.0,44.0,0.3055555555555556,180.0,1.0,1.0,3.6,2.0,4.0,0.0,4.0,96.0,18.0,6.6,1.0,18.0,3.0,-1.3212981885116265e-15,0.0285980083204878,0.0285980083204892,0.0603073792140898,0.1104765839901533,0.1104765839901534,0.0,1.0,0.0,0.0,0.0,1.0,0.0,0.0,20.0,-1.0,0.0,6.0,-1.0,0.0,2.0,0.0,0.0,40.0,0.0,0.0,9.0,-1.0,0.0,6.0,0.0,0.0,40.0,0.0,0.0,41.0,0.0,0.0,20.0,-1.0,0.0,1.0,-0.2,0.0,0.0,0.4,0.0,0.0,0.0,0.0,0.0,1.0
TopOff,130,0.8125,0.148779758927976,12.0,12.0,144.0,100.0,44.0,0.3055555555555556,180.0,1.0,1.0,3.6,2.0,4.0,0.0,4.0,96.0,18.0,6.6,1.0,18.0,4.0,-1.3212981885116265e-15,0.0285980083204878,0.0285980083204892,0.0603073792140898,0.1104765839901533,0.1104765839901534,0.0,1.0,0.0,0.0,0.0,1.0,0.0,0.0,20.0,-1.0,0.0,2.0,-0.5,0.0,6.0,0.0,0.0,40.0,0.0,0.0,9.0,-1.0,0.0,2.0,0.0,0.0,40.0,0.0,0.0,41.0,0.0,0.0,20.0,-1.0,0.0,1.0,-0.15,0.0,0.0,0.35,0.0,0.0,0.0,0.0,0.0,1.0
TopOff,131,0.0,0.0,12.0,12.0,144.0,100.0,44.0,0.3055555555555556,180.0,1.0,1.0,3.6,2.0,4.0,0.0,4.0,96.0,18.0,6.6,1.0,18.0,1.0,-1.3212981885116265e-15,0.0285980083204878,0.0285980083204892,0.0603073792140898,0.1104765839901533,0.1104765839901534,0.0,1.0,0.0,0.0,0.0,1.0,0.0,0.0,20.0,-1.0,0.0,2.0,1.0,0.0,2.0,0.0,0.0,40.0,0.0,0.0,9.0,-1.0,0.0,2.0,0.0,0.0,40.0,0.0,0.0,41.0,0.0,0.0,20.0,-1.0,0.0,1.0,0.02,1.0,0.0,0.24413111231467405,0.04,0.04,0.0,1.0,1.0,1.0
TopOff,132,0.8214285714285716,0.2616340592361417,12.0,12.0,144.0,100.0,44.0,0.3055555555555556,180.0,1.0,1.0,3.6,2.0,4.0,0.0,4.0,96.0,18.0,6.6,1.0,18.0,7.0,-1.3212981885116265e-15,0.0285980083204878,0.0285980083204892,0.0603073792140898,0.1104765839901533,0.1104765839901534,0.0,1.0,0.0,0.0,0.0,1.0,0.0,0.0,20.0,-1.0,0.0,2.0,-0.8571428571428572,0.0,4.0,0.0,0.0,40.0,0.0,0.0,9.0,-1.0,0.0,2.0,0.0,0.0,40.0,0.0,0.0,41.0,0.0,0.0,20.0,-1.0,0.0,1.0,-0.09714285714285714,0.14285714285714285,0.0,0.3016147021804947,0.02,0.0,0.0,0.0,0.0,0.8571428571428572
TopOff,133,0.9166666666666666,0.1443375672974064,12.0,12.0,144.0,100.0,44.0,0.3055555555555556,180.0,1.0,1.0,3.6,2.0,4.0,0.0,4.0,96.0,18.0,6.6,1.0,18.0,3.0,-1.3212981885116265e-15,0.0285980083204878,0.0285980083204892,0.0603073792140898,0.1104765839901533,0.1104765839901534,0.0,1.0,0.0,0.0,0.0,1.0,0.0,0.0,20.0,-1.0,0.0,6.0,-1.0,0.0,2.0,0.0,0.0,40.0,0.0,0.0,9.0,-1.0,0.0,6.0,0.0,0.0,40.0,0.0,0.0,41.0,0.0,0.0,20.0,-1.0,0.0,1.0,-0.15333333333333335,0.0,0.0,0.3540872459970534,0.0,0.0,0.0,0.0,0.0,1.0
TopOff,134,0.7777777777777778,0.2389534796400729,12.0,12.0,144.0,100.0,44.0,0.3055555555555556,180.0,1.0,1.0,3.6,2.0,4.0,0.0,4.0,96.0,18.0,6.6,1.0,18.0,6.0,-1.3212981885116265e-15,0.0285980083204878,0.0285980083204892,0.0603073792140898,0.1104765839901533,0.1104765839901534,0.0,1.0,0.0,0.0,0.0,1.0,0.0,0.0,20.0,-1.0,0.0,4.0,-1.0,0.0,2.0,0.0,0.0,40.0,0.0,0.0,9.0,-1.0,0.0,4.0,0.0,0.0,40.0,0.0,0.0,41.0,0.0,0.0,20.0,-1.0,0.0,1.0,-0.26,0.0,0.0,0.4386342439892262,0.0,0.0,0.0,0.0,0.0,1.0
TopOff,135,0.6770833333333334,0.3325185354065076,12.0,12.0,144.0,100.0,44.0,0.3055555555555556,180.0,1.0,1.0,3.6,2.0,4.0,0.0,4.0,96.0,18.0,6.6,1.0,18.0,8.0,-1.3212981885116265e-15,0.0285980083204878,0.0285980083204892,0.0603073792140898,0.1104765839901533,0.1104765839901534,0.0,1.0,0.0,0.0,0.0,1.0,0.0,0.0,20.0,-1.0,0.0,2.0,-0.375,0.0,12.0,0.0,0.0,40.0,0.0,0.0,9.0,-1.0,0.0,2.0,0.0,0.0,40.0,0.0,0.0,41.0,0.0,0.0,20.0,-1.0,0.0,1.0,-0.1175,0.125,0.0,0.32635295310445717,0.02,0.0,0.0,0.0,0.0,0.875
TopOff,136,0.638888888888889,0.2530675994206749,12.0,12.0,144.0,100.0,44.0,0.3055555555555556,180.0,1.0,1.0,3.6,2.0,4.0,0.0,4.0,96.0,18.0,6.6,1.0,18.0,3.0,-1.3212981885116265e-15,0.0285980083204878,0.0285980083204892,0.0603073792140898,0.1104765839901533,0.1104765839901534,0.0,1.0,0.0,0.0,0.0,1.0,0.0,0.0,20.0,-1.0,0.0,2.0,-0.6666666666666667,0.0,4.0,0.0,0.0,40.0,0.0,0.0,9.0,-1.0,0.0,2.0,0.0,0.0,40.0,0.0,0.0,41.0,0.0,0.0,20.0,-1.0,0.0,1.0,-0.07333333333333333,0.0,0.0,0.25201410895247733,0.0,0.0,0.0,0.0,0.0,1.0
TopOff,137,0.8452380952380952,0.1793633234918971,12.0,12.0,144.0,100.0,44.0,0.3055555555555556,180.0,1.0,1.0,3.6,2.0,4.0,0.0,4.0,96.0,18.0,6.6,1.0,18.0,7.0,-1.3212981885116265e-15,0.0285980083204878,0.0285980083204892,0.0603073792140898,0.1104765839901533,0.1104765839901534,0.0,1.0,0.0,0.0,0.0,1.0,0.0,0.0,20.0,-1.0,0.0,2.0,-0.2857142857142858,0.0,12.0,0.0,0.0,40.0,0.0,0.0,9.0,-1.0,0.0,2.0,0.0,0.0,40.0,0.0,0.0,41.0,0.0,0.0,20.0,-1.0,0.0,1.0,-0.22285714285714284,0.0,0.0,0.40824162513124007,0.0,0.0,0.0,0.0,0.0,0.8571428571428572
TopOff,138,0.8333333333333334,0.372677996249965,12.0,12.0,144.0,100.0,44.0,0.3055555555555556,180.0,1.0,1.0,3.6,2.0,4.0,0.0,4.0,96.0,18.0,6.6,1.0,18.0,1.0,-1.3212981885116265e-15,0.0285980083204878,0.0285980083204892,0.0603073792140898,0.1104765839901533,0.1104765839901534,0.0,1.0,0.0,0.0,0.0,1.0,0.0,0.0,20.0,-1.0,0.0,10.0,-1.0,0.0,2.0,0.0,0.0,40.0,0.0,0.0,9.0,-1.0,0.0,10.0,0.0,0.0,40.0,0.0,0.0,41.0,0.0,0.0,20.0,-1.0,0.0,1.0,-0.2,0.0,0.0,0.4,0.0,0.0,0.0,0.0,0.0,1.0
TopOff,139,0.9333333333333332,0.1247219128924647,12.0,12.0,144.0,100.0,44.0,0.3055555555555556,180.0,1.0,1.0,3.6,2.0,4.0,0.0,4.0,96.0,18.0,6.6,1.0,18.0,5.0,-1.3212981885116265e-15,0.0285980083204878,0.0285980083204892,0.0603073792140898,0.1104765839901533,0.1104765839901534,0.0,1.0,0.0,0.0,0.0,1.0,0.0,0.0,20.0,-1.0,0.0,4.0,-1.0,0.0,2.0,0.0,0.0,40.0,0.0,0.0,9.0,-1.0,0.0,4.0,0.0,0.0,40.0,0.0,0.0,41.0,0.0,0.0,20.0,-1.0,0.0,1.0,-0.16,0.0,0.0,0.36660605559646714,0.0,0.0,0.0,0.0,0.0,1.0
TopOff,140,0.46875,0.4708287241662301,12.0,12.0,144.0,100.0,44.0,0.3055555555555556,180.0,1.0,1.0,3.6,2.0,4.0,0.0,4.0,96.0,18.0,6.6,1.0,18.0,8.0,-1.3212981885116265e-15,0.0285980083204878,0.0285980083204892,0.0603073792140898,0.1104765839901533,0.1104765839901534,0.0,1.0,0.0,0.0,0.0,1.0,0.0,0.0,20.0,-1.0,0.0,2.0,1.0,0.0,16.0,0.0,0.0,40.0,0.0,0.0,9.0,-1.0,0.0,2.0,0.0,0.0,40.0,0.0,0.0,41.0,0.0,0.0,20.0,-1.0,0.0,1.0,-0.27,0.125,0.0,0.4404259302084744,0.02,0.0,0.0,1.0,1.0,1.0
TopOff,141,0.5833333333333334,0.3435921354681384,12.0,12.0,144.0,100.0,44.0,0.3055555555555556,180.0,1.0,1.0,3.6,2.0,4.0,0.0,4.0,96.0,18.0,6.6,1.0,18.0,2.0,-1.3212981885116265e-15,0.0285980083204878,0.0285980083204892,0.0603073792140898,0.1104765839901533,0.1104765839901534,0.0,1.0,0.0,0.0,0.0,1.0,0.0,0.0,20.0,-1.0,0.0,10.0,-1.0,0.0,2.0,0.0,0.0,40.0,0.0,0.0,9.0,-1.0,0.0,10.0,0.0,0.0,40.0,0.0,0.0,41.0,0.0,0.0,20.0,-1.0,0.0,1.0,-0.24,0.0,0.0,0.42708313008125254,0.0,0.0,0.0,0.0,0.0,1.0
TopOff,142,0.8333333333333334,0.1521451548625461,12.0,12.0,144.0,100.0,44.0,0.3055555555555556,180.0,1.0,1.0,3.6,2.0,4.0,0.0,4.0,96.0,18.0,6.6,1.0,18.0,6.0,-1.3212981885116265e-15,0.0285980083204878,0.0285980083204892,0.0603073792140898,0.1104765839901533,0.1104765839901534,0.0,1.0,0.0,0.0,0.0,1.0,0.0,0.0,20.0,-1.0,0.0,2.0,-0.5,0.0,8.0,0.0,0.0,40.0,0.0,0.0,9.0,-1.0,0.0,2.0,0.0,0.0,40.0,0.0,0.0,41.0,0.0,0.0,20.0,-1.0,0.0,1.0,-0.16666666666666669,0.6666666666666666,0.0,0.40138648595974313,0.02,0.0,0.0,0.0,0.0,1.0
TopOff,143,0.7777777777777777,0.2749859704614351,12.0,12.0,144.0,100.0,44.0,0.3055555555555556,180.0,1.0,1.0,3.6,2.0,4.0,0.0,4.0,96.0,18.0,6.6,1.0,18.0,6.0,-1.3212981885116265e-15,0.0285980083204878,0.0285980083204892,0.0603073792140898,0.1104765839901533,0.1104765839901534,0.0,1.0,0.0,0.0,0.0,1.0,0.0,0.0,20.0,-1.0,0.0,2.0,-0.8333333333333334,0.0,4.0,0.0,0.0,40.0,0.0,0.0,9.0,-1.0,0.0,2.0,0.0,0.0,40.0,0.0,0.0,41.0,0.0,0.0,20.0,-1.0,0.0,1.0,-0.15000000000000002,0.16666666666666666,0.0,0.35472994422987936,0.02,0.0,0.0,0.0,0.0,1.0
TopOff,144,0.6944444444444443,0.2873355675774611,12.0,12.0,144.0,100.0,44.0,0.3055555555555556,180.0,1.0,1.0,3.6,2.0,4.0,0.0,4.0,96.0,18.0,6.6,1.0,18.0,6.0,-1.3212981885116265e-15,0.0285980083204878,0.0285980083204892,0.0603073792140898,0.1104765839901533,0.1104765839901534,0.0,1.0,0.0,0.0,0.0,1.0,0.0,0.0,20.0,-1.0,0.0,2.0,-0.6666666666666667,0.0,6.0,0.0,0.0,40.0,0.0,0.0,9.0,-1.0,0.0,2.0,0.0,0.0,40.0,0.0,0.0,41.0,0.0,0.0,20.0,-1.0,0.0,1.0,-0.14666666666666667,0.0,0.0,0.33934577580331765,0.0,0.0,0.0,0.0,0.0,1.0
TopOff,145,0.8055555555555557,0.1495879113092917,12.0,12.0,144.0,100.0,44.0,0.3055555555555556,180.0,1.0,1.0,3.6,2.0,4.0,0.0,4.0,96.0,18.0,6.6,1.0,18.0,6.0,-1.3212981885116265e-15,0.0285980083204878,0.0285980083204892,0.0603073792140898,0.1104765839901533,0.1104765839901534,0.0,1.0,0.0,0.0,0.0,1.0,0.0,0.0,20.0,-1.0,0.0,2.0,-0.6666666666666667,0.0,6.0,0.0,0.0,40.0,0.0,0.0,9.0,-1.0,0.0,2.0,0.0,0.0,40.0,0.0,0.0,41.0,0.0,0.0,20.0,-1.0,0.0,1.0,-0.15666666666666665,0.16666666666666666,0.0,0.36879684259916207,0.02,0.0,0.0,0.0,0.0,1.0
TopOff,146,0.75,0.16583123951777,12.0,12.0,144.0,100.0,44.0,0.3055555555555556,180.0,1.0,1.0,3.6,2.0,4.0,0.0,4.0,96.0,18.0,6.6,1.0,18.0,5.0,-1.3212981885116265e-15,0.0285980083204878,0.0285980083204892,0.0603073792140898,0.1104765839901533,0.1104765839901534,0.0,1.0,0.0,0.0,0.0,1.0,0.0,0.0,20.0,-1.0,0.0,2.0,-0.8,0.0,4.0,0.0,0.0,40.0,0.0,0.0,9.0,-1.0,0.0,2.0,0.0,0.0,40.0,0.0,0.0,41.0,0.0,0.0,20.0,-1.0,0.0,1.0,-0.096,0.2,0.0,0.30262848511004387,0.02,0.0,0.0,0.0,0.0,1.0
TopOff,147,0.9722222222222224,0.092128466398761,12.0,12.0,144.0,100.0,44.0,0.3055555555555556,180.0,1.0,1.0,3.6,2.0,4.0,0.0,4.0,96.0,18.0,6.6,1.0,18.0,3.0,-1.3212981885116265e-15,0.0285980083204878,0.0285980083204892,0.0603073792140898,0.1104765839901533,0.1104765839901534,0.0,1.0,0.0,0.0,0.0,1.0,0.0,0.0,20.0,-1.0,0.0,6.0,-1.0,0.0,2.0,0.0,0.0,40.0,0.0,0.0,9.0,-1.0,0.0,6.0,0.0,0.0,40.0,0.0,0.0,41.0,0.0,0.0,20.0,-1.0,0.0,1.0,-0.14,0.0,0.0,0.3469870314579494,0.0,0.0,0.0,0.0,0.0,1.0
TopOff,148,0.7023809523809524,0.2637919024542897,12.0,12.0,144.0,100.0,44.0,0.3055555555555556,180.0,1.0,1.0,3.6,2.0,4.0,0.0,4.0,96.0,18.0,6.6,1.0,18.0,7.0,-1.3212981885116265e-15,0.0285980083204878,0.0285980083204892,0.0603073792140898,0.1104765839901533,0.1104765839901534,0.0,1.0,0.0,0.0,0.0,1.0,0.0,0.0,20.0,-1.0,0.0,2.0,-0.5714285714285714,0.0,8.0,0.0,0.0,40.0,0.0,0.0,9.0,-1.0,0.0,2.0,0.0,0.0,40.0,0.0,0.0,41.0,0.0,0.0,20.0,-1.0,0.0,1.0,-0.13714285714285715,0.0,0.0,0.3404199087681481,0.0,0.0,0.0,0.0,0.0,1.0
TopOff,149,0.7361111111111112,0.2200413821910397,12.0,12.0,144.0,100.0,44.0,0.3055555555555556,180.0,1.0,1.0,3.6,2.0,4.0,0.0,4.0,96.0,18.0,6.6,1.0,18.0,6.0,-1.3212981885116265e-15,0.0285980083204878,0.0285980083204892,0.0603073792140898,0.1104765839901533,0.1104765839901534,0.0,1.0,0.0,0.0,0.0,1.0,0.0,0.0,20.0,-1.0,0.0,2.0,-0.8333333333333334,0.0,4.0,0.0,0.0,40.0,0.0,0.0,9.0,-1.0,0.0,2.0,0.0,0.0,40.0,0.0,0.0,41.0,0.0,0.0,20.0,-1.0,0.0,1.0,-0.18333333333333335,0.3333333333333333,0.0,0.39616214413349043,0.04,0.0,0.0,0.0,0.0,1.0
TopOff,150,0.6071428571428572,0.4129082189529671,12.0,12.0,144.0,100.0,44.0,0.3055555555555556,180.0,1.0,1.0,3.6,2.0,4.0,0.0,4.0,96.0,18.0,6.6,1.0,18.0,7.0,-1.3212981885116265e-15,0.0285980083204878,0.0285980083204892,0.0603073792140898,0.1104765839901533,0.1104765839901534,0.0,1.0,0.0,0.0,0.0,1.0,0.0,0.0,20.0,-1.0,0.0,2.0,-0.7142857142857143,0.0,6.0,0.0,0.0,40.0,0.0,0.0,9.0,-1.0,0.0,2.0,0.0,0.0,40.0,0.0,0.0,41.0,0.0,0.0,20.0,-1.0,0.0,1.0,-0.18,0.0,0.0,0.38418745424597095,0.0,0.0,0.0,0.0,0.0,1.0
TopOff,151,0.7083333333333334,0.1381926995981416,12.0,12.0,144.0,100.0,44.0,0.3055555555555556,180.0,1.0,1.0,3.6,2.0,4.0,0.0,4.0,96.0,18.0,6.6,1.0,18.0,4.0,-1.3212981885116265e-15,0.0285980083204878,0.0285980083204892,0.0603073792140898,0.1104765839901533,0.1104765839901534,0.0,1.0,0.0,0.0,0.0,1.0,0.0,0.0,20.0,-1.0,0.0,2.0,-0.5,0.0,6.0,0.0,0.0,40.0,0.0,0.0,9.0,-1.0,0.0,2.0,0.0,0.0,40.0,0.0,0.0,41.0,0.0,0.0,20.0,-1.0,0.0,1.0,-0.275,0.0,0.0,0.4422951503238533,0.0,0.0,0.0,0.0,0.0,1.0
TopOff,152,0.7916666666666666,0.3200477394945253,12.0,12.0,144.0,100.0,44.0,0.3055555555555556,180.0,1.0,1.0,3.6,2.0,4.0,0.0,4.0,96.0,18.0,6.6,1.0,18.0,2.0,-1.3212981885116265e-15,0.0285980083204878,0.0285980083204892,0.0603073792140898,0.1104765839901533,0.1104765839901534,0.0,1.0,0.0,0.0,0.0,1.0,0.0,0.0,20.0,-1.0,0.0,6.0,-1.0,0.0,2.0,0.0,0.0,40.0,0.0,0.0,9.0,-1.0,0.0,6.0,0.0,0.0,40.0,0.0,0.0,41.0,0.0,0.0,20.0,-1.0,0.0,1.0,-0.18,0.0,0.0,0.38418745424597095,0.0,0.0,0.0,0.0,0.0,1.0
TopOff,153,0.4880952380952381,0.4895448855940973,12.0,12.0,144.0,100.0,44.0,0.3055555555555556,180.0,1.0,1.0,3.6,2.0,4.0,0.0,4.0,96.0,18.0,6.6,1.0,18.0,7.0,-1.3212981885116265e-15,0.0285980083204878,0.0285980083204892,0.0603073792140898,0.1104765839901533,0.1104765839901534,0.0,1.0,0.0,0.0,0.0,1.0,0.0,0.0,20.0,-1.0,0.0,4.0,-1.0,0.0,2.0,0.0,0.0,40.0,0.0,0.0,9.0,-1.0,0.0,4.0,0.0,0.0,40.0,0.0,0.0,41.0,0.0,0.0,20.0,-1.0,0.0,1.0,-0.21714285714285717,0.0,0.0,0.40931999357819937,0.0,0.0,0.0,0.0,0.0,1.0
TopOff,154,0.6666666666666666,0.2357022603955158,12.0,12.0,144.0,100.0,44.0,0.3055555555555556,180.0,1.0,1.0,3.6,2.0,4.0,0.0,4.0,96.0,18.0,6.6,1.0,18.0,4.0,-1.3212981885116265e-15,0.0285980083204878,0.0285980083204892,0.0603073792140898,0.1104765839901533,0.1104765839901534,0.0,1.0,0.0,0.0,0.0,1.0,0.0,0.0,20.0,-1.0,0.0,2.0,-0.25,0.0,8.0,0.0,0.0,40.0,0.0,0.0,9.0,-1.0,0.0,2.0,0.0,0.0,40.0,0.0,0.0,41.0,0.0,0.0,20.0,-1.0,0.0,1.0,-0.275,0.25,0.0,0.45345892868042637,0.02,0.0,0.0,0.0,0.0,1.0
TopOff,155,0.8055555555555555,0.3716413377849903,12.0,12.0,144.0,100.0,44.0,0.3055555555555556,180.0,1.0,1.0,3.6,2.0,4.0,0.0,4.0,96.0,18.0,6.6,1.0,18.0,3.0,-1.3212981885116265e-15,0.0285980083204878,0.0285980083204892,0.0603073792140898,0.1104765839901533,0.1104765839901534,0.0,1.0,0.0,0.0,0.0,1.0,0.0,0.0,20.0,-1.0,0.0,8.0,-1.0,0.0,2.0,0.0,0.0,40.0,0.0,0.0,9.0,-1.0,0.0,8.0,0.0,0.0,40.0,0.0,0.0,41.0,0.0,0.0,20.0,-1.0,0.0,1.0,-0.14,0.0,0.0,0.3469870314579494,0.0,0.0,0.0,0.0,0.0,1.0
TopOff,156,0.7361111111111112,0.2842984651452599,12.0,12.0,144.0,100.0,44.0,0.3055555555555556,180.0,1.0,1.0,3.6,2.0,4.0,0.0,4.0,96.0,18.0,6.6,1.0,18.0,6.0,-1.3212981885116265e-15,0.0285980083204878,0.0285980083204892,0.0603073792140898,0.1104765839901533,0.1104765839901534,0.0,1.0,0.0,0.0,0.0,1.0,0.0,0.0,20.0,-1.0,0.0,2.0,-0.6666666666666667,0.0,6.0,0.0,0.0,40.0,0.0,0.0,9.0,-1.0,0.0,2.0,0.0,0.0,40.0,0.0,0.0,41.0,0.0,0.0,20.0,-1.0,0.0,1.0,-0.2733333333333334,0.16666666666666666,0.0,0.4469153536558498,0.02,0.0,0.0,0.0,0.0,1.0
TopOff,157,0.75,0.4330127018922193,12.0,12.0,144.0,100.0,44.0,0.3055555555555556,180.0,1.0,1.0,3.6,2.0,4.0,0.0,4.0,96.0,18.0,6.6,1.0,18.0,1.0,-1.3212981885116265e-15,0.0285980083204878,0.0285980083204892,0.0603073792140898,0.1104765839901533,0.1104765839901534,0.0,1.0,0.0,0.0,0.0,1.0,0.0,0.0,20.0,-1.0,0.0,12.0,-1.0,0.0,2.0,0.0,0.0,40.0,0.0,0.0,9.0,-1.0,0.0,12.0,0.0,0.0,40.0,0.0,0.0,41.0,0.0,0.0,20.0,-1.0,0.0,1.0,-0.08,1.0,0.0,0.3370459909270544,0.02,0.02,0.0,0.0,0.0,1.0
TopOff,158,0.7500000000000001,0.2616340592361417,12.0,12.0,144.0,100.0,44.0,0.3055555555555556,180.0,1.0,1.0,3.6,2.0,4.0,0.0,4.0,96.0,18.0,6.6,1.0,18.0,7.0,-1.3212981885116265e-15,0.0285980083204878,0.0285980083204892,0.0603073792140898,0.1104765839901533,0.1104765839901534,0.0,1.0,0.0,0.0,0.0,1.0,0.0,0.0,20.0,-1.0,0.0,2.0,-0.14285714285714302,0.0,14.0,0.0,0.0,40.0,0.0,0.0,9.0,-1.0,0.0,2.0,0.0,0.0,40.0,0.0,0.0,41.0,0.0,0.0,20.0,-1.0,0.0,1.0,-0.21714285714285717,0.0,0.0,0.4093199935781993,0.0,0.0,0.0,0.0,0.0,2.0
TopOff,159,0.6666666666666666,0.4714045207910317,12.0,12.0,144.0,100.0,44.0,0.3055555555555556,180.0,1.0,1.0,3.6,2.0,4.0,0.0,4.0,96.0,18.0,6.6,1.0,18.0,1.0,-1.3212981885116265e-15,0.0285980083204878,0.0285980083204892,0.0603073792140898,0.1104765839901533,0.1104765839901534,0.0,1.0,0.0,0.0,0.0,1.0,0.0,0.0,20.0,-1.0,0.0,14.0,-1.0,0.0,2.0,0.0,0.0,40.0,0.0,0.0,9.0,-1.0,0.0,14.0,0.0,0.0,40.0,0.0,0.0,41.0,0.0,0.0,20.0,-1.0,0.0,1.0,-0.1,0.0,0.0,0.3,0.0,0.0,0.0,0.0,0.0,1.0
TopOff,160,0.75,0.4330127018922193,12.0,12.0,144.0,100.0,44.0,0.3055555555555556,180.0,1.0,1.0,3.6,2.0,4.0,0.0,4.0,96.0,18.0,6.6,1.0,18.0,1.0,-1.3212981885116265e-15,0.0285980083204878,0.0285980083204892,0.0603073792140898,0.1104765839901533,0.1104765839901534,0.0,1.0,0.0,0.0,0.0,1.0,0.0,0.0,20.0,-1.0,0.0,16.0,-1.0,0.0,2.0,0.0,0.0,40.0,0.0,0.0,9.0,-1.0,0.0,16.0,0.0,0.0,40.0,0.0,0.0,41.0,0.0,0.0,20.0,-1.0,0.0,1.0,-0.14,1.0,0.0,0.4004996878900157,0.02,0.02,0.0,0.0,0.0,1.0
TopOff,161,0.5416666666666666,0.3510895738823482,12.0,12.0,144.0,100.0,44.0,0.3055555555555556,180.0,1.0,1.0,3.6,2.0,4.0,0.0,4.0,96.0,18.0,6.6,1.0,18.0,4.0,-1.3212981885116265e-15,0.0285980083204878,0.0285980083204892,0.0603073792140898,0.1104765839901533,0.1104765839901534,0.0,1.0,0.0,0.0,0.0,1.0,0.0,0.0,20.0,-1.0,0.0,2.0,-0.25,0.0,8.0,0.0,0.0,40.0,0.0,0.0,9.0,-1.0,0.0,2.0,0.0,0.0,40.0,0.0,0.0,41.0,0.0,0.0,20.0,-1.0,0.0,1.0,-0.265,0.5,0.0,0.4538997686714546,0.02,0.0,0.0,0.0,0.0,1.0
TopOff,162,0.8958333333333334,0.0858980338670346,12.0,12.0,144.0,100.0,44.0,0.3055555555555556,180.0,1.0,1.0,3.6,2.0,4.0,0.0,4.0,96.0,18.0,6.6,1.0,18.0,8.0,-1.3212981885116265e-15,0.0285980083204878,0.0285980083204892,0.0603073792140898,0.1104765839901533,0.1104765839901534,0.0,1.0,0.0,0.0,0.0,1.0,0.0,0.0,20.0,-1.0,0.0,2.0,-0.75,0.0,6.0,0.0,0.0,40.0,0.0,0.0,9.0,-1.0,0.0,2.0,0.0,0.0,40.0,0.0,0.0,41.0,0.0,0.0,20.0,-1.0,0.0,1.0,-0.2775,0.0,0.0,0.44531589910983416,0.0,0.0,0.0,0.0,0.0,0.875
TopOff,163,0.8194444444444445,0.2587213334749605,12.0,12.0,144.0,100.0,44.0,0.3055555555555556,180.0,1.0,1.0,3.6,2.0,4.0,0.0,4.0,96.0,18.0,6.6,1.0,18.0,6.0,-1.3212981885116265e-15,0.0285980083204878,0.0285980083204892,0.0603073792140898,0.1104765839901533,0.1104765839901534,0.0,1.0,0.0,0.0,0.0,1.0,0.0,0.0,20.0,-1.0,0.0,2.0,-0.8333333333333334,0.0,4.0,0.0,0.0,40.0,0.0,0.0,9.0,-1.0,0.0,2.0,0.0,0.0,40.0,0.0,0.0,41.0,0.0,0.0,20.0,-1.0,0.0,1.0,-0.26,0.0,0.0,0.4386342439892262,0.0,0.0,0.0,0.0,0.0,0.8333333333333334
TopOff,164,0.888888888888889,0.2078698548207745,12.0,12.0,144.0,100.0,44.0,0.3055555555555556,180.0,1.0,1.0,3.6,2.0,4.0,0.0,4.0,96.0,18.0,6.6,1.0,18.0,3.0,-1.3212981885116265e-15,0.0285980083204878,0.0285980083204892,0.0603073792140898,0.1104765839901533,0.1104765839901534,0.0,1.0,0.0,0.0,0.0,1.0,0.0,0.0,20.0,-1.0,0.0,10.0,-1.0,0.0,2.0,0.0,0.0,40.0,0.0,0.0,9.0,-1.0,0.0,10.0,0.0,0.0,40.0,0.0,0.0,41.0,0.0,0.0,20.0,-1.0,0.0,1.0,-0.22,0.0,0.0,0.41424630354415964,0.0,0.0,0.0,0.0,0.0,1.0
TopOff,165,0.6145833333333334,0.4373759744836878,12.0,12.0,144.0,100.0,44.0,0.3055555555555556,180.0,1.0,1.0,3.6,2.0,4.0,0.0,4.0,96.0,18.0,6.6,1.0,18.0,8.0,-1.3212981885116265e-15,0.0285980083204878,0.0285980083204892,0.0603073792140898,0.1104765839901533,0.1104765839901534,0.0,1.0,0.0,0.0,0.0,1.0,0.0,0.0,20.0,-1.0,0.0,4.0,-1.0,0.0,2.0,0.0,0.0,40.0,0.0,0.0,9.0,-1.0,0.0,4.0,0.0,0.0,40.0,0.0,0.0,41.0,0.0,0.0,20.0,-1.0,0.0,1.0,-0.2725,0.0,0.0,0.4399502812818739,0.0,0.0,0.0,0.0,0.0,0.75
TopOff,166,0.75,0.3818813079129867,12.0,12.0,144.0,100.0,44.0,0.3055555555555556,180.0,1.0,1.0,3.6,2.0,4.0,0.0,4.0,96.0,18.0,6.6,1.0,18.0,2.0,-1.3212981885116265e-15,0.0285980083204878,0.0285980083204892,0.0603073792140898,0.1104765839901533,0.1104765839901534,0.0,1.0,0.0,0.0,0.0,1.0,0.0,0.0,20.0,-1.0,0.0,6.0,-1.0,0.0,2.0,0.0,0.0,40.0,0.0,0.0,9.0,-1.0,0.0,6.0,0.0,0.0,40.0,0.0,0.0,41.0,0.0,0.0,20.0,-1.0,0.0,1.0,-0.1,0.0,0.0,0.3,0.0,0.0,0.0,0.0,0.0,1.0
TopOff,167,0.7777777777777778,0.2664350846284844,12.0,12.0,144.0,100.0,44.0,0.3055555555555556,180.0,1.0,1.0,3.6,2.0,4.0,0.0,4.0,96.0,18.0,6.6,1.0,18.0,6.0,-1.3212981885116265e-15,0.0285980083204878,0.0285980083204892,0.0603073792140898,0.1104765839901533,0.1104765839901534,0.0,1.0,0.0,0.0,0.0,1.0,0.0,0.0,20.0,-1.0,0.0,2.0,-0.8333333333333334,0.0,4.0,0.0,0.0,40.0,0.0,0.0,9.0,-1.0,0.0,2.0,0.0,0.0,40.0,0.0,0.0,41.0,0.0,0.0,20.0,-1.0,0.0,1.0,-0.11666666666666668,0.16666666666666666,0.0,0.32702361450580975,0.02,0.0,0.0,0.0,0.0,0.8333333333333334
TopOff,168,0.6770833333333334,0.3402600618971058,12.0,12.0,144.0,100.0,44.0,0.3055555555555556,180.0,1.0,1.0,3.6,2.0,4.0,0.0,4.0,96.0,18.0,6.6,1.0,18.0,8.0,-1.3212981885116265e-15,0.0285980083204878,0.0285980083204892,0.0603073792140898,0.1104765839901533,0.1104765839901534,0.0,1.0,0.0,0.0,0.0,1.0,0.0,0.0,20.0,-1.0,0.0,2.0,-0.375,0.0,12.0,0.0,0.0,40.0,0.0,0.0,9.0,-1.0,0.0,2.0,0.0,0.0,40.0,0.0,0.0,41.0,0.0,0.0,20.0,-1.0,0.0,1.0,-0.115,0.125,0.0,0.32,0.02,0.0,0.0,0.0,0.0,1.0
TopOff,169,0.6666666666666666,0.4714045207910317,12.0,12.0,144.0,100.0,44.0,0.3055555555555556,180.0,1.0,1.0,3.6,2.0,4.0,0.0,4.0,96.0,18.0,6.6,1.0,18.0,1.0,-1.3212981885116265e-15,0.0285980083204878,0.0285980083204892,0.0603073792140898,0.1104765839901533,0.1104765839901534,0.0,1.0,0.0,0.0,0.0,1.0,0.0,0.0,20.0,-1.0,0.0,14.0,-1.0,0.0,2.0,0.0,0.0,40.0,0.0,0.0,9.0,-1.0,0.0,14.0,0.0,0.0,40.0,0.0,0.0,41.0,0.0,0.0,20.0,-1.0,0.0,1.0,-0.28,0.0,0.0,0.44899888641287294,0.0,0.0,0.0,0.0,0.0,1.0
TopOff,170,0.888888888888889,0.1571348402636772,12.0,12.0,144.0,100.0,44.0,0.3055555555555556,180.0,1.0,1.0,3.6,2.0,4.0,0.0,4.0,96.0,18.0,6.6,1.0,18.0,6.0,-1.3212981885116265e-15,0.0285980083204878,0.0285980083204892,0.0603073792140898,0.1104765839901533,0.1104765839901534,0.0,1.0,0.0,0.0,0.0,1.0,0.0,0.0,20.0,-1.0,0.0,2.0,-0.33333333333333337,0.0,10.0,0.0,0.0,40.0,0.0,0.0,9.0,-1.0,0.0,2.0,0.0,0.0,40.0,0.0,0.0,41.0,0.0,0.0,20.0,-1.0,0.0,1.0,-0.29000000000000004,0.16666666666666666,0.0,0.4519218221477398,0.02,0.0,0.0,0.0,0.0,0.8333333333333334
TopOff,171,0.8055555555555555,0.2133651596630168,12.0,12.0,144.0,100.0,44.0,0.3055555555555556,180.0,1.0,1.0,3.6,2.0,4.0,0.0,4.0,96.0,18.0,6.6,1.0,18.0,3.0,-1.3212981885116265e-15,0.0285980083204878,0.0285980083204892,0.0603073792140898,0.1104765839901533,0.1104765839901534,0.0,1.0,0.0,0.0,0.0,1.0,0.0,0.0,20.0,-1.0,0.0,8.0,-1.0,0.0,2.0,0.0,0.0,40.0,0.0,0.0,9.0,-1.0,0.0,8.0,0.0,0.0,40.0,0.0,0.0,41.0,0.0,0.0,20.0,-1.0,0.0,1.0,-0.11333333333333333,0.3333333333333333,0.0,0.33072311346166566,0.02,0.0,0.0,0.0,0.0,1.0
TopOff,172,0.71875,0.2937056704139934,12.0,12.0,144.0,100.0,44.0,0.3055555555555556,180.0,1.0,1.0,3.6,2.0,4.0,0.0,4.0,96.0,18.0,6.6,1.0,18.0,8.0,-1.3212981885116265e-15,0.0285980083204878,0.0285980083204892,0.0603073792140898,0.1104765839901533,0.1104765839901534,0.0,1.0,0.0,0.0,0.0,1.0,0.0,0.0,20.0,-1.0,0.0,2.0,-0.75,0.0,6.0,0.0,0.0,40.0,0.0,0.0,9.0,-1.0,0.0,2.0,0.0,0.0,40.0,0.0,0.0,41.0,0.0,0.0,20.0,-1.0,0.0,1.0,-0.215,0.0,0.0,0.4054626986542658,0.0,0.0,0.0,0.0,0.0,1.0
TopOff,173,0.8055555555555555,0.2873355675774611,12.0,12.0,144.0,100.0,44.0,0.3055555555555556,180.0,1.0,1.0,3.6,2.0,4.0,0.0,4.0,96.0,18.0,6.6,1.0,18.0,3.0,-1.3212981885116265e-15,0.0285980083204878,0.0285980083204892,0.0603073792140898,0.1104765839901533,0.1104765839901534,0.0,1.0,0.0,0.0,0.0,1.0,0.0,0.0,20.0,-1.0,0.0,4.0,-1.0,0.0,2.0,0.0,0.0,40.0,0.0,0.0,9.0,-1.0,0.0,4.0,0.0,0.0,40.0,0.0,0.0,41.0,0.0,0.0,20.0,-1.0,0.0,1.0,-0.06,0.0,0.0,0.23748684174075835,0.0,0.0,0.0,0.0,0.0,1.0
TopOff,174,0.8125,0.1653594569415369,12.0,12.0,144.0,100.0,44.0,0.3055555555555556,180.0,1.0,1.0,3.6,2.0,4.0,0.0,4.0,96.0,18.0,6.6,1.0,18.0,8.0,-1.3212981885116265e-15,0.0285980083204878,0.0285980083204892,0.0603073792140898,0.1104765839901533,0.1104765839901534,0.0,1.0,0.0,0.0,0.0,1.0,0.0,0.0,20.0,-1.0,0.0,2.0,-0.375,0.0,12.0,0.0,0.0,40.0,0.0,0.0,9.0,-1.0,0.0,2.0,0.0,0.0,40.0,0.0,0.0,41.0,0.0,0.0,20.0,-1.0,0.0,1.0,-0.2475,0.0,0.0,0.4260941797302563,0.0,0.0,0.0,0.0,0.0,1.0
TopOff,175,0.5833333333333334,0.4930066485916347,12.0,12.0,144.0,100.0,44.0,0.3055555555555556,180.0,1.0,1.0,3.6,2.0,4.0,0.0,4.0,96.0,18.0,6.6,1.0,18.0,1.0,-1.3212981885116265e-15,0.0285980083204878,0.0285980083204892,0.0603073792140898,0.1104765839901533,0.1104765839901534,0.0,1.0,0.0,0.0,0.0,1.0,0.0,0.0,20.0,-1.0,0.0,12.0,-1.0,0.0,2.0,0.0,0.0,40.0,0.0,0.0,9.0,-1.0,0.0,12.0,0.0,0.0,40.0,0.0,0.0,41.0,0.0,0.0,20.0,-1.0,0.0,1.0,-0.2,0.0,0.0,0.4,0.0,0.0,0.0,0.0,0.0,1.0
TopOff,176,0.3333333333333333,0.4714045207910317,12.0,12.0,144.0,100.0,44.0,0.3055555555555556,180.0,1.0,1.0,3.6,2.0,4.0,0.0,4.0,96.0,18.0,6.6,1.0,18.0,1.0,-1.3212981885116265e-15,0.0285980083204878,0.0285980083204892,0.0603073792140898,0.1104765839901533,0.1104765839901534,0.0,1.0,0.0,0.0,0.0,1.0,0.0,0.0,20.0,-1.0,0.0,6.0,-1.0,0.0,2.0,0.0,0.0,40.0,0.0,0.0,9.0,-1.0,0.0,6.0,0.0,0.0,40.0,0.0,0.0,41.0,0.0,0.0,20.0,-1.0,0.0,1.0,-0.16,0.0,0.0,0.36660605559646714,0.0,0.0,0.0,0.0,0.0,0.0
TopOff,177,0.7142857142857144,0.2332847374079217,12.0,12.0,144.0,100.0,44.0,0.3055555555555556,180.0,1.0,1.0,3.6,2.0,4.0,0.0,4.0,96.0,18.0,6.6,1.0,18.0,7.0,-1.3212981885116265e-15,0.0285980083204878,0.0285980083204892,0.0603073792140898,0.1104765839901533,0.1104765839901534,0.0,1.0,0.0,0.0,0.0,1.0,0.0,0.0,20.0,-1.0,0.0,2.0,-0.8571428571428572,0.0,4.0,0.0,0.0,40.0,0.0,0.0,9.0,-1.0,0.0,2.0,0.0,0.0,40.0,0.0,0.0,41.0,0.0,0.0,20.0,-1.0,0.0,1.0,-0.2742857142857143,0.14285714285714285,0.0,0.4470675427215691,0.02,0.0,0.0,0.0,0.0,1.0
TopOff,178,0.5833333333333334,0.240562612162344,12.0,12.0,144.0,100.0,44.0,0.3055555555555556,180.0,1.0,1.0,3.6,2.0,4.0,0.0,4.0,96.0,18.0,6.6,1.0,18.0,3.0,-1.3212981885116265e-15,0.0285980083204878,0.0285980083204892,0.0603073792140898,0.1104765839901533,0.1104765839901534,0.0,1.0,0.0,0.0,0.0,1.0,0.0,0.0,20.0,-1.0,0.0,2.0,-0.6666666666666667,0.0,4.0,0.0,0.0,40.0,0.0,0.0,9.0,-1.0,0.0,2.0,0.0,0.0,40.0,0.0,0.0,41.0,0.0,0.0,20.0,-1.0,0.0,1.0,-0.16,0.3333333333333333,0.0,0.36660605559646714,0.02,0.0,0.0,0.0,0.0,1.0
TopOff,179,0.75,0.0866025403784438,12.0,12.0,144.0,100.0,44.0,0.3055555555555556,180.0,1.0,1.0,3.6,2.0,4.0,0.0,4.0,96.0,18.0,6.6,1.0,18.0,5.0,-1.3212981885116265e-15,0.0285980083204878,0.0285980083204892,0.0603073792140898,0.1104765839901533,0.1104765839901534,0.0,1.0,0.0,0.0,0.0,1.0,0.0,0.0,20.0,-1.0,0.0,2.0,-0.6,0.0,6.0,0.0,0.0,40.0,0.0,0.0,9.0,-1.0,0.0,2.0,0.0,0.0,40.0,0.0,0.0,41.0,0.0,0.0,20.0,-1.0,0.0,1.0,-0.172,0.2,0.0,0.3794944004856988,0.02,0.0,0.0,0.0,0.0,1.0
TopOff,180,0.8055555555555557,0.2239516041194041,12.0,12.0,144.0,100.0,44.0,0.3055555555555556,180.0,1.0,1.0,3.6,2.0,4.0,0.0,4.0,96.0,18.0,6.6,1.0,18.0,6.0,-1.3212981885116265e-15,0.0285980083204878,0.0285980083204892,0.0603073792140898,0.1104765839901533,0.1104765839901534,0.0,1.0,0.0,0.0,0.0,1.0,0.0,0.0,20.0,-1.0,0.0,2.0,-0.8333333333333334,0.0,4.0,0.0,0.0,40.0,0.0,0.0,9.0,-1.0,0.0,2.0,0.0,0.0,40.0,0.0,0.0,41.0,0.0,0.0,20.0,-1.0,0.0,1.0,-0.21,0.0,0.0,0.3969466798786289,0.0,0.0,0.0,0.0,0.0,1.0
TopOff,181,0.59375,0.3989732917126157,12.0,12.0,144.0,100.0,44.0,0.3055555555555556,180.0,1.0,1.0,3.6,2.0,4.0,0.0,4.0,96.0,18.0,6.6,1.0,18.0,8.0,-1.3212981885116265e-15,0.0285980083204878,0.0285980083204892,0.0603073792140898,0.1104765839901533,0.1104765839901534,0.0,1.0,0.0,0.0,0.0,1.0,0.0,0.0,20.0,-1.0,0.0,2.0,-0.875,0.0,4.0,0.0,0.0,40.0,0.0,0.0,9.0,-1.0,0.0,2.0,0.0,0.0,40.0,0.0,0.0,41.0,0.0,0.0,20.0,-1.0,0.0,1.0,-0.1775,0.125,0.0,0.38004111619665576,0.02,0.0,0.0,0.0,0.0,1.0
TopOff,182,0.3020833333333333,0.4283517748948352,12.0,12.0,144.0,100.0,44.0,0.3055555555555556,180.0,1.0,1.0,3.6,2.0,4.0,0.0,4.0,96.0,18.0,6.6,1.0,18.0,8.0,-1.3212981885116265e-15,0.0285980083204878,0.0285980083204892,0.0603073792140898,0.1104765839901533,0.1104765839901534,0.0,1.0,0.0,0.0,0.0,1.0,0.0,0.0,20.0,-1.0,0.0,2.0,1.0,0.0,16.0,0.0,0.0,40.0,0.0,0.0,9.0,-1.0,0.0,2.0,0.0,0.0,40.0,0.0,0.0,41.0,0.0,0.0,20.0,-1.0,0.0,1.0,-0.235,0.125,0.0,0.4305810028322197,0.04,0.0,0.0,1.0,1.0,1.0
TopOff,183,0.8194444444444443,0.1858206688924951,12.0,12.0,144.0,100.0,44.0,0.3055555555555556,180.0,1.0,1.0,3.6,2.0,4.0,0.0,4.0,96.0,18.0,6.6,1.0,18.0,6.0,-1.3212981885116265e-15,0.0285980083204878,0.0285980083204892,0.0603073792140898,0.1104765839901533,0.1104765839901534,0.0,1.0,0.0,0.0,0.0,1.0,0.0,0.0,20.0,-1.0,0.0,2.0,-0.8333333333333334,0.0,4.0,0.0,0.0,40.0,0.0,0.0,9.0,-1.0,0.0,2.0,0.0,0.0,40.0,0.0,0.0,41.0,0.0,0.0,20.0,-1.0,0.0,1.0,-0.19333333333333336,0.16666666666666666,0.0,0.39631637193871594,0.02,0.0,0.0,0.0,0.0,1.0
TopOff,184,0.7380952380952382,0.334182591609957,12.0,12.0,144.0,100.0,44.0,0.3055555555555556,180.0,1.0,1.0,3.6,2.0,4.0,0.0,4.0,96.0,18.0,6.6,1.0,18.0,7.0,-1.3212981885116265e-15,0.0285980083204878,0.0285980083204892,0.0603073792140898,0.1104765839901533,0.1104765839901534,0.0,1.0,0.0,0.0,0.0,1.0,0.0,0.0,20.0,-1.0,0.0,4.0,-1.0,0.0,2.0,0.0,0.0,40.0,0.0,0.0,9.0,-1.0,0.0,4.0,0.0,0.0,40.0,0.0,0.0,41.0,0.0,0.0,20.0,-1.0,0.0,1.0,-0.18,0.0,0.0,0.38418745424597095,0.0,0.0,0.0,0.0,0.0,1.0
TopOff,185,0.7916666666666666,0.2667968432263687,12.0,12.0,144.0,100.0,44.0,0.3055555555555556,180.0,1.0,1.0,3.6,2.0,4.0,0.0,4.0,96.0,18.0,6.6,1.0,18.0,4.0,-1.3212981885116265e-15,0.0285980083204878,0.0285980083204892,0.0603073792140898,0.1104765839901533,0.1104765839901534,0.0,1.0,0.0,0.0,0.0,1.0,0.0,0.0,20.0,-1.0,0.0,6.0,-1.0,0.0,2.0,0.0,0.0,40.0,0.0,0.0,9.0,-1.0,0.0,6.0,0.0,0.0,40.0,0.0,0.0,41.0,0.0,0.0,20.0,-1.0,0.0,1.0,-0.16,0.0,0.0,0.36660605559646714,0.0,0.0,0.0,0.0,0.0,1.0
TopOff,186,1.0,0.0,12.0,12.0,144.0,100.0,44.0,0.3055555555555556,180.0,1.0,1.0,3.6,2.0,4.0,0.0,4.0,96.0,18.0,6.6,1.0,18.0,2.0,-1.3212981885116265e-15,0.0285980083204878,0.0285980083204892,0.0603073792140898,0.1104765839901533,0.1104765839901534,0.0,1.0,0.0,0.0,0.0,1.0,0.0,0.0,20.0,-1.0,0.0,12.0,-1.0,0.0,2.0,0.0,0.0,40.0,0.0,0.0,9.0,-1.0,0.0,12.0,0.0,0.0,40.0,0.0,0.0,41.0,0.0,0.0,20.0,-1.0,0.0,1.0,-0.14,0.0,0.0,0.3469870314579494,0.0,0.0,0.0,0.0,0.0,1.0
TopOff,187,0.75,0.4330127018922193,12.0,12.0,144.0,100.0,44.0,0.3055555555555556,180.0,1.0,1.0,3.6,2.0,4.0,0.0,4.0,96.0,18.0,6.6,1.0,18.0,2.0,-1.3212981885116265e-15,0.0285980083204878,0.0285980083204892,0.0603073792140898,0.1104765839901533,0.1104765839901534,0.0,1.0,0.0,0.0,0.0,1.0,0.0,0.0,20.0,-1.0,0.0,10.0,-1.0,0.0,2.0,0.0,0.0,40.0,0.0,0.0,9.0,-1.0,0.0,10.0,0.0,0.0,40.0,0.0,0.0,41.0,0.0,0.0,20.0,-1.0,0.0,1.0,-0.17,0.5,0.0,0.3950949253027682,0.02,0.0,0.0,0.0,0.0,1.0
TopOff,188,0.875,0.2795084971874737,12.0,12.0,144.0,100.0,44.0,0.3055555555555556,180.0,1.0,1.0,3.6,2.0,4.0,0.0,4.0,96.0,18.0,6.6,1.0,18.0,4.0,-1.3212981885116265e-15,0.0285980083204878,0.0285980083204892,0.0603073792140898,0.1104765839901533,0.1104765839901534,0.0,1.0,0.0,0.0,0.0,1.0,0.0,0.0,20.0,-1.0,0.0,8.0,-1.0,0.0,2.0,0.0,0.0,40.0,0.0,0.0,9.0,-1.0,0.0,8.0,0.0,0.0,40.0,0.0,0.0,41.0,0.0,0.0,20.0,-1.0,0.0,1.0,-0.12,0.0,0.0,0.3249615361854384,0.0,0.0,0.0,0.0,0.0,1.0
TopOff,189,0.875,0.125,12.0,12.0,144.0,100.0,44.0,0.3055555555555556,180.0,1.0,1.0,3.6,2.0,4.0,0.0,4.0,96.0,18.0,6.6,1.0,18.0,4.0,-1.3212981885116265e-15,0.0285980083204878,0.0285980083204892,0.0603073792140898,0.1104765839901533,0.1104765839901534,0.0,1.0,0.0,0.0,0.0,1.0,0.0,0.0,20.0,-1.0,0.0,4.0,-1.0,0.0,2.0,0.0,0.0,40.0,0.0,0.0,9.0,-1.0,0.0,4.0,0.0,0.0,40.0,0.0,0.0,41.0,0.0,0.0,20.0,-1.0,0.0,1.0,-0.24,0.0,0.0,0.4270831300812525,0.0,0.0,0.0,0.0,0.0,0.75
TopOff,190,0.9027777777777778,0.1265337997103374,12.0,12.0,144.0,100.0,44.0,0.3055555555555556,180.0,1.0,1.0,3.6,2.0,4.0,0.0,4.0,96.0,18.0,6.6,1.0,18.0,6.0,-1.3212981885116265e-15,0.0285980083204878,0.0285980083204892,0.0603073792140898,0.1104765839901533,0.1104765839901534,0.0,1.0,0.0,0.0,0.0,1.0,0.0,0.0,20.0,-1.0,0.0,4.0,-1.0,0.0,2.0,0.0,0.0,40.0,0.0,0.0,9.0,-1.0,0.0,4.0,0.0,0.0,40.0,0.0,0.0,41.0,0.0,0.0,20.0,-1.0,0.0,1.0,-0.1,0.0,0.0,0.3,0.0,0.0,0.0,0.0,0.0,1.0
TopOff,191,0.7083333333333334,0.3397813839645852,12.0,12.0,144.0,100.0,44.0,0.3055555555555556,180.0,1.0,1.0,3.6,2.0,4.0,0.0,4.0,96.0,18.0,6.6,1.0,18.0,8.0,-1.3212981885116265e-15,0.0285980083204878,0.0285980083204892,0.0603073792140898,0.1104765839901533,0.1104765839901534,0.0,1.0,0.0,0.0,0.0,1.0,0.0,0.0,20.0,-1.0,0.0,2.0,-0.875,0.0,4.0,0.0,0.0,40.0,0.0,0.0,9.0,-1.0,0.0,2.0,0.0,0.0,40.0,0.0,0.0,41.0,0.0,0.0,20.0,-1.0,0.0,1.0,-0.14,0.0,0.0,0.3469870314579494,0.0,0.0,0.0,0.0,0.0,1.0
TopOff,192,0.65625,0.3923918375382784,12.0,12.0,144.0,100.0,44.0,0.3055555555555556,180.0,1.0,1.0,3.6,2.0,4.0,0.0,4.0,96.0,18.0,6.6,1.0,18.0,8.0,-1.3212981885116265e-15,0.0285980083204878,0.0285980083204892,0.0603073792140898,0.1104765839901533,0.1104765839901534,0.0,1.0,0.0,0.0,0.0,1.0,0.0,0.0,20.0,-1.0,0.0,2.0,-0.75,0.0,6.0,0.0,0.0,40.0,0.0,0.0,9.0,-1.0,0.0,2.0,0.0,0.0,40.0,0.0,0.0,41.0,0.0,0.0,20.0,-1.0,0.0,1.0,-0.14,0.0,0.0,0.3469870314579494,0.0,0.0,0.0,0.0,0.0,1.0
TopOff,193,0.8000000000000002,0.1632993161855452,12.0,12.0,144.0,100.0,44.0,0.3055555555555556,180.0,1.0,1.0,3.6,2.0,4.0,0.0,4.0,96.0,18.0,6.6,1.0,18.0,5.0,-1.3212981885116265e-15,0.0285980083204878,0.0285980083204892,0.0603073792140898,0.1104765839901533,0.1104765839901534,0.0,1.0,0.0,0.0,0.0,1.0,0.0,0.0,20.0,-1.0,0.0,2.0,-0.8,0.0,4.0,0.0,0.0,40.0,0.0,0.0,9.0,-1.0,0.0,2.0,0.0,0.0,40.0,0.0,0.0,41.0,0.0,0.0,20.0,-1.0,0.0,1.0,-0.18,0.0,0.0,0.38418745424597095,0.0,0.0,0.0,0.0,0.0,1.0
TopOff,194,0.761904761904762,0.2817180849095055,12.0,12.0,144.0,100.0,44.0,0.3055555555555556,180.0,1.0,1.0,3.6,2.0,4.0,0.0,4.0,96.0,18.0,6.6,1.0,18.0,7.0,-1.3212981885116265e-15,0.0285980083204878,0.0285980083204892,0.0603073792140898,0.1104765839901533,0.1104765839901534,0.0,1.0,0.0,0.0,0.0,1.0,0.0,0.0,20.0,-1.0,0.0,2.0,-0.8571428571428572,0.0,4.0,0.0,0.0,40.0,0.0,0.0,9.0,-1.0,0.0,2.0,0.0,0.0,40.0,0.0,0.0,41.0,0.0,0.0,20.0,-1.0,0.0,1.0,-0.1,0.0,0.0,0.3,0.0,0.0,0.0,0.0,0.0,1.0
TopOff,195,0.0833333333333333,0.2763853991962833,12.0,12.0,144.0,100.0,44.0,0.3055555555555556,180.0,1.0,1.0,3.6,2.0,4.0,0.0,4.0,96.0,18.0,6.6,1.0,18.0,1.0,-1.3212981885116265e-15,0.0285980083204878,0.0285980083204892,0.0603073792140898,0.1104765839901533,0.1104765839901534,0.0,1.0,0.0,0.0,0.0,1.0,0.0,0.0,20.0,-1.0,0.0,2.0,1.0,0.0,2.0,0.0,0.0,40.0,0.0,0.0,9.0,-1.0,0.0,2.0,0.0,0.0,40.0,0.0,0.0,41.0,0.0,0.0,20.0,-1.0,0.0,1.0,-0.2,1.0,0.0,0.4472135954999579,0.02,0.02,0.0,1.0,1.0,2.0
TopOff,196,0.75,0.4330127018922193,12.0,12.0,144.0,100.0,44.0,0.3055555555555556,180.0,1.0,1.0,3.6,2.0,4.0,0.0,4.0,96.0,18.0,6.6,1.0,18.0,1.0,-1.3212981885116265e-15,0.0285980083204878,0.0285980083204892,0.0603073792140898,0.1104765839901533,0.1104765839901534,0.0,1.0,0.0,0.0,0.0,1.0,0.0,0.0,20.0,-1.0,0.0,12.0,-1.0,0.0,2.0,0.0,0.0,40.0,0.0,0.0,9.0,-1.0,0.0,12.0,0.0,0.0,40.0,0.0,0.0,41.0,0.0,0.0,20.0,-1.0,0.0,1.0,-0.08,0.0,0.0,0.2712931993250107,0.0,0.0,0.0,0.0,0.0,1.0
TopOff,197,0.8500000000000001,0.0866025403784438,12.0,12.0,144.0,100.0,44.0,0.3055555555555556,180.0,1.0,1.0,3.6,2.0,4.0,0.0,4.0,96.0,18.0,6.6,1.0,18.0,5.0,-1.3212981885116265e-15,0.0285980083204878,0.0285980083204892,0.0603073792140898,0.1104765839901533,0.1104765839901534,0.0,1.0,0.0,0.0,0.0,1.0,0.0,0.0,20.0,-1.0,0.0,2.0,-0.8,0.0,4.0,0.0,0.0,40.0,0.0,0.0,9.0,-1.0,0.0,2.0,0.0,0.0,40.0,0.0,0.0,41.0,0.0,0.0,20.0,-1.0,0.0,1.0,-0.17200000000000004,0.2,0.0,0.37949440048569894,0.02,0.0,0.0,0.0,0.0,1.0
TopOff,198,0.5,0.5,12.0,12.0,144.0,100.0,44.0,0.3055555555555556,180.0,1.0,1.0,3.6,2.0,4.0,0.0,4.0,96.0,18.0,6.6,1.0,18.0,1.0,-1.3212981885116265e-15,0.0285980083204878,0.0285980083204892,0.0603073792140898,0.1104765839901533,0.1104765839901534,0.0,1.0,0.0,0.0,0.0,1.0,0.0,0.0,20.0,-1.0,0.0,8.0,-1.0,0.0,2.0,0.0,0.0,40.0,0.0,0.0,9.0,-1.0,0.0,8.0,0.0,0.0,40.0,0.0,0.0,41.0,0.0,0.0,20.0,-1.0,0.0,1.0,-0.22,0.0,0.0,0.4142463035441596,0.0,0.0,0.0,0.0,0.0,1.0
TopOff,199,0.9166666666666666,0.198373011903968,12.0,12.0,144.0,100.0,44.0,0.3055555555555556,180.0,1.0,1.0,3.6,2.0,4.0,0.0,4.0,96.0,18.0,6.6,1.0,18.0,3.0,-1.3212981885116265e-15,0.0285980083204878,0.0285980083204892,0.0603073792140898,0.1104765839901533,0.1104765839901534,0.0,1.0,0.0,0.0,0.0,1.0,0.0,0.0,20.0,-1.0,0.0,12.0,-1.0,0.0,2.0,0.0,0.0,40.0,0.0,0.0,9.0,-1.0,0.0,12.0,0.0,0.0,40.0,0.0,0.0,41.0,0.0,0.0,20.0,-1.0,0.0,1.0,-0.17333333333333337,0.3333333333333333,0.0,0.3900997023554078,0.02,0.0,0.0,0.0,0.0,1.0
